batch_id,chunk_id,CELEX,ontology
0,32019D0276_0,32019D0276,"{""ontology_name"": ""Migration_Flexibility_Instrument"", ""description"": ""Ontology for the Flexibility Instrument to address migration, refugee inflows, and security threats"", ""odrl_alignment"": {""core_entities"": [""Asset"", ""Party"", ""Permission"", ""Duty"", ""Constraint""], ""extensions"": [""LegalInstrument"", ""Regulation""]}, ""classes"": [{""name"": ""FlexibilityInstrument"", ""type"": ""ODRL_core"", ""description"": ""A Flexibility Instrument used to finance measures addressing migration, refugee inflows, and security threats""}], ""relationships"": [{""source"": ""FlexibilityInstrument"", ""relation"": ""appliesTo"", ""target"": ""MigrationMeasures""}], ""rights_model"": {""permissions"": [{""action"": ""use_flexibility_instrument"", ""asset"": ""MigrationMeasures"", ""party"": ""EuropeanParliamentAndCouncil"", ""constraints"": [{""name"": ""flexibility_ceiling"", ""value"": ""EUR 600 000 000 (2011 prices)""}]}], ""duties"": [{""action"": ""mobilise_flexibility_instrument"", ""party"": ""EuropeanParliamentAndCouncil"", ""constraints"": [{""name"": ""urgency"", ""value"": ""a matter of urgency""}]}]}, ""legal_patterns"": [{""pattern_name"": ""MobilisationOfFlexibilityInstrument"", ""description"": ""The European Parliament and Council mobilise the Flexibility Instrument to address migration, refugee inflows, and security threats"", ""entities_involved"": [""EuropeanParliamentAndCouncil"", ""MigrationMeasures""]}], ""example_instances"": [{""entity"": ""MigrationMeasures"", ""example_value"": ""THE EUROPEAN PARLIAMENT AND THE COUNCIL OF THE EUROPEAN UNION, Having regard to the proposal from the European Commission, Whereas, (1) The Flexibility Instrument is intended to allow the financing of clearly identified expenditure which could not be financed within the limits of the ceilings available for one or more other headings. (2) The ceiling on the annual amount available for the Flexibility Instrument is EUR 600 000 000 (2011 prices), as laid down in Article 11 of Council Regulation (EU, Euratom) No 1311/2013 (2) increased, where applicable, by lapsed amounts made available in accordance with the second subparagraph of paragraph 1 of that Article."", ""source_context"": ""THE EUROPEAN PARLIAMENT AND THE COUNCIL OF THE EUROPEAN UNION, Having regard to the proposal from the European Commission, Whereas, (1) The Flexibility Instrument is intended to allow the financing of clearly identified expenditure which could not be financed within the limits of the ceilings available for one or more other headings. (2) The ceiling on the annual amount available for the Flexibility Instrument is EUR 600 000 000 (2011 prices), as laid down in Article 11 of Council Regulation (EU, Euratom) No 1311/2013 (2) increased, where applicable, by lapsed amounts made available in accordance with the second subparagraph of paragraph 1 of that Article.""}]}"
0,32019D0276_1,32019D0276,"{""ontology_name"": ""EU_Financing_Decision_Ontology"", ""description"": ""An ontology for the EU Financing Decision related to the Flexibility Instrument for the Union's budget for 2019."", ""odrl_alignment"": {""core_entities"": [""Asset"", ""Party"", ""Permission"", ""Duty"", ""Constraint""], ""extensions"": [""LegalInstrument"", ""Regulation""]}, ""classes"": [{""name"": ""FlexibilityInstrument"", ""type"": ""ODRL_core"", ""description"": ""A financial instrument used to supplement the Union's budget for specific purposes.""}, {""name"": ""KeyProgramme"", ""type"": ""ODRL_core"", ""description"": ""A program that benefits from the Flexibility Instrument for the purpose of enhancing competitiveness.""}, {""name"": ""MigrationMeasures"", ""type"": ""ODRL_core"", ""description"": ""Measures related to migration, refugees, and security threats.""}], ""relationships"": [{""source"": ""FlexibilityInstrument"", ""relation"": ""appliesTo"", ""target"": ""KeyProgramme"", ""description"": ""The Flexibility Instrument is used to support key programs for the competitiveness of the EU.""}, {""source"": ""FlexibilityInstrument"", ""relation"": ""appliesTo"", ""target"": ""MigrationMeasures"", ""description"": ""The Flexibility Instrument is used to finance measures addressing migration, refugee inflows, and security threats.""}], ""rights_model"": {""permissions"": [{""action"": ""use_flexibility_instrument"", ""asset"": ""FlexibilityInstrument"", ""party"": ""Union"", ""constraints"": [{""name"": ""financial_year"", ""value"": ""2019""}, {""name"": ""amount"", ""value"": ""EUR 178,715,475""}]}, {""action"": ""use_flexibility_instrument"", ""asset"": ""FlexibilityInstrument"", ""party"": ""Union"", ""constraints"": [{""name"": ""financial_year"", ""value"": ""2020""}, {""name"": ""amount"", ""value"": ""EUR 257,223,207""}]}, {""action"": ""use_flexibility_instrument"", ""asset"": ""FlexibilityInstrument"", ""party"": ""Union"", ""constraints"": [{""name"": ""financial_year"", ""value"": ""2021""}, {""name"": ""amount"", ""value"": ""EUR 135,194,558""}]}, {""action"": ""use_flexibility_instrument"", ""asset"": ""FlexibilityInstrument"", ""party"": ""Union"", ""constraints"": [{""name"": ""financial_year"", ""value"": ""2022""}, {""name"": ""amount"", ""value"": ""EUR 140,942,662""}]}, {""action"": ""use_flexibility_instrument"", ""asset"": ""FlexibilityInstrument"", ""party"": ""Union"", ""constraints"": [{""name"": ""financial_year"", ""value"": ""2023""}, {""name"": ""amount"", ""value"": ""EUR 82,243,352""}]}], ""duties"": [{""action"": ""authorise_payment_appropriations"", ""party"": ""Union"", ""constraints"": [{""name"": ""financial_year"", ""value"": ""2019""}, {""name"": ""amount"", ""value"": ""EUR 548,740,834""}]}, {""action"": ""authorise_payment_appropriations"", ""party"": ""Union"", ""constraints"": [{""name"": ""financial_year"", ""value"": ""2020""}, {""name"": ""amount"", ""value"": ""EUR 257,223,207""}]}, {""action"": ""authorise_payment_appropriations"", ""party"": ""Union"", ""constraints"": [{""name"": ""financial_year"", ""value"": ""2021""}, {""name"": ""amount"", ""value"": ""EUR 135,194,558""}]}, {""action"": ""authorise_payment_appropriations"", ""party"": ""Union"", ""constraints"": [{""name"": ""financial_year"", ""value"": ""2022""}, {""name"": ""amount"", ""value"": ""EUR 140,942,662""}]}, {""action"": ""authorise_payment_appropriations"", ""party"": ""Union"", ""constraints"": [{""name"": ""financial_year"", ""value"": ""2023""}, {""name"": ""amount"", ""value"": ""EUR 82,243,352""}]}]}, ""legal_patterns"": [{""pattern_name"": ""FlexibilityInstrumentUsagePattern"", ""description"": ""The Flexibility Instrument is used to allocate funds to key programs and measures related to migration, refugees, and security threats."", ""entities_involved"": [""FlexibilityInstrument"", ""KeyProgramme"", ""MigrationMeasures""]}], ""example_instances"": [{""entity"": ""FlexibilityInstrument"", ""example_value"": ""EUR 178,715,475 in commitment appropriations in heading 1a (Competitiveness for growth and jobs) and EUR 985,629,138 in commitment appropriations in heading 3 (Security and Citizenship)."", ""source_context"": ""Article 1""}, {""entity"": ""MigrationMeasures"", ""example_value"": ""EUR 985,629,138 to finance measures in the field of migration, refugees and security."", ""source_context"": ""Article 1""}]}"
0,32019D0276_2,32019D0276,"{""ontology_name"": ""EU_Decision_Ontology"", ""description"": ""Legal rights, duties, and constraints related to EU Decision"", ""odrl_alignment"": {""core_entities"": [""Asset"", ""Party"", ""Permission"", ""Duty"", ""Constraint""], ""extensions"": [""LegalInstrument"", ""Regulation""]}, ""classes"": [{""name"": ""Decision"", ""type"": ""ODRL_core"", ""description"": ""A legal decision made by the European Union""}], ""relationships"": [{""source"": ""Decision"", ""relation"": ""appliesTo"", ""target"": ""LegalInstrument"", ""description"": ""A Decision applies to a related Legal Instrument""}], ""rights_model"": {""permissions"": [{""action"": ""calculate_import_duty"", ""asset"": ""Decision"", ""party"": ""TargetParty"", ""constraints"": [{""name"": ""effective_date"", ""value"": ""2018-12-12""}, {""name"": ""valid_period"", ""value"": ""2019-01-01""}]}], ""duties"": [{""action"": ""calculate_import_duty"", ""party"": ""ResponsibleParty"", ""constraints"": []}]}, ""legal_patterns"": [{""pattern_name"": ""Decision_ApplyTo_LegalInstrument"", ""description"": ""A Decision applies to a related Legal Instrument"", ""entities_involved"": [""Decision"", ""LegalInstrument""]}], ""example_instances"": [{""entity"": ""Decision"", ""example_value"": ""This Decision shall enter into force on the day of its publication in the Official Journal of the European Union. It shall apply from 1 January 2019."", ""source_context"": ""Article 2 This Decision shall enter into force on the day of its publication in the Official Journal of the European Union. It shall apply from 1 January 2019.""}]}"
0,32019D0277_0,32019D0277,"{""ontology_name"": ""EU_Solidarity_Fund_Ontology"", ""description"": ""An ontology for the mobilization of the European Union Solidarity Fund"", ""odrl_alignment"": {""core_entities"": [""Asset"", ""Party"", ""Permission"", ""Duty"", ""Constraint""], ""extensions"": [""LegalInstrument"", ""Regulation""]}, ""classes"": [{""name"": ""SolidarityFund"", ""type"": ""ODRL_core"", ""description"": ""Represents the European Union Solidarity Fund""}, {""name"": ""Decision"", ""type"": ""ODRL_core"", ""description"": ""Represents the Decision (EU) 2019/277""}], ""relationships"": [{""source"": ""Decision"", ""relation"": ""appliesTo"", ""target"": ""SolidarityFund"", ""description"": ""The Decision applies to the Solidarity Fund""}], ""rights_model"": {""permissions"": [{""action"": ""mobilise_fund"", ""asset"": ""SolidarityFund"", ""party"": ""EuropeanParliamentAndTheCouncil"", ""constraints"": [{""name"": ""amount"", ""value"": ""EUR 50 000 000""}, {""name"": ""timeframe"", ""value"": ""from the beginning of the 2019 financial year""}]}], ""duties"": [{""action"": ""apply_for_fund"", ""party"": ""EuropeanCommission"", ""constraints"": []}]}, ""legal_patterns"": [{""pattern_name"": ""FundMobilizationPattern"", ""description"": ""Pattern for mobilizing the European Union Solidarity Fund"", ""entities_involved"": [""SolidarityFund"", ""EuropeanParliamentAndTheCouncil"", ""EuropeanCommission""]}], ""example_instances"": [{""entity"": ""Decision"", ""example_value"": ""DECISION (EU) 2019/277"", ""source_context"": ""DECISION (EU) 2019/277 OF THE EUROPEAN PARLIAMENT AND OF THE COUNCIL of 12 December 2018 on the mobilisation of the European Union Solidarity Fund to provide for the payment of advances in the general budget of the Union for 2019""}]}"
0,32019D0277_1,32019D0277,"{""ontology_name"": ""EU_Solidarity_Fund_Decision_2019"", ""description"": ""Ontology for the European Union Solidarity Fund Decision 2019"", ""odrl_alignment"": {""core_entities"": [""Asset"", ""Party"", ""Permission"", ""Duty"", ""Constraint""], ""extensions"": [""LegalInstrument"", ""Regulation""]}, ""classes"": [{""name"": ""SolidarityFund"", ""type"": ""ODRL_core"", ""description"": ""Represents the European Union Solidarity Fund""}], ""relationships"": [{""source"": ""SolidarityFund"", ""relation"": ""appliesTo"", ""target"": ""2019_Financial_Year""}], ""rights_model"": {""permissions"": [{""action"": ""mobilise_fund"", ""asset"": ""SolidarityFund"", ""party"": ""European_Union"", ""constraints"": [{""name"": ""from"", ""value"": ""1_January_2019""}]}], ""duties"": [{""action"": ""apply_from"", ""party"": ""European_Union"", ""constraints"": [{""name"": ""from"", ""value"": ""1_January_2019""}]}]}, ""legal_patterns"": [{""pattern_name"": ""SolidarityFund_Mobilisation"", ""description"": ""The process of mobilising the Solidarity Fund for the 2019 financial year"", ""entities_involved"": [""SolidarityFund"", ""European_Union""]}], ""example_instances"": [{""entity"": ""SolidarityFund"", ""example_value"": ""For the general budget of the Union for the financial year 2019, the European Union Solidarity Fund shall be mobilised to provide the amount of EUR 50 000 000 in commitment and payment appropriations for the payment of advances."", ""source_context"": ""Article 1""}, {""entity"": ""2019_Financial_Year"", ""example_value"": ""This Decision shall enter into force on the day following that of its publication in the Official Journal of the European Union. It shall apply from 1 January 2019."", ""source_context"": ""Article 2""}]}"
1,32019D0275_0,32019D0275,"{""ontology_name"": ""EGF_Mobilization_Ontology"", ""description"": ""Ontology for the mobilization of the European Globalisation Adjustment Fund (EGF) following an application from Greece"", ""odrl_alignment"": {""core_entities"": [""Asset"", ""Party"", ""Permission"", ""Duty"", ""Constraint""], ""extensions"": [""LegalInstrument"", ""Regulation""]}, ""classes"": [{""name"": ""EGF_Mobilization"", ""type"": ""ODRL_core"", ""description"": ""Represents the mobilization of the EGF following an application from Greece""}], ""relationships"": [{""source"": ""EGF_Mobilization"", ""relation"": ""appliesTo"", ""target"": ""EGF"", ""description"": ""EGF Mobilization applies to the EGF""}], ""rights_model"": {""permissions"": [{""action"": ""use_egf_funds"", ""asset"": ""EGF"", ""party"": ""EuropeanParliamentAndCouncil"", ""constraints"": [{""name"": ""amount_limit"", ""value"": ""EUR 150 million (2011 prices)""}]}], ""duties"": [{""action"": ""review_application"", ""party"": ""EuropeanCommission"", ""constraints"": []}]}, ""legal_patterns"": [{""pattern_name"": ""EGF_Application_Process"", ""description"": ""The process of applying for and mobilizing the EGF following the submission of an application from Greece"", ""entities_involved"": [""EuropeanParliamentAndCouncil"", ""EuropeanCommission"", ""Greece""]}], ""example_instances"": [{""entity"": ""EGF_Mobilization"", ""example_value"": ""DECISION (EU) 2019/275 OF THE EUROPEAN PARLIAMENT AND OF THE COUNCIL of 11 December 2018 on the mobilisation of the European Globalisation Adjustment Fund following an application from Greece"", ""source_context"": ""THE EUROPEAN PARLIAMENT AND THE COUNCIL OF THE EUROPEAN UNION, Having regard to the Treaty on the Functioning of the European Union, Having regard to Regulation (EU) No 1309/2013 of the European Parliament and of the Council of 17 December 2013 on the European Globalisation Adjustment Fund (2014-2020) and repealing Regulation (EC) No 1927/2006 (1), and in particular Article 15(4) thereof, Having regard to the Interinstitutional Agreement of 2 December 2013 between the European Parliament, the Council and the Commission on budgetary discipline, on cooperation in budgetary matters and on sound financial management (2), and in particular point 13 thereof, Having regard to the proposal from the European Commission, Whereas:""}]}"
1,32019D0275_1,32019D0275,"{""ontology_name"": ""EGF_Mobilization_Ontology"", ""description"": ""An ontology for the mobilization of the European Globalization Adjustment Fund (EGF) as per Regulation (EU) No 1309/2013."", ""odrl_alignment"": {""core_entities"": [""Asset"", ""Party"", ""Permission"", ""Duty"", ""Constraint""], ""extensions"": [""LegalInstrument"", ""Regulation""]}, ""classes"": [{""name"": ""EGF_Mobilization"", ""type"": ""ODRL_core"", ""description"": ""A mobilization of the European Globalization Adjustment Fund (EGF) as per Regulation (EU) No 1309/2013.""}], ""relationships"": [{""source"": ""EGF_Mobilization"", ""relation"": ""appliesTo"", ""target"": ""Article_1"", ""description"": ""EGF_Mobilization applies to the mobilization of the EGF as per Article 1 of the Decision.""}, {""source"": ""EGF_Mobilization"", ""relation"": ""appliesTo"", ""target"": ""Article_2"", ""description"": ""EGF_Mobilization applies to the application of the Decision as per Article 2 of the Decision.""}], ""rights_model"": {""permissions"": [{""action"": ""calculate_financial_contribution"", ""asset"": ""EGF_Mobilization"", ""party"": ""Greece"", ""constraints"": [{""name"": ""date_of_adoption"", ""value"": ""11 December 2018""}]}, {""action"": ""apply_for_mobilization"", ""asset"": ""EGF_Mobilization"", ""party"": ""European_Union"", ""constraints"": [{""name"": ""date_of_adoption"", ""value"": ""11 December 2018""}, {""name"": ""publication_date"", ""value"": ""publication in the Official Journal of the European Union""}]}], ""duties"": [{""action"": ""mobilize_EGF"", ""party"": ""European_Union"", ""constraints"": [{""name"": ""date_of_mobilization"", ""value"": ""11 December 2018""}]}]}, ""legal_patterns"": [{""pattern_name"": ""EGF_Mobilization_Process"", ""description"": ""The process of mobilizing the EGF as per Article 1 and Article 2 of the Decision."", ""entities_involved"": [""EGF_Mobilization"", ""Article_1"", ""Article_2""]}], ""example_instances"": [{""entity"": ""EGF_Mobilization"", ""example_value"": ""Article 1 of the Decision"", ""source_context"": ""Article 1: For the general budget of the Union for the financial year 2018, the European Globalization Adjustment Fund shall be mobilised to provide the amount of EUR 2 308 500 in commitment and payment appropriations.""}, {""entity"": ""EGF_Mobilization"", ""example_value"": ""Article 2 of the Decision"", ""source_context"": ""Article 2: This Decision shall enter into force on the day of its publication in the Official Journal of the European Union. It shall apply from 11 December 2018.""}]}"
1,32018D1859_0,32018D1859,"{""ontology_name"": ""EU_Solidarity_Fund_Ontology"", ""description"": ""Ontology for the mobilization of the European Union Solidarity Fund"", ""odrl_alignment"": {""core_entities"": [""Asset"", ""Party"", ""Permission"", ""Duty"", ""Constraint""], ""extensions"": [""LegalInstrument"", ""Regulation""]}, ""classes"": [{""name"": ""Decision"", ""type"": ""ODRL_core"", ""description"": ""A decision made by the European Parliament and Council""}, {""name"": ""Application"", ""type"": ""ODRL_core"", ""description"": ""An application submitted by a region for the mobilization of the Solidarity Fund""}, {""name"": ""FinancialContribution"", ""type"": ""ODRL_core"", ""description"": ""A financial contribution provided by the Solidarity Fund to a region""}], ""relationships"": [{""source"": ""Decision"", ""relation"": ""appliesTo"", ""target"": ""Application"", ""description"": ""A decision applies to an application for mobilizing the Solidarity Fund""}, {""source"": ""Decision"", ""relation"": ""appliesTo"", ""target"": ""FinancialContribution"", ""description"": ""A decision applies to a financial contribution provided by the Solidarity Fund""}], ""rights_model"": {""permissions"": [{""action"": ""mobilize_fund"", ""asset"": ""Solidarity_Fund"", ""party"": ""European_Parliament_and_Council"", ""constraints"": [{""name"": ""maximum_amount"", ""value"": ""EUR 500 000 000 (2011 prices)""}]}, {""action"": ""provide_financial_contribution"", ""asset"": ""Solidarity_Fund"", ""party"": ""European_Parliament_and_Council"", ""constraints"": [{""name"": ""application_conditions"", ""value"": ""long-lasting period of intense rainfalls during summer and autumn 2017 leading to the saturation of soils and subsequent flooding""}]}], ""duties"": [{""action"": ""provide_financial_contribution"", ""party"": ""European_Parliament_and_Council"", ""constraints"": [{""name"": ""application_conditions"", ""value"": ""long-lasting period of intense rainfalls during summer and autumn 2017 leading to the saturation of soils and subsequent flooding""}]}]}, ""legal_patterns"": [{""pattern_name"": ""Solidarity_Fund_Mobilization"", ""description"": ""The process of mobilizing the Solidarity Fund to provide financial contributions to regions"", ""entities_involved"": [""European_Parliament_and_Council"", ""Latvia"", ""Solidarity_Fund""]}], ""example_instances"": [{""entity"": ""Decision"", ""example_value"": ""DECISION (EU) 2018/1859 OF THE EUROPEAN PARLIAMENT AND OF THE COUNCIL of 14 November 2018 on the mobilisation of the European Union Solidarity Fund to provide assistance to Latvia"", ""source_context"": ""EUR-Lex text: 28.11.2018 EN Official Journal of the European Union LI 302/1 DECISION (EU) 2018/1859 OF THE EUROPEAN PARLIAMENT AND OF THE COUNCIL of 14 November 2018 on the mobilisation of the European Union Solidarity Fund to provide assistance to Latvia""}]}"
1,32018D1859_1,32018D1859,"{""ontology_name"": ""EU_Solidarity_Fund_Mobilization"", ""description"": ""Legal framework for the mobilization of the European Union Solidarity Fund"", ""odrl_alignment"": {""core_entities"": [""Asset"", ""Party"", ""Permission"", ""Duty"", ""Constraint""], ""extensions"": [""LegalInstrument"", ""Regulation""]}, ""classes"": [{""name"": ""SolidarityFund"", ""type"": ""ODRL_core"", ""description"": ""The European Union Solidarity Fund""}, {""name"": ""Appropriation"", ""type"": ""ODRL_core"", ""description"": ""Commitment and payment appropriations for the Solidarity Fund""}, {""name"": ""Party"", ""type"": ""ODRL_core"", ""description"": ""Parties involved in the Solidarity Fund mobilization""}], ""relationships"": [{""source"": ""SolidarityFund"", ""relation"": ""appliesTo"", ""target"": ""Appropriation"", ""description"": ""The Solidarity Fund applies to the appropriations for its use""}], ""rights_model"": {""permissions"": [{""action"": ""use_solidarity_fund"", ""asset"": ""SolidarityFund"", ""party"": ""EuropeanParliament"", ""constraints"": [{""name"": ""time"", ""value"": ""14 November 2018""}]}, {""action"": ""use_solidarity_fund"", ""asset"": ""SolidarityFund"", ""party"": ""Council"", ""constraints"": [{""name"": ""time"", ""value"": ""14 November 2018""}]}], ""duties"": [{""action"": ""reduce_appropriations"", ""party"": ""EuropeanParliament"", ""constraints"": [{""name"": ""amount"", ""value"": ""EUR 17,730,519""}]}, {""action"": ""reduce_appropriations"", ""party"": ""Council"", ""constraints"": [{""name"": ""amount"", ""value"": ""EUR 17,730,519""}]}]}, ""legal_patterns"": [{""pattern_name"": ""SolidarityFundMobilization"", ""description"": ""The process of mobilizing the Solidarity Fund and its use"", ""entities_involved"": [""SolidarityFund"", ""EuropeanParliament"", ""Council""]}], ""example_instances"": [{""entity"": ""SolidarityFund"", ""example_value"": ""Article 1 of Decision (EU) 2018/508"", ""source_context"": ""For the general budget of the Union for the financial year 2018, the European Union Solidarity Fund shall be mobilised to provide the amount of EUR 17 730 519 to Latvia, in commitment and payment appropriations.""}, {""entity"": ""Appropriation"", ""example_value"": ""Article 1 of Decision (EU) 2018/508"", ""source_context"": ""The amount of the mobilisation referred to in the first paragraph shall be financed from the appropriations mobilised for the payment of advances in the Union budget for the financial year 2018. The appropriations available for the payment of advances shall be reduced accordingly.""}]}"
1,32018D1859_2,32018D1859,"{""ontology_name"": ""EU_Solidarity_Fund_2018"", ""description"": ""Ontology for the EU Solidarity Fund for 2018 payments"", ""odrl_alignment"": {""core_entities"": [""Asset"", ""Party"", ""Permission"", ""Duty"", ""Constraint""], ""extensions"": [""LegalInstrument"", ""Regulation""]}, ""classes"": [{""name"": ""SolidarityFundPayment"", ""type"": ""ODRL_core"", ""description"": ""A payment made from the European Union Solidarity Fund for the 2018 budget""}], ""relationships"": [{""source"": ""SolidarityFundPayment"", ""relation"": ""appliesTo"", ""target"": ""EU_Solidarity_Fund""}], ""rights_model"": {""permissions"": [{""action"": ""use_solidarity_fund_payment"", ""asset"": ""EU_Solidarity_Fund"", ""party"": ""EU"", ""constraints"": [{""name"": ""valid_until"", ""value"": ""2018-12-31""}]}], ""duties"": [{""action"": ""make_solidarity_fund_payment"", ""party"": ""EU"", ""constraints"": [{""name"": ""amount"", ""value"": ""10000000""}]}]}, ""legal_patterns"": [{""pattern_name"": ""SolidarityFundPayment"", ""description"": ""Payment from the Solidarity Fund for the 2018 budget"", ""entities_involved"": [""EU_Solidarity_Fund"", ""EU""]}], ""example_instances"": [{""entity"": ""SolidarityFundPayment"", ""example_value"": ""e mobilisation of the European Union Solidarity Fund to provide for the payment of advances in the general budget of the Union for 2018 (OJ L 83, 27.3.2018, p. 13)."", ""source_context"": ""e mobilisation of the European Union Solidarity Fund to provide for the payment of advances in the general budget of the Union for 2018 (OJ L 83, 27.3.2018, p. 13).""}]}"
2,32018D1720_0,32018D1720,"{""ontology_name"": ""EGF_Mobilization_Ontology"", ""description"": ""An ontology for the mobilization of the European Globalisation Adjustment Fund (EGF) following an application from Portugal."", ""odrl_alignment"": {""core_entities"": [""Asset"", ""Party"", ""Permission"", ""Duty"", ""Constraint""], ""extensions"": [""LegalInstrument"", ""Regulation""]}, ""classes"": [{""name"": ""EGF_Mobilization"", ""type"": ""ODRL_core"", ""description"": ""A mobilization of the European Globalisation Adjustment Fund (EGF) following an application from Portugal.""}], ""relationships"": [{""source"": ""EGF_Mobilization"", ""relation"": ""appliesTo"", ""target"": ""Portugal"", ""description"": ""The EGF Mobilization applies to Portugal.""}], ""rights_model"": {""permissions"": [{""action"": ""calculate_import_duty"", ""asset"": ""Portugal"", ""party"": ""EuropeanParliamentAndCouncil"", ""constraints"": [{""name"": ""max_amount"", ""value"": ""EUR 150 million (2011 prices)""}]}], ""duties"": [{""action"": ""provide_support"", ""party"": ""EuropeanParliamentAndCouncil"", ""constraints"": []}]}, ""legal_patterns"": [{""pattern_name"": ""EGF_Application_Process"", ""description"": ""The process of Portugal applying for and receiving mobilization of the EGF."", ""entities_involved"": [""Portugal"", ""EuropeanParliamentAndCouncil""]}], ""example_instances"": [{""entity"": ""EGF_Mobilization"", ""example_value"": ""DECISION (EU) 2018/1720 OF THE EUROPEAN PARLIAMENT AND OF THE COUNCIL of 23 October 2018"", ""source_context"": ""THE EUROPEAN PARLIAMENT AND THE COUNCIL OF THE EUROPEAN UNION, Having regard to the Treaty on the Functioning of the European Union, Having regard to Regulation (EU) No 1309/2013 of the European Parliament and of the Council of 17 December 2013 on the European Globalisation Adjustment Fund (2014-2020) and repealing Regulation (EC) No 1927/2006 (1), and in particular Article 15(4) thereof, Having regard to the Interinstitutional Agreement of 2 December 2013 between the European Parliament, the Council and the Commission on budgetary discipline, on cooperation in budgetary matters and on sound financial management (2), and in particular point 13 thereof, Having regard to the proposal from the European Commission, Whereas:""}]}"
2,32018D1720_1,32018D1720,"{""ontology_name"": ""EGF_Mobilisation_Decision_Ontology"", ""description"": ""An ontology for the EGF mobilisation decision and related obligations"", ""odrl_alignment"": {""core_entities"": [""Asset"", ""Party"", ""Permission"", ""Duty"", ""Constraint""], ""extensions"": [""LegalInstrument"", ""Regulation""]}, ""classes"": [{""name"": ""EGF_Mobilisation_Decision"", ""type"": ""ODRL_core"", ""description"": ""A decision to mobilise the EGF for a specific amount and application""}], ""relationships"": [{""source"": ""EGF_Mobilisation_Decision"", ""relation"": ""appliesTo"", ""target"": ""Article_1"", ""description"": ""The EGF Mobilisation Decision applies to the mobilisation of the EGF as per Article 1""}, {""source"": ""EGF_Mobilisation_Decision"", ""relation"": ""appliesTo"", ""target"": ""Article_2"", ""description"": ""The EGF Mobilisation Decision applies to the effective date as per Article 2""}], ""rights_model"": {""permissions"": [{""action"": ""calculate_financial_contribution"", ""asset"": ""EGF_Mobilisation_Decision"", ""party"": ""Portugal"", ""constraints"": [{""name"": ""effective_date"", ""value"": ""23 October 2018""}]}], ""duties"": [{""action"": ""provide_financial_contribution"", ""party"": ""European_Globalisation_Adjustment_Fund"", ""constraints"": [{""name"": ""amount"", ""value"": ""EUR 4 655 883""}]}]}, ""legal_patterns"": [{""pattern_name"": ""EGF_Mobilisation_Pattern"", ""description"": ""The process of mobilising the EGF for a specific application and amount"", ""entities_involved"": [""EGF_Mobilisation_Decision"", ""Portugal"", ""European_Globalisation_Adjustment_Fund""]}], ""example_instances"": [{""entity"": ""EGF_Mobilisation_Decision"", ""example_value"": ""Article 1 of the decision"", ""source_context"": ""Article 1: For the general budget of the Union for the financial year 2018, the European Globalisation Adjustment Fund shall be mobilised to provide the amount of EUR 4 655 883 in commitment and payment appropriations.""}, {""entity"": ""EGF_Mobilisation_Decision"", ""example_value"": ""Article 2 of the decision"", ""source_context"": ""Article 2: This Decision shall enter into force on the day of its publication in the Official Journal of the European Union. It shall apply from 23 October 2018.""}]}"
2,32018D1675_0,32018D1675,"{""ontology_name"": ""EGF_Mobilization_Ontology"", ""description"": ""An ontology for the mobilization of the European Globalisation Adjustment Fund (EGF) following an application from the Netherlands."", ""odrl_alignment"": {""core_entities"": [""Asset"", ""Party"", ""Permission"", ""Duty"", ""Constraint""], ""extensions"": [""LegalInstrument"", ""Regulation""]}, ""classes"": [{""name"": ""EGF_Mobilization"", ""type"": ""ODRL_core"", ""description"": ""A mobilization of the European Globalisation Adjustment Fund (EGF) following an application from the Netherlands.""}], ""relationships"": [{""source"": ""EGF_Mobilization"", ""relation"": ""appliesTo"", ""target"": ""Financial_service_activities"", ""description"": ""The EGF mobilization applies to financial service activities.""}], ""rights_model"": {""permissions"": [{""action"": ""calculate_import_duty"", ""asset"": ""EGF_Mobilization"", ""party"": ""Netherlands"", ""constraints"": [{""name"": ""spatial"", ""value"": ""Friesland, Drenthe and Overijssel in the Netherlands""}]}], ""duties"": [{""action"": ""calculate_export_duty"", ""party"": ""Netherlands"", ""constraints"": []}]}, ""legal_patterns"": [{""pattern_name"": ""EGF_Mobilization_Pattern"", ""description"": ""The mobilization of the EGF following an application from the Netherlands."", ""entities_involved"": [""EGF_Mobilization"", ""Netherlands"", ""Financial_service_activities""]}], ""example_instances"": [{""entity"": ""EGF_Mobilization"", ""example_value"": ""DECISION (EU) 2018/1675 OF THE EUROPEAN PARLIAMENT AND OF THE COUNCIL of 2 October 2018 on the mobilisation of the European Globalisation Adjustment Fund following an application from the Netherlands"", ""source_context"": ""DECISION (EU) 2018/1675 OF THE EUROPEAN PARLIAMENT AND OF THE COUNCIL of 2 October 2018 on the mobilisation of the European Globalisation Adjustment Fund following an application from the Netherlands  EGF/2018/001 NL/Financial service activities""}]}"
2,32018D1675_1,32018D1675,"{""ontology_name"": ""EGF_Mobilization_Ontology"", ""description"": ""An ontology for the mobilization of the European Globalisation Adjustment Fund (EGF) as per Regulation (EU) No 1309/2013."", ""odrl_alignment"": {""core_entities"": [""Asset"", ""Party"", ""Permission"", ""Duty"", ""Constraint""], ""extensions"": [""LegalInstrument"", ""Regulation""]}, ""classes"": [{""name"": ""EGF_Mobilization"", ""type"": ""ODRL_core"", ""description"": ""A mobilization of the European Globalisation Adjustment Fund (EGF) as per Regulation (EU) No 1309/2013.""}], ""relationships"": [{""source"": ""EGF_Mobilization"", ""relation"": ""appliesTo"", ""target"": ""Article_2"", ""description"": ""The mobilization applies from the date of its publication in the Official Journal of the European Union.""}], ""rights_model"": {""permissions"": [{""action"": ""calculate_egf_amount"", ""asset"": ""EGF_Mobilization"", ""party"": ""Netherlands"", ""constraints"": [{""name"": ""date_of_adoption"", ""value"": ""2018-10-02""}, {""name"": ""date_of_publication"", ""value"": ""Publication in the Official Journal of the European Union""}, {""name"": ""applicability_date"", ""value"": ""2018-10-02""}]}], ""duties"": [{""action"": ""mobilize_egf"", ""party"": ""European_Globalisation_Adjustment_Fund"", ""constraints"": []}]}, ""legal_patterns"": [{""pattern_name"": ""EGF_Mobilization_Pattern"", ""description"": ""The mobilization of the EGF as per Regulation (EU) No 1309/2013."", ""entities_involved"": [""EGF_Mobilization"", ""Netherlands"", ""European_Globalisation_Adjustment_Fund""]}], ""example_instances"": [{""entity"": ""EGF_Mobilization"", ""example_value"": ""Article 1 For the general budget of the Union for the financial year 2018, the European Globalisation Adjustment Fund shall be mobilised to provide the amount of EUR 1 192 500 in commitment and payment appropriations."", ""source_context"": ""Article 1 For the general budget of the Union for the financial year 2018, the European Globalisation Adjustment Fund shall be mobilised to provide the amount of EUR 1 192 500 in commitment and payment appropriations.""}]}"
2,32018D1505_0,32018D1505,"{""ontology_name"": ""EU_Solidarity_Fund_Ontology"", ""description"": ""An ontology for the mobilization of the European Union Solidarity Fund (EU-SF) as per Decision (EU) 2018/1505"", ""odrl_alignment"": {""core_entities"": [""Asset"", ""Party"", ""Permission"", ""Duty"", ""Constraint""], ""extensions"": [""LegalInstrument"", ""Regulation""]}, ""classes"": [{""name"": ""SolidarityFundApplication"", ""type"": ""ODRL_core"", ""description"": ""An application submitted to mobilize the European Union Solidarity Fund""}, {""name"": ""SolidarityFundMobilization"", ""type"": ""ODRL_core"", ""description"": ""The act of mobilizing the European Union Solidarity Fund""}], ""relationships"": [{""source"": ""SolidarityFundApplication"", ""relation"": ""appliesTo"", ""target"": ""SolidarityFundMobilization"", ""description"": ""An application leads to the mobilization of the Solidarity Fund""}], ""rights_model"": {""permissions"": [{""action"": ""calculate_import_duty"", ""asset"": ""SolidarityFund"", ""party"": ""Bulgaria"", ""constraints"": [{""name"": ""spatial"", ""value"": ""Bulgaria""}]}, {""action"": ""calculate_export_duty"", ""asset"": ""SolidarityFund"", ""party"": ""Greece"", ""constraints"": [{""name"": ""spatial"", ""value"": ""Greece""}]}, {""action"": ""calculate_import_duty"", ""asset"": ""SolidarityFund"", ""party"": ""Lithuania"", ""constraints"": [{""name"": ""spatial"", ""value"": ""Lithuania""}]}, {""action"": ""calculate_import_duty"", ""asset"": ""SolidarityFund"", ""party"": ""Poland"", ""constraints"": [{""name"": ""spatial"", ""value"": ""Poland""}]}], ""duties"": [{""action"": ""calculate_export_duty"", ""party"": ""Bulgaria"", ""constraints"": []}, {""action"": ""calculate_export_duty"", ""party"": ""Greece"", ""constraints"": []}, {""action"": ""calculate_export_duty"", ""party"": ""Lithuania"", ""constraints"": []}, {""action"": ""calculate_export_duty"", ""party"": ""Poland"", ""constraints"": []}]}, ""legal_patterns"": [{""pattern_name"": ""SolidarityFundApplicationAndMobilization"", ""description"": ""An application leads to the mobilization of the Solidarity Fund"", ""entities_involved"": [""SolidarityFundApplication"", ""SolidarityFundMobilization""]}], ""example_instances"": [{""entity"": ""SolidarityFundApplication"", ""example_value"": ""Decision (EU) 2018/1505"", ""source_context"": ""THE EUROPEAN PARLIAMENT AND THE COUNCIL OF THE EUROPEAN UNION, Having regard to the proposal from the European Commission, Whereas:""}]}"
3,32018D1505_1,32018D1505,"{""ontology_name"": ""EU_Solidarity_Fund_Mobilization"", ""description"": ""Ontology for the mobilization of the European Union Solidarity Fund based on the provided text."", ""odrl_alignment"": {""core_entities"": [""Asset"", ""Party"", ""Permission"", ""Duty"", ""Constraint""], ""extensions"": [""LegalInstrument"", ""Regulation""]}, ""classes"": [{""name"": ""SolidarityFund"", ""type"": ""ODRL_core"", ""description"": ""The European Union Solidarity Fund, which can be committed and paid for by member states.""}, {""name"": ""Application"", ""type"": ""ODRL_core"", ""description"": ""An application to mobilize the Solidarity Fund made by a member state.""}, {""name"": ""Decision"", ""type"": ""ODRL_core"", ""description"": ""A decision to mobilize the Solidarity Fund based on applications.""}], ""relationships"": [{""source"": ""SolidarityFund"", ""relation"": ""appliesTo"", ""target"": ""Decision"", ""description"": ""The Solidarity Fund is applied to by the Decision to mobilize it.""}, {""source"": ""Decision"", ""relation"": ""appliesTo"", ""target"": ""Application"", ""description"": ""The Decision applies to the Application to mobilize the Solidarity Fund.""}], ""rights_model"": {""permissions"": [{""action"": ""mobilize_fund"", ""asset"": ""SolidarityFund"", ""party"": ""MemberState"", ""constraints"": [{""name"": ""effective_date"", ""value"": ""12 September 2018""}]}], ""duties"": [{""action"": ""commit_and_pay"", ""party"": ""MemberState"", ""constraints"": [{""name"": ""amount"", ""value"": ""EUR 2 258 225 to Bulgaria, EUR 2 535 796 to Greece, EUR 16 918 941 to Lithuania and EUR 12 279 244 to Poland""}]}]}, ""legal_patterns"": [{""pattern_name"": ""SolidarityFundMobilization"", ""description"": ""The process of mobilizing the Solidarity Fund based on applications from member states."", ""entities_involved"": [""SolidarityFund"", ""MemberState"", ""Decision""]}], ""example_instances"": [{""entity"": ""Decision"", ""example_value"": ""Decision (EU) 2018/1234"", ""source_context"": ""Article 1: For the general budget of the Union for the financial year 2018, the European Union Solidarity Fund shall be mobilised to provide the amount of EUR 2 258 225 to Bulgaria, EUR 2 535 796 to Greece, EUR 16 918 941 to Lithuania and EUR 12 279 244 to Poland, in commitment and payment appropriations.""}]}"
3,32018D1093_0,32018D1093,"{""ontology_name"": ""EGF_Mobilization_Ontology"", ""description"": ""An ontology for the mobilization of the European Globalisation Adjustment Fund (EGF)"", ""odrl_alignment"": {""core_entities"": [""Asset"", ""Party"", ""Permission"", ""Duty"", ""Constraint""], ""extensions"": [""LegalInstrument"", ""Regulation""]}, ""classes"": [{""name"": ""EGF_Mobilization"", ""type"": ""ODRL_core"", ""description"": ""A mobilization of the European Globalisation Adjustment Fund (EGF)""}], ""relationships"": [{""source"": ""EGF_Mobilization"", ""relation"": ""appliesTo"", ""target"": ""Air_France"", ""description"": ""The EGF mobilization applies to Air France""}], ""rights_model"": {""permissions"": [{""action"": ""calculate_import_duty"", ""asset"": ""Air_France"", ""party"": ""France"", ""constraints"": [{""name"": ""max_amount"", ""value"": ""EUR 150 million (2011 prices)""}]}], ""duties"": [{""action"": ""provide_support"", ""party"": ""European_Parliament"", ""constraints"": []}]}, ""legal_patterns"": [{""pattern_name"": ""EGF_Application_Process"", ""description"": ""The process of applying for and mobilizing the EGF"", ""entities_involved"": [""European_Parliament"", ""Council"", ""France"", ""Air_France""]}], ""example_instances"": [{""entity"": ""EGF_Mobilization"", ""example_value"": ""DECISION (EU) 2018/1093 OF THE EUROPEAN PARLIAMENT AND OF THE COUNCIL of 4 July 2018 on the mobilisation of the European Globalisation Adjustment Fund following an application from France"", ""source_context"": ""THE EUROPEAN PARLIAMENT AND THE COUNCIL OF THE EUROPEAN UNION, Having regard to the proposal from the European Commission, Whereas:""}]}"
3,32018D1093_1,32018D1093,"{""ontology_name"": ""EGF_Mobilization_Ontology"", ""description"": ""An ontology for the mobilization of the European Globalisation Adjustment Fund (EGF) as per Regulation (EU) No 1309/2013."", ""odrl_alignment"": {""core_entities"": [""Asset"", ""Party"", ""Permission"", ""Duty"", ""Constraint""], ""extensions"": [""LegalInstrument"", ""Regulation""]}, ""classes"": [{""name"": ""EGF_Mobilization"", ""type"": ""ODRL_core"", ""description"": ""A mobilization of the European Globalisation Adjustment Fund (EGF) as per Regulation (EU) No 1309/2013.""}], ""relationships"": [{""source"": ""EGF_Mobilization"", ""relation"": ""appliesTo"", ""target"": ""France"", ""description"": ""France is the party that submitted the application for the EGF mobilization.""}], ""rights_model"": {""permissions"": [{""action"": ""apply_for_egf"", ""asset"": ""EGF_Mobilization"", ""party"": ""France"", ""constraints"": [{""name"": ""date_of_adoption"", ""value"": ""4 July 2018""}, {""name"": ""application_date"", ""value"": ""4 July 2018""}]}], ""duties"": [{""action"": ""mobilize_egf"", ""party"": ""European_Union"", ""constraints"": [{""name"": ""application_date"", ""value"": ""4 July 2018""}, {""name"": ""application_amount"", ""value"": ""EUR 9 894 483""}, {""name"": ""application_year"", ""value"": ""2018""}]}]}, ""legal_patterns"": [{""pattern_name"": ""EGF_Application_Mobilization"", ""description"": ""The process of applying for and mobilizing the EGF as per Regulation (EU) No 1309/2013."", ""entities_involved"": [""France"", ""European_Union""]}], ""example_instances"": [{""entity"": ""France"", ""example_value"": ""France submitted an application for the EGF mobilization."", ""source_context"": ""(4) The EGF should, therefore, be mobilised in order to provide a financial contribution of EUR 9 894 483 in respect of the application submitted by France.""}, {""entity"": ""European_Union"", ""example_value"": ""The European Union mobilized the EGF to provide the amount of EUR 9 894 483 in commitment and payment appropriations."", ""source_context"": ""Article 1 For the general budget of the Union for the financial year 2018, the European Globalisation Adjustment Fund shall be mobilised to provide the amount of EUR 9 894 483 in commitment and payment appropriations.""}]}"
3,32018D0947_0,32018D0947,"{""ontology_name"": ""EU_MacroFinancialAssistance_2018"", ""description"": ""Legal framework for macro-financial assistance to Ukraine as per Decision (EU) 2018/947"", ""odrl_alignment"": {""core_entities"": [""Asset"", ""Party"", ""Permission"", ""Duty"", ""Constraint""], ""extensions"": [""LegalInstrument"", ""Regulation""]}, ""classes"": [{""name"": ""MacroFinancialAssistance"", ""type"": ""ODRL_core"", ""description"": ""Macro-financial assistance provided by the European Union to Ukraine""}], ""relationships"": [{""source"": ""MacroFinancialAssistance"", ""relation"": ""appliesTo"", ""target"": ""Ukraine"", ""description"": ""Macro-financial assistance applies to Ukraine""}], ""rights_model"": {""permissions"": [{""action"": ""provide_macro_financial_assistance"", ""asset"": ""MacroFinancialAssistance"", ""party"": ""EuropeanParliamentAndCouncil"", ""constraints"": [{""name"": ""effective_date"", ""value"": ""2018-07-06""}]}], ""duties"": [{""action"": ""provide_macro_financial_assistance"", ""party"": ""Ukraine"", ""constraints"": []}]}, ""legal_patterns"": [{""pattern_name"": ""MacroFinancialAssistancePattern"", ""description"": ""Macro-financial assistance provided by the European Union to Ukraine"", ""entities_involved"": [""EuropeanParliamentAndCouncil"", ""Ukraine""]}], ""example_instances"": [{""entity"": ""MacroFinancialAssistance"", ""example_value"": ""DECISION (EU) 2018/947"", ""source_context"": ""DECISION (EU) 2018/947 OF THE EUROPEAN PARLIAMENT AND OF THE COUNCIL of 4 July 2018 providing further macro-financial assistance to Ukraine""}]}"
3,32018D0947_1,32018D0947,"{""ontology_name"": ""UkraineMacroFinancialAssistance"", ""description"": ""Legal framework for macro-financial assistance to Ukraine"", ""odrl_alignment"": {""core_entities"": [""Asset"", ""Party"", ""Permission"", ""Duty"", ""Constraint""], ""extensions"": [""LegalInstrument"", ""Regulation""]}, ""classes"": [{""name"": ""MacroFinancialAssistance"", ""type"": ""ODRL_core"", ""description"": ""Macro-financial assistance provided to Ukraine""}], ""relationships"": [{""source"": ""MacroFinancialAssistance"", ""relation"": ""appliesTo"", ""target"": ""Ukraine""}], ""rights_model"": {""permissions"": [{""action"": ""provide_macro_financial_assistance"", ""asset"": ""MacroFinancialAssistance"", ""party"": ""Union"", ""constraints"": [{""name"": ""effective_date"", ""value"": ""2015-04-01""}, {""name"": ""total_amount"", ""value"": ""1800000000""}]}], ""duties"": [{""action"": ""comply_with_reforms"", ""party"": ""Ukraine"", ""constraints"": [{""name"": ""compliance_with_programme"", ""value"": ""complete""}]}]}, ""legal_patterns"": [{""pattern_name"": ""MacroFinancialAssistanceApproval"", ""description"": ""Approval of macro-financial assistance by the European Parliament and Council"", ""entities_involved"": [""Union"", ""European Parliament"", ""Council""]}, {""pattern_name"": ""MacroFinancialAssistanceCancellation"", ""description"": ""Cancellation of macro-financial assistance due to non-compliance"", ""entities_involved"": [""Union"", ""Ukraine""]}, {""pattern_name"": ""MacroFinancialAssistanceCompliance"", ""description"": ""Ukraine's compliance with the programme of structural reforms"", ""entities_involved"": [""Ukraine"", ""Union""]}], ""example_instances"": [{""entity"": ""MacroFinancialAssistance"", ""example_value"": ""Decision (EU) 2015/601"", ""source_context"": ""An additional EUR 1,8 billion in macro-financial assistance was made available to Ukraine in April 2015 pursuant to Decision (EU) 2015/601 of the European Parliament and of the Council (6).""}, {""entity"": ""MacroFinancialAssistance"", ""example_value"": ""Decision (EU) 2014/215/EU"", ""source_context"": ""The third and last instalment of EUR 600 million of macro-financial assistance under Decision (EU) 2015/601 was cancelled on 18 January 2018 due to incomplete compliance by Ukraine with the programme of structural reforms attached to that instalment.""}]}"
4,32018D0947_2,32018D0947,"{""ontology_name"": ""EU_MacroFinancialAssistance_ODRL"", ""description"": ""ODRL-aligned ontology for EU Macro-Financial Assistance"", ""odrl_alignment"": {""core_entities"": [""Asset"", ""Party"", ""Permission"", ""Duty"", ""Constraint""], ""extensions"": [""LegalInstrument"", ""Regulation""]}, ""classes"": [{""name"": ""MacroFinancialAssistance"", ""type"": ""ODRL_core"", ""description"": ""Macro-financial assistance provided by the Union to Ukraine""}], ""relationships"": [{""source"": ""MacroFinancialAssistance"", ""relation"": ""appliesTo"", ""target"": ""Ukraine"", ""description"": ""Macro-financial assistance applies to Ukraine""}], ""rights_model"": {""permissions"": [{""action"": ""provide_macro_financial_assistance"", ""asset"": ""MacroFinancialAssistance"", ""party"": ""EU"", ""constraints"": [{""name"": ""amount_assessment"", ""value"": ""complete_quantitative_assessment""}]}], ""duties"": [{""action"": ""support_economic_stabilisation"", ""party"": ""EU"", ""constraints"": []}]}, ""legal_patterns"": [{""pattern_name"": ""MacroFinancialAssistancePattern"", ""description"": ""Macro-financial assistance provided to support Ukraine's economic stabilisation and structural reform"", ""entities_involved"": [""EU"", ""Ukraine""]}], ""example_instances"": [{""entity"": ""MacroFinancialAssistance"", ""example_value"": ""The Union's macro-financial assistance should aim to support the restoration of a sustainable external financing situation for Ukraine, thereby supporting its economic and social development."", ""source_context"": ""(12) The Union's macro-financial assistance should aim to support the restoration of a sustainable external financing situation for Ukraine, thereby supporting its economic and social development.""}]}"
4,32018D0947_3,32018D0947,"{""ontology_name"": ""UkraineMacroFinancialAssistanceODRL"", ""description"": ""ODRL-aligned ontology for Ukraine's macro-financial assistance"", ""odrl_alignment"": {""core_entities"": [""Asset"", ""Party"", ""Permission"", ""Duty"", ""Constraint""], ""extensions"": [""LegalInstrument"", ""Regulation""]}, ""classes"": [{""name"": ""MacroFinancialAssistance"", ""type"": ""ODRL_core"", ""description"": ""Macro-financial assistance provided by the Union to Ukraine""}], ""relationships"": [{""source"": ""MacroFinancialAssistance"", ""relation"": ""appliesTo"", ""target"": ""Ukraine""}], ""rights_model"": {""permissions"": [{""action"": ""calculate_macro_financial_assistance_amount"", ""asset"": ""MacroFinancialAssistance"", ""party"": ""Union"", ""constraints"": [{""name"": ""residual_external_financing_needs"", ""value"": ""complete_quantitative_assessment""}, {""name"": ""capacity_to_finance"", ""value"": ""own_resources""}, {""name"": ""international_reserves"", ""value"": ""at_disposal""}, {""name"": ""expected_financial_contributions"", ""value"": ""bilateral_multilateral_donors""}, {""name"": ""fair_burden_sharing"", ""value"": ""Union_other_donors""}, {""name"": ""pre_existing_instruments"", ""value"": ""Union_external_financing_instruments""}, {""name"": ""added_value"", ""value"": ""overall_Union_involvement""}]}], ""duties"": [{""action"": ""respect_democratic_mechanisms"", ""party"": ""Ukraine"", ""constraints"": [{""name"": ""effective_democratic_mechanisms"", ""value"": ""multi_party_parliamentary_system""}, {""name"": ""rule_of_law"", ""value"": ""rule_of_la""}]}]}, ""legal_patterns"": [{""pattern_name"": ""MacroFinancialAssistanceOperation"", ""description"": ""Macro-financial assistance operation involving Union services and the European External Action Service"", ""entities_involved"": [""Union_services"", ""European_External_Action_Service"", ""Ukraine""]}], ""example_instances"": [{""entity"": ""MacroFinancialAssistance"", ""example_value"": ""The determination of the amount of the Union's macro-financial assistance is based on a complete quantitative assessment of Ukraine's residual external financing needs, and takes into account its capacity to finance itself with its own resources, in particular the international reserves at its disposal."", ""source_context"": ""(13) The determination of the amount of the Union's macro-financial assistance is based on a complete quantitative assessment of Ukraine's residual external financing needs, and takes into account its capacity to finance itself with its own resources, in particular the international reserves at its disposal.""}]}"
4,32018D0947_4,32018D0947,"{""ontology_name"": ""EU_MacroFinancialAssistance_Ontology"", ""description"": ""Ontology for EU Macro-Financial Assistance Decisions"", ""odrl_alignment"": {""core_entities"": [""Asset"", ""Party"", ""Permission"", ""Duty"", ""Constraint""], ""extensions"": [""LegalInstrument"", ""Regulation""]}, ""classes"": [{""name"": ""MacroFinancialAssistance"", ""type"": ""ODRL_core"", ""description"": ""Macro-Financial Assistance provided by the Union to Ukraine""}], ""relationships"": [{""source"": ""MacroFinancialAssistance"", ""relation"": ""appliesTo"", ""target"": ""Ukraine"", ""description"": ""Macro-Financial Assistance applies to Ukraine""}], ""rights_model"": {""permissions"": [{""action"": ""respect_democratic_mechanisms"", ""asset"": ""MacroFinancialAssistance"", ""party"": ""Ukraine"", ""constraints"": [{""name"": ""effective_until_2023"", ""value"": ""2023""}]}, {""action"": ""strengthen_efficiency_transparency_accountability"", ""asset"": ""MacroFinancialAssistance"", ""party"": ""Ukraine"", ""constraints"": [{""name"": ""structural_reforms"", ""value"": ""sustainable and inclusive growth, employment creation and fiscal consolidation""}]}, {""action"": ""monitor_preconditions_and_objectives"", ""asset"": ""MacroFinancialAssistance"", ""party"": ""Commission"", ""constraints"": [{""name"": ""regularly_monitor"", ""value"": ""Commission and European External Action Service""}]}], ""duties"": [{""action"": ""take_measures_to_prevent_fraud_corruption"", ""party"": ""Ukraine"", ""constraints"": [{""name"": ""appropriate_measures"", ""value"": ""Ukraine should take appropriate measures""}]}, {""action"": ""carry_out_checks_and_audits"", ""party"": ""Commission"", ""constraints"": [{""name"": ""provision_for_checks_and_audits"", ""value"": ""provision should be made for the Commission to carry out checks and for the Court of Auditors to carry out audits""}]}]}, ""legal_patterns"": [{""pattern_name"": ""MacroFinancialAssistance_Monitoring"", ""description"": ""Macro-Financial Assistance is monitored by the Commission and the European External Action Service"", ""entities_involved"": [""MacroFinancialAssistance"", ""Commission"", ""European External Action Service""]}, {""pattern_name"": ""MacroFinancialAssistance_Protection"", ""description"": ""Macro-Financial Assistance is protected by appropriate measures and audits"", ""entities_involved"": [""MacroFinancialAssistance"", ""Ukraine"", ""Commission"", ""Court of Auditors""]}], ""example_instances"": [{""entity"": ""MacroFinancialAssistance"", ""example_value"": ""A pre-condition for granting the Union's macro-financial assistance should be that Ukraine respects effective democratic mechanisms including a multi-party parliamentary system and the rule of law, and guarantees respect for human rights."", ""source_context"": ""A pre-condition for granting the Union's macro-financial assistance should be that Ukraine respects effective democratic mechanisms including a multi-party parliamentary system and the rule of law, and guarantees respect for human rights.""}]}"
4,32018D0947_5,32018D0947,"{""ontology_name"": ""EU_MacroFinancialAssistance"", ""description"": ""Ontology for EU Macro Financial Assistance Decisions"", ""odrl_alignment"": {""core_entities"": [""Asset"", ""Party"", ""Permission"", ""Duty"", ""Constraint""], ""extensions"": [""LegalInstrument"", ""Regulation""]}, ""classes"": [{""name"": ""MacroFinancialAssistance"", ""type"": ""ODRL_core"", ""description"": ""Macro financial assistance provided by the Union to Ukraine""}], ""relationships"": [{""source"": ""MacroFinancialAssistance"", ""relation"": ""appliesTo"", ""target"": ""Ukraine"", ""description"": ""Macro financial assistance is applicable to Ukraine""}], ""rights_model"": {""permissions"": [{""action"": ""provide_documents"", ""asset"": ""MacroFinancialAssistance"", ""party"": ""Commission"", ""constraints"": [{""name"": ""effective_until"", ""value"": ""1985""}]}], ""duties"": [{""action"": ""negotiate_conditions"", ""party"": ""Commission"", ""constraints"": [{""name"": ""supervised_by"", ""value"": ""Committee of Representatives of the Member States""}]}]}, ""legal_patterns"": [{""pattern_name"": ""MacroFinancialAssistanceNegotiation"", ""description"": ""Negotiation of economic policy conditions for macro financial assistance"", ""entities_involved"": [""Commission"", ""Ukraine"", ""Committee of Representatives of the Member States""]}], ""example_instances"": [{""entity"": ""MacroFinancialAssistance"", ""example_value"": ""Article 1 of the Decision"", ""source_context"": ""Article 1 of the Decision: 'The full amount of the Union's macro-financial assistance shall be provided to Ukraine in the form of loans. The Commission shall be empowered on behalf of the Union to borrow the necessary funds on the capital markets or from'""}]}"
4,32018D0947_6,32018D0947,"{""ontology_name"": ""EU_MacroFinancialAssistance"", ""description"": ""Ontology for EU Macro-Financial Assistance"", ""odrl_alignment"": {""core_entities"": [""Asset"", ""Party"", ""Permission"", ""Duty"", ""Constraint""], ""extensions"": [""LegalInstrument"", ""Regulation""]}, ""classes"": [{""name"": ""MacroFinancialAssistance"", ""type"": ""ODRL_core"", ""description"": ""Macro-Financial Assistance provided by the Union to Ukraine""}], ""relationships"": [{""source"": ""MacroFinancialAssistance"", ""relation"": ""appliesTo"", ""target"": ""Ukraine""}], ""rights_model"": {""permissions"": [{""action"": ""provide_loan"", ""asset"": ""MacroFinancialAssistance"", ""party"": ""Union"", ""constraints"": [{""name"": ""max_maturity"", ""value"": ""15 years""}]}], ""duties"": [{""action"": ""monitor_democratic_mechanisms"", ""party"": ""Commission"", ""constraints"": [{""name"": ""monitoring_period"", ""value"": ""throughout the life-cycle of the Union's macro-financial assistance""}]}]}, ""legal_patterns"": [{""pattern_name"": ""MacroFinancialAssistanceManagement"", ""description"": ""Management of Union's macro-financial assistance by the Commission"", ""entities_involved"": [""MacroFinancialAssistance"", ""Commission""]}], ""example_instances"": [{""entity"": ""MacroFinancialAssistance"", ""example_value"": ""An example of Union's macro-financial assistance provided to Ukraine"", ""source_context"": ""Article 1: 'n's macro-financial assistance shall be provided to Ukraine in the form of loans.""}]}"
5,32018D0947_7,32018D0947,"{""ontology_name"": ""EU_MacroFinancialAssistance_Ontology"", ""description"": ""Ontology for EU Macro-Financial Assistance rules and obligations"", ""odrl_alignment"": {""core_entities"": [""Asset"", ""Party"", ""Permission"", ""Duty"", ""Constraint""], ""extensions"": [""LegalInstrument"", ""Regulation""]}, ""classes"": [{""name"": ""MacroFinancialAssistance"", ""type"": ""ODRL_core"", ""description"": ""Macro-Financial Assistance agreement""}], ""relationships"": [{""source"": ""MacroFinancialAssistance"", ""relation"": ""appliesTo"", ""target"": ""UkrainianAuthorities"", ""description"": ""Macro-Financial Assistance agreement applies to Ukrainian authorities""}], ""rights_model"": {""permissions"": [{""action"": ""agree_on_conditions"", ""asset"": ""MacroFinancialAssistance"", ""party"": ""UkrainianAuthorities"", ""constraints"": [{""name"": ""consistent_with_agreements"", ""value"": ""agreements or understandings referred to in Article 1(3)""}, {""name"": ""monitor_progress"", ""value"": ""progress in mutual market opening, the development of rule-based and fair trade, and other priorities in the context of the Union's external policy""}]}, {""action"": ""verify_conditions"", ""asset"": ""MacroFinancialAssistance"", ""party"": ""Commission"", ""constraints"": [{""name"": ""continue_to_be_met"", ""value"": ""whether the economic policies of Ukraine are in accordance with the objectives of the Union's macro-financial assistance""}]}], ""duties"": [{""action"": ""design_policy_measures"", ""party"": ""Commission"", ""constraints"": [{""name"": ""take_priorities_into_account"", ""value"": ""progress in attaining those objectives""}]}]}, ""legal_patterns"": [{""pattern_name"": ""MacroFinancialAssistanceAgreementPattern"", ""description"": ""Macro-Financial Assistance agreement pattern"", ""entities_involved"": [""MacroFinancialAssistance"", ""UkrainianAuthorities"", ""Commission""]}], ""example_instances"": [{""entity"": ""MacroFinancialAssistance"", ""example_value"": ""Article 3 1. The Commission, in accordance with the examination procedure referred to in Article 7(2), shall agree with the Ukrainian authorities on clearly defined economic policy and financial conditions, focusing on structural reforms and sound public finances, to which the Union's macro-financial assistance is to be subject, to be laid down in a memorandum of understanding (the Memorandum of Understanding) which shall include a timeframe for the fulfilment of those conditions."", ""source_context"": ""Article 3 1. The Commission, in accordance with the examination procedure referred to in Article 7(2), shall agree with the Ukrainian authorities on clearly defined economic policy and financial conditions, focusing on structural reforms and sound public finances, to which the Union's macro-financial assistance is to be subject, to be laid down in a memorandum of understanding (the Memorandum of Understanding) which shall include a timeframe for the fulfilment of those conditions.""}]}"
5,32018D0947_8,32018D0947,"{""ontology_name"": ""EU_MacroFinancialAssistance_Ontology"", ""description"": ""An ontology for EU Macro Financial Assistance, aligned with ODRL 2.2"", ""odrl_alignment"": {""core_entities"": [""Asset"", ""Party"", ""Permission"", ""Duty"", ""Constraint""], ""extensions"": [""LegalInstrument"", ""Regulation""]}, ""classes"": [{""name"": ""MacroFinancialAssistance"", ""type"": ""ODRL_core"", ""description"": ""Macro Financial Assistance provided by the Union to Ukraine""}], ""relationships"": [{""source"": ""MacroFinancialAssistance"", ""relation"": ""appliesTo"", ""target"": ""NationalBankOfUkraine"", ""description"": ""Macro Financial Assistance is disbursed to the National Bank of Ukraine""}], ""rights_model"": {""permissions"": [{""action"": ""release_instalment"", ""asset"": ""MacroFinancialAssistance"", ""party"": ""Commission"", ""constraints"": [{""name"": ""PreCondition"", ""value"": ""Article 2(1)""}, {""name"": ""TrackRecord"", ""value"": ""Continuous satisfactory track record of implementing a policy programme""}, {""name"": ""MemorandumConditions"", ""value"": ""Satisfactory implementation of the economic policy and financial conditions agreed in the Memorandum of Understanding""}, {""name"": ""ReleaseDelay"", ""value"": ""Not earlier than three months after the release of the first instalment""}]}], ""duties"": [{""action"": ""inform_parliament_and_council"", ""party"": ""Commission"", ""constraints"": []}]}, ""legal_patterns"": [{""pattern_name"": ""MacroFinancialAssistanceReleaseConditions"", ""description"": ""Conditions for releasing instalments of Macro Financial Assistance"", ""entities_involved"": [""MacroFinancialAssistance"", ""Commission"", ""NationalBankOfUkraine""]}], ""example_instances"": [{""entity"": ""MacroFinancialAssistance"", ""example_value"": ""Article 4(1) of the Regulation"", ""source_context"": ""Article 4(1) of the Regulation states: 'Subject to the conditions referred to in paragraph 3, the Union's macro-financial assistance shall be made available by the Commission in two loan instalments.'""}, {""entity"": ""ReleaseConditions"", ""example_value"": ""Article 4(3) of the Regulation"", ""source_context"": ""Article 4(3) of the Regulation states: 'The Commission shall decide on the release of the instalments subject to the fulfilment of all of the following conditions: (a) the pre-condition set out in Article 2(1); (b) a continuous satisfactory track record of implementing a policy programme that contains strong adjustment and structural reform measures supported by a non-precautionary IMF credit arrangement; (c) the satisfactory implementation of the economic policy and financial conditions agreed in the Memorandum of Understanding.'""}]}"
5,32018D0947_9,32018D0947,"{""ontology_name"": ""EU_MacroFinancialAssistance_Ontology"", ""description"": ""An ontology for the EU's Macro-Financial Assistance, aligned with ODRL 2.2"", ""odrl_alignment"": {""core_entities"": [""Asset"", ""Party"", ""Permission"", ""Duty"", ""Constraint""], ""extensions"": [""LegalInstrument"", ""Regulation""]}, ""classes"": [{""name"": ""MacroFinancialAssistance"", ""type"": ""ODRL_core"", ""description"": ""Macro-Financial Assistance provided by the Union to Ukraine""}], ""relationships"": [{""source"": ""MacroFinancialAssistance"", ""relation"": ""appliesTo"", ""target"": ""UkrainianMinistryOfFinance"", ""description"": ""Macro-Financial Assistance is transferred to the Ukrainian Ministry of Finance as the final beneficiary""}], ""rights_model"": {""permissions"": [{""action"": ""transfer_funds_to_financial_institution"", ""asset"": ""MacroFinancialAssistance"", ""party"": ""UkrainianMinistryOfFinance"", ""constraints"": [{""name"": ""value_date"", ""value"": ""same value date as the Union's macro-financial assistance""}, {""name"": ""maturity"", ""value"": ""no transformation of maturities, no exposure to exchange or interest rate risk""}, {""name"": ""interest_rate"", ""value"": ""interest rate of the loan and if Ukraine so requests, the Commission may decide to refinance all or part of its initial borrowings or may restructure the corresponding financial conditions""}]}], ""duties"": [{""action"": ""inform_parliament_and_council"", ""party"": ""EuropeanParliament"", ""constraints"": []}, {""action"": ""inform_parliament_and_council"", ""party"": ""Council"", ""constraints"": []}]}, ""legal_patterns"": [{""pattern_name"": ""MacroFinancialAssistanceImplementation"", ""description"": ""Macro-Financial Assistance is implemented in accordance with specific regulations and conditions"", ""entities_involved"": [""MacroFinancialAssistance"", ""Regulation966/2012"", ""DelegatedRegulation1268/2012""]}], ""example_instances"": [{""entity"": ""MacroFinancialAssistance"", ""example_value"": ""Article 5, Article 6 of the Decision"", ""source_context"": ""Article 5, Article 6 of the Decision""}]}"
5,32018D0947_10,32018D0947,"{""ontology_name"": ""EU_MacroFinancialAssistance_Ontology"", ""description"": ""An ontology for the EU Macro-Financial Assistance regulation and its implementation"", ""odrl_alignment"": {""core_entities"": [""Asset"", ""Party"", ""Permission"", ""Duty"", ""Constraint""], ""extensions"": [""LegalInstrument"", ""Regulation""]}, ""classes"": [{""name"": ""MacroFinancialAssistance"", ""type"": ""ODRL_core"", ""description"": ""Macro-Financial Assistance provided by the Union to Ukraine""}], ""relationships"": [{""source"": ""MacroFinancialAssistance"", ""relation"": ""appliesTo"", ""target"": ""Ukraine"", ""description"": ""Macro-Financial Assistance is applied to Ukraine""}], ""rights_model"": {""permissions"": [{""action"": ""check_use_of_financing"", ""asset"": ""MacroFinancialAssistance"", ""party"": ""Ukraine"", ""constraints"": [{""name"": ""check_frequency"", ""value"": ""regularly""}]}, {""action"": ""prevent_and_fight_irregularities"", ""asset"": ""MacroFinancialAssistance"", ""party"": ""Ukraine"", ""constraints"": [{""name"": ""measures_provided"", ""value"": ""specific measures in relation to the prevention of, and fight against, fraud, corruption and any other irregularities affecting the Union's macro-financial assistance""}]}, {""action"": ""take_legal_action"", ""asset"": ""MacroFinancialAssistance"", ""party"": ""Ukraine"", ""constraints"": [{""name"": ""funds_recovered"", ""value"": ""misappropriated funds provided under this Decision""}]}, {""action"": ""carry_out_checks"", ""asset"": ""MacroFinancialAssistance"", ""party"": ""Commission"", ""constraints"": [{""name"": ""types_of_checks"", ""value"": ""on-the-spot checks and inspections""}]}, {""action"": ""perform_audits"", ""asset"": ""MacroFinancialAssistance"", ""party"": ""Commission"", ""constraints"": [{""name"": ""types_of_audits"", ""value"": ""document audits and on-the-spot audits, such as operational assessments""}]}, {""action"": ""ensure_early_repayment"", ""asset"": ""MacroFinancialAssistance"", ""party"": ""Union"", ""constraints"": [{""name"": ""conditions_for_early_repayment"", ""value"": ""Ukraine has engaged in any act of fraud or corruption or any other illegal activity detrimental to the financial interests of the Union""}]}], ""duties"": [{""action"": ""assess_soundness_of_financial_arrangements"", ""party"": ""Commission"", ""constraints"": [{""name"": ""method_of_assessment"", ""value"": ""operational assessment""}]}]}, ""legal_patterns"": [{""pattern_name"": ""MacroFinancialAssistance_Assessment"", ""description"": ""The Commission assesses the soundness of Ukraine's financial arrangements before implementing Macro-Financial Assistance"", ""entities_involved"": [""Commission"", ""Ukraine""]}], ""example_instances"": [{""entity"": ""MacroFinancialAssistance"", ""example_value"": ""2 of the European Parliament and of the Council (10) and Commission Delegated Regulation (EU) No 1268/2012 (11)."", ""source_context"": ""2 of the European Parliament and of the Council (10) and Commission Delegated Regulation (EU) No 1268/2012 (11).""}]}"
5,32018D0947_11,32018D0947,"{""ontology_name"": ""EU_MacroFinancialAssistance_Ontology"", ""description"": ""An ontology for the EU's macro-financial assistance regulation and its implementation"", ""odrl_alignment"": {""core_entities"": [""Asset"", ""Party"", ""Permission"", ""Duty"", ""Constraint""], ""extensions"": [""LegalInstrument"", ""Regulation""]}, ""classes"": [{""name"": ""MacroFinancialAssistance"", ""type"": ""ODRL_core"", ""description"": ""A macro-financial assistance provided by the Union to Ukraine""}, {""name"": ""MacroFinancialAssistanceCommittee"", ""type"": ""ODRL_core"", ""description"": ""A committee within the meaning of Regulation (EU) No 182/2011 assisting in the implementation of macro-financial assistance""}], ""relationships"": [{""source"": ""MacroFinancialAssistance"", ""relation"": ""appliesTo"", ""target"": ""MacroFinancialAssistanceCommittee""}], ""rights_model"": {""permissions"": [{""action"": ""assess_soundness"", ""asset"": ""MacroFinancialAssistance"", ""party"": ""Commission"", ""constraints"": [{""name"": ""effective_until"", ""value"": ""1985""}]}, {""action"": ""submit_report"", ""asset"": ""MacroFinancialAssistance"", ""party"": ""Commission"", ""constraints"": [{""name"": ""date"", ""value"": ""30 June of each year""}]}, {""action"": ""submit_ex_post_evaluation"", ""asset"": ""MacroFinancialAssistance"", ""party"": ""Commission"", ""constraints"": [{""name"": ""not_later_than"", ""value"": ""two years after the expiry of the availability period""}]}], ""duties"": [{""action"": ""evaluate_macro_financial_assistance"", ""party"": ""Commission"", ""constraints"": []}]}, ""legal_patterns"": [{""pattern_name"": ""MacroFinancialAssistanceImplementation"", ""description"": ""The process of implementing macro-financial assistance, including assessment, reporting, and ex-post evaluation"", ""entities_involved"": [""MacroFinancialAssistance"", ""Commission"", ""European Parliament"", ""Council""]}], ""example_instances"": [{""entity"": ""MacroFinancialAssistance"", ""example_value"": ""The implementation of the Union's macro-financial assistance"", ""source_context"": ""Article 7, 1. The Commission shall be assisted by a committee. That committee shall be a committee within the meaning of Regulation (EU) No 182/2011.""}, {""entity"": ""MacroFinancialAssistanceCommittee"", ""example_value"": ""The committee within the meaning of Regulation (EU) No 182/2011"", ""source_context"": ""Article 7, 1. The Commission shall be assisted by a committee. That committee shall be a committee within the meaning of Regulation (EU) No 182/2011.""}]}"
6,32018D0947_12,32018D0947,"{""ontology_name"": ""Ukraine_Association_Agreement_ODRL"", ""description"": ""ODRL ontology for the Association Agreement between the European Union and Ukraine"", ""odrl_alignment"": {""core_entities"": [""Asset"", ""Party"", ""Permission"", ""Duty"", ""Constraint""], ""extensions"": [""LegalInstrument"", ""Regulation""]}, ""classes"": [{""name"": ""Asset"", ""type"": ""ODRL_core"", ""description"": ""Represents the Association Agreement between the European Union and Ukraine""}, {""name"": ""Party"", ""type"": ""ODRL_core"", ""description"": ""Represents the European Parliament, Council, and European External Action Service""}], ""relationships"": [{""source"": ""Asset"", ""relation"": ""appliesTo"", ""target"": ""Party"", ""description"": ""The Association Agreement applies to the European Parliament, Council, and European External Action Service""}], ""rights_model"": {""permissions"": [{""action"": ""use_asset"", ""asset"": ""Asset"", ""party"": ""Party"", ""constraints"": [{""name"": ""validity_period"", ""value"": ""2018-07-04""}]}], ""duties"": [{""action"": ""fulfill_duty"", ""party"": ""Party"", ""constraints"": []}]}, ""legal_patterns"": [{""pattern_name"": ""AssociationAgreementExecution"", ""description"": ""The execution of the Association Agreement by the European Parliament, Council, and European External Action Service"", ""entities_involved"": [""European Parliament"", ""Council"", ""European External Action Service""]}], ""example_instances"": [{""entity"": ""Asset"", ""example_value"": ""Association Agreement between the European Union and the European Atomic Energy Community and their Member States, of the one part, and Ukraine, of the other part (OJ L 161, 29.5.2014, p. 3)."", ""source_context"": ""EUR-Lex text (1)""}]}"
6,32018D0947_13,32018D0947,"{""ontology_name"": ""EU_MacroFinancialAssistance_Ontology"", ""description"": ""An ontology for EU Macro Financial Assistance rules and conditions"", ""odrl_alignment"": {""core_entities"": [""Asset"", ""Party"", ""Permission"", ""Duty"", ""Constraint""], ""extensions"": [""LegalInstrument"", ""Regulation""]}, ""classes"": [{""name"": ""MacroFinancialAssistance"", ""type"": ""ODRL_core"", ""description"": ""Macro Financial Assistance provided by the Union""}], ""relationships"": [{""source"": ""MacroFinancialAssistance"", ""relation"": ""appliesTo"", ""target"": ""MacroFinancialAssistanceCondition"", ""description"": ""Macro Financial Assistance applies to specific conditions""}], ""rights_model"": {""permissions"": [{""action"": ""calculate_import_duty"", ""asset"": ""MacroFinancialAssistance"", ""party"": ""BeneficiaryCountry"", ""constraints"": [{""name"": ""effective_until"", ""value"": ""2025-12-31""}]}], ""duties"": [{""action"": ""monitor_fulfillment_of_conditions"", ""party"": ""EuropeanParliament"", ""constraints"": []}]}, ""legal_patterns"": [{""pattern_name"": ""MacroFinancialAssistanceCondition"", ""description"": ""Conditions for granting Macro Financial Assistance"", ""entities_involved"": [""MacroFinancialAssistance"", ""BeneficiaryCountry""]}], ""example_instances"": [{""entity"": ""MacroFinancialAssistanceCondition"", ""example_value"": ""The beneficiary country respects effective democratic mechanisms including a multi-party parliamentary system and guarantees respect for human rights."", ""source_context"": ""The Parliament, the Council and the Commission recall that a pre-condition for granting macro-financial assistance is that the beneficiary country respects effective democratic mechanisms including a multi-party parliamentary system and guarantees respect for human rights.""}]}"
6,32018D0947_14,32018D0947,"{""ontology_name"": ""EU_Corruption_Fight"", ""description"": ""Legal framework for fighting corruption and related macro-financial assistance in Ukraine"", ""odrl_alignment"": {""core_entities"": [""Asset"", ""Party"", ""Permission"", ""Duty"", ""Constraint""], ""extensions"": [""LegalInstrument"", ""Regulation""]}, ""classes"": [{""name"": ""Asset"", ""type"": ""ODRL_core"", ""description"": ""A resource or product that is the subject of the rights, permissions, or duties""}, {""name"": ""Party"", ""type"": ""ODRL_core"", ""description"": ""An individual, organization, or authority involved in the rights, permissions, or duties""}, {""name"": ""Permission"", ""type"": ""ODRL_core"", ""description"": ""An allowed legal action""}, {""name"": ""Duty"", ""type"": ""ODRL_core"", ""description"": ""A mandatory obligation or requirement that a Party MUST perform""}, {""name"": ""Constraint"", ""type"": ""ODRL_core"", ""description"": ""A quantitative or qualitative restriction attached to a Permission or Duty""}], ""relationships"": [{""source"": ""Asset"", ""relation"": ""appliesTo"", ""target"": ""Party""}], ""rights_model"": {""permissions"": [{""action"": ""calculate_import_duty"", ""asset"": ""MacroFinancialAssistance"", ""party"": ""EuropeanParliament, Council, Commission"", ""constraints"": [{""name"": ""effective_until"", ""value"": ""1985""}]}, {""action"": ""calculate_export_duty"", ""asset"": ""MacroFinancialAssistance"", ""party"": ""EuropeanParliament, Council, Commission"", ""constraints"": [{""name"": ""valid_for"", ""value"": ""cereal products""}]}], ""duties"": [{""action"": ""strengthen_governance"", ""party"": ""Ukraine"", ""constraints"": [{""name"": ""include_in_memorandum_of_understanding"", ""value"": ""strengthen the governance, administrative capacities, and institutional set-up for the fight against corruption""}, {""name"": ""include_in_verifications"", ""value"": ""verification system for asset declarations, verification of companies' beneficial ownership data, and a well-functioning specialised anti-corruption court""}]}, {""action"": ""implement_recommendations"", ""party"": ""Ukraine"", ""constraints"": [{""name"": ""in_line_with_venice_commission_recommendations"", ""value"": ""recommendations of the Venice Commission""}]}]}, ""legal_patterns"": [{""pattern_name"": ""MacroFinancialAssistanceConditionalOnCorruptionFight"", ""description"": ""Macro-financial assistance is conditional on progress in the fight against corruption in Ukraine"", ""entities_involved"": [""MacroFinancialAssistance"", ""Ukraine""]}], ""example_instances"": [{""entity"": ""MacroFinancialAssistance"", ""example_value"": ""on the fight against corruption and the related cancellation of the third instalment of the previous programme of macro-financial assistance under Decision (EU) 2015/601"", ""source_context"": ""on the fight against corruption and the related cancellation of the third instalment of the previous programme of macro-financial assistance under Decision (EU) 2015/601""}]}"
6,32018D0947_15,32018D0947,"{""ontology_name"": ""EUR-Lex_Policy_Ontology"", ""description"": ""An ontology for legal rights and obligations related to EUR-Lex documents focusing on policy creation and poverty reduction."", ""odrl_alignment"": {""core_entities"": [""Asset"", ""Party"", ""Permission"", ""Duty"", ""Constraint""], ""extensions"": [""LegalInstrument"", ""Regulation""]}, ""classes"": [{""name"": ""PolicyDocument"", ""type"": ""ODRL_core"", ""description"": ""A document related to policy creation and poverty reduction.""}], ""relationships"": [{""source"": ""PolicyDocument"", ""relation"": ""appliesTo"", ""target"": ""MemberStateCommittee"", ""description"": ""The PolicyDocument is applied to the MemberStateCommittee.""}, {""source"": ""PolicyDocument"", ""relation"": ""appliesTo"", ""target"": ""Parliament"", ""description"": ""The PolicyDocument is applied to the Parliament.""}, {""source"": ""PolicyDocument"", ""relation"": ""appliesTo"", ""target"": ""Council"", ""description"": ""The PolicyDocument is applied to the Council.""}], ""rights_model"": {""permissions"": [{""action"": ""submit_analysis_to_committee"", ""asset"": ""PolicyDocument"", ""party"": ""Commission"", ""constraints"": [{""name"": ""regulation"", ""value"": ""Regulation (EU) No 182/2011""}]}], ""duties"": [{""action"": ""provide_analysis"", ""party"": ""Commission"", ""constraints"": [{""name"": ""social_impact"", ""value"": ""expected social impact of the macro-financial assistance""}]}]}, ""legal_patterns"": [{""pattern_name"": ""AnalysisSubmissionPattern"", ""description"": ""The Commission submits an analysis of the expected social impact of macro-financial assistance to the Member State Committee, Parliament, and Council."", ""entities_involved"": [""Commission"", ""MemberStateCommittee"", ""Parliament"", ""Council""]}], ""example_instances"": [{""entity"": ""PolicyDocument"", ""example_value"": ""The draft Commission Implementing Decision approving the Memorandum of Understanding with an analysis of the expected social impact of the macro-financial assistance"", ""source_context"": ""The Commission shall accompany the draft Commission Implementing Decision approving the Memorandum of Understanding with an analysis of the expected social impact of the macro-financial assistance. In accordance with Regulation (EU) No 182/2011 this analysis will be submitted to the Member State Committee and shall be made available to the Parliament and the Council through the register of committee proceedings.""}]}"
6,32018D0846_0,32018D0846,"{""ontology_name"": ""EU_Solidarity_Fund_Ontology"", ""description"": ""An ontology for the mobilization of the European Union Solidarity Fund"", ""odrl_alignment"": {""core_entities"": [""Asset"", ""Party"", ""Permission"", ""Duty"", ""Constraint""], ""extensions"": [""LegalInstrument"", ""Regulation""]}, ""classes"": [{""name"": ""SolidarityFundApplication"", ""type"": ""ODRL_core"", ""description"": ""An application for the mobilization of the European Union Solidarity Fund""}, {""name"": ""SolidarityFundMobilization"", ""type"": ""ODRL_core"", ""description"": ""The act of mobilizing the European Union Solidarity Fund""}], ""relationships"": [{""source"": ""SolidarityFundApplication"", ""relation"": ""appliesTo"", ""target"": ""SolidarityFundMobilization"", ""description"": ""An application leads to the mobilization of the Solidarity Fund""}], ""rights_model"": {""permissions"": [{""action"": ""calculate_import_duty"", ""asset"": ""SolidarityFund"", ""party"": ""Greece, Spain, France, Portugal"", ""constraints"": [{""name"": ""spatial"", ""value"": ""Northern Aegean, Galicia, Guadeloupe""}, {""name"": ""temporal"", ""value"": ""2017""}]}], ""duties"": [{""action"": ""calculate_export_duty"", ""party"": ""European Union"", ""constraints"": []}]}, ""legal_patterns"": [{""pattern_name"": ""SolidarityFundApplicationPattern"", ""description"": ""An application for the Solidarity Fund is submitted by a country affected by a natural disaster"", ""entities_involved"": [""Greece"", ""Spain"", ""France"", ""Portugal""]}], ""example_instances"": [{""entity"": ""SolidarityFundApplication"", ""example_value"": ""THE EUROPEAN PARLIAMENT AND THE COUNCIL OF THE EUROPEAN UNION, Having regard to the proposal from the European Commission, Whereas: (1) The European Union Solidarity Fund (the Fund) aims to enable the Union to respond in a rapid, efficient and flexible manner to emergency situations in order to show solidarity with the population of regions struck by natural disasters."", ""source_context"": ""THE EUROPEAN PARLIAMENT AND THE COUNCIL OF THE EUROPEAN UNION, Having regard to the proposal from the European Commission, Whereas: (1) The European Union Solidarity Fund (the Fund) aims to enable the Union to respond in a rapid, efficient and flexible manner to emergency situations in order to show solidarity with the population of regions struck by natural disasters.""}]}"
7,32018D0846_1,32018D0846,"{""ontology_name"": ""EU_Solidarity_Fund_Ontology"", ""description"": ""Ontology for the European Union Solidarity Fund contributions and mobilization process"", ""odrl_alignment"": {""core_entities"": [""Asset"", ""Party"", ""Permission"", ""Duty"", ""Constraint""], ""extensions"": [""LegalInstrument"", ""Regulation""]}, ""classes"": [{""name"": ""SolidarityFundApplication"", ""type"": ""ODRL_core"", ""description"": ""An application for a financial contribution from the European Union Solidarity Fund""}, {""name"": ""SolidarityFundContribution"", ""type"": ""ODRL_core"", ""description"": ""A contribution from the European Union Solidarity Fund to a country""}], ""relationships"": [{""source"": ""SolidarityFundApplication"", ""relation"": ""appliesTo"", ""target"": ""SolidarityFundContribution"", ""description"": ""An application leads to a contribution""}], ""rights_model"": {""permissions"": [{""action"": ""apply_contribution"", ""asset"": ""SolidarityFundContribution"", ""party"": ""SolidarityFundApplication"", ""constraints"": [{""name"": ""validity_period"", ""value"": ""from 30 May 2018""}]}], ""duties"": [{""action"": ""mobilize_fund"", ""party"": ""EuropeanUnion"", ""constraints"": [{""name"": ""validity_period"", ""value"": ""from 30 May 2018""}]}]}, ""legal_patterns"": [{""pattern_name"": ""SolidarityFundApplicationProcess"", ""description"": ""The process of submitting an application for a financial contribution from the Solidarity Fund"", ""entities_involved"": [""SolidarityFundApplication"", ""SolidarityFundContribution""]}, {""pattern_name"": ""FundMobilization"", ""description"": ""The process of mobilizing the Solidarity Fund to provide contributions to countries"", ""entities_involved"": [""EuropeanUnion"", ""SolidarityFundContribution""]}], ""example_instances"": [{""entity"": ""SolidarityFundApplication"", ""example_value"": ""Article 7 of the Decision"", ""source_context"": ""On 17 July 2017, Portugal submitted its initial application for a contribution from the Fund following severe fires that broke out on 17 June 2017.""}, {""entity"": ""SolidarityFundContribution"", ""example_value"": ""Article 1 of the Decision"", ""source_context"": ""For the general budget of the Union for the financial year 2018, the European Union Solidarity Fund shall be mobilised to provide the amount of EUR 1 359 119 to Greece, EUR 3 228 675 to Spain, EUR 48 906 025 to France and EUR 50 673 132 to Portugal, in commitment and payment appropriations.""}]}"
7,32018D0846_2,32018D0846,"{""ontology_name"": ""LegalFramework2014-2020"", ""description"": ""Legal framework for the years 2014-2020 as defined in OJ L 347, 20.12.2013, p. 884"", ""odrl_alignment"": {""core_entities"": [""Asset"", ""Party"", ""Permission"", ""Duty"", ""Constraint""], ""extensions"": [""LegalInstrument"", ""Regulation""]}, ""classes"": [{""name"": ""LegalFramework"", ""type"": ""ODRL_core"", ""description"": ""A legal framework defined by a specific document""}], ""relationships"": [{""source"": ""LegalFramework"", ""relation"": ""appliesTo"", ""target"": ""Asset"", ""description"": ""The LegalFramework applies to the asset defined in the document""}], ""rights_model"": {""permissions"": [{""action"": ""use_asset"", ""asset"": ""Asset"", ""party"": ""Assignee"", ""constraints"": [{""name"": ""valid_period"", ""value"": ""2014-2020""}]}], ""duties"": [{""action"": ""calculate_import_duty"", ""party"": ""Assignee"", ""constraints"": [{""name"": ""valid_period"", ""value"": ""2014-2020""}]}]}, ""legal_patterns"": [{""pattern_name"": ""UseAssetWithinValidPeriod"", ""description"": ""Use of the asset within the specified valid period"", ""entities_involved"": [""LegalFramework"", ""Asset"", ""Assignee""]}], ""example_instances"": [{""entity"": ""LegalFramework"", ""example_value"": ""OJ L 347, 20.12.2013, p. 884"", ""source_context"": ""work for the years 2014-2020 (OJ L 347, 20.12.2013, p. 884).""}]}"
7,32018D0847_0,32018D0847,"{""ontology_name"": ""EGF_Mobilization_Ontology"", ""description"": ""An ontology for the mobilization of the European Globalisation Adjustment Fund (EGF) as per Decision (EU) 2018/847"", ""odrl_alignment"": {""core_entities"": [""Asset"", ""Party"", ""Permission"", ""Duty"", ""Constraint""], ""extensions"": [""LegalInstrument"", ""Regulation""]}, ""classes"": [{""name"": ""EGF_Mobilization"", ""type"": ""ODRL_core"", ""description"": ""A mobilization of the European Globalisation Adjustment Fund (EGF) following an application""}], ""relationships"": [{""source"": ""EGF_Mobilization"", ""relation"": ""appliesTo"", ""target"": ""Belgium"", ""description"": ""Belgium applies for the mobilization of the EGF""}, {""source"": ""EGF_Mobilization"", ""relation"": ""appliesTo"", ""target"": ""Caterpillar Solar Gosselines"", ""description"": ""Caterpillar Solar Gosselines applies for the mobilization of the EGF""}, {""source"": ""EGF_Mobilization"", ""relation"": ""appliesTo"", ""target"": ""Caterpillar Solar Gosselines' suppliers"", ""description"": ""Caterpillar Solar Gosselines' suppliers apply for the mobilization of the EGF""}], ""rights_model"": {""permissions"": [{""action"": ""calculate_import_duty"", ""asset"": ""EGF_Mobilization"", ""party"": ""Belgium"", ""constraints"": [{""name"": ""EGF_Mobilization_Constraint"", ""value"": ""EUR 150 million (2011 prices)""}]}, {""action"": ""apply_levy"", ""asset"": ""EGF_Mobilization"", ""party"": ""Belgium"", ""constraints"": [{""name"": ""EGF_Mobilization_Constraint"", ""value"": ""EUR 150 million (2011 prices)""}]}], ""duties"": [{""action"": ""distribute_funds"", ""party"": ""European Union"", ""constraints"": [{""name"": ""EGF_Mobilization_Constraint"", ""value"": ""EUR 150 million (2011 prices)""}]}]}, ""legal_patterns"": [{""pattern_name"": ""EGF_Mobilization_Pattern"", ""description"": ""The mobilization of the EGF following an application from Belgium"", ""entities_involved"": [""EGF_Mobilization"", ""Belgium""]}], ""example_instances"": [{""entity"": ""EGF_Mobilization"", ""example_value"": ""DECISION (EU) 2018/847 OF THE EUROPEAN PARLIAMENT AND OF THE COUNCIL of 30 May 2018 on the mobilisation of the European Globalisation Adjustment Fund following an application from Belgium"", ""source_context"": ""8.6.2018 EN Official Journal of the European Union L 144/5 DECISION (EU) 2018/847 OF THE EUROPEAN PARLIAMENT AND OF THE COUNCIL of 30 May 2018 on the mobilisation of the European Globalisation Adjustment Fund following an application from Belgium  EGF/2017/010 BE/Caterpillar THE EUROPEAN PARLIAMENT AND THE COUNCIL OF THE EUROPEAN UNION, Having regard to the Treaty on the Functioning of the European Union, Having regard to Regulation (EU) No 1309/2013 of the European Parliament and of the Council of 17 December 2013 on the European Globalisation Adjustment Fund (2014-2020) and repealing Regulation (EC) No 1927/2006 (1), and in particular Article 15(4) thereof, Having regard to the Interinstitutional Agreement of 2 December 2013 between the European Parliament, the Council and the Commission on budgetary discipline, on cooperation in budgetary matters and on sound financial management (2), and in particular point 13 thereof, Having regard to the proposal from the European Commission, Whereas:""}]}"
7,32018D0847_1,32018D0847,"{""ontology_name"": ""EGF_Mobilization_Ontology"", ""description"": ""An ontology for the mobilization of the European Globalisation Adjustment Fund (EGF) as per Regulation (EU) No 1309/2013"", ""odrl_alignment"": {""core_entities"": [""Asset"", ""Party"", ""Permission"", ""Duty"", ""Constraint""], ""extensions"": [""LegalInstrument"", ""Regulation""]}, ""classes"": [{""name"": ""EGF_Mobilization"", ""type"": ""ODRL_core"", ""description"": ""A mobilization of the European Globalisation Adjustment Fund (EGF)""}], ""relationships"": [{""source"": ""EGF_Mobilization"", ""relation"": ""appliesTo"", ""target"": ""Article_1"", ""description"": ""The EGF mobilization is applied to the Article 1 of the Decision""}, {""source"": ""EGF_Mobilization"", ""relation"": ""appliesTo"", ""target"": ""Article_2"", ""description"": ""The EGF mobilization is applied to the Article 2 of the Decision""}], ""rights_model"": {""permissions"": [{""action"": ""calculate_financial_contribution"", ""asset"": ""EGF_Mobilization"", ""party"": ""Belgium"", ""constraints"": [{""name"": ""date_of_adoption"", ""value"": ""30 May 2018""}, {""name"": ""applicability_date"", ""value"": ""30 May 2018""}]}], ""duties"": [{""action"": ""mobilize_EGF"", ""party"": ""European_Globalisation_Adjustment_Fund"", ""constraints"": [{""name"": ""amount"", ""value"": ""EUR 4 621 616""}]}]}, ""legal_patterns"": [{""pattern_name"": ""EGF_Mobilization_Pattern"", ""description"": ""The process of mobilizing the EGF as per Regulation (EU) No 1309/2013"", ""entities_involved"": [""EGF_Mobilization"", ""Belgium"", ""European_Globalisation_Adjustment_Fund""]}], ""example_instances"": [{""entity"": ""Article_1"", ""example_value"": ""Article 1 For the general budget of the Union for the financial year 2018, the European Globalisation Adjustment Fund shall be mobilised to provide the amount of EUR 4 621 616 in commitment and payment appropriations."", ""source_context"": ""Article 1 For the general budget of the Union for the financial year 2018, the European Globalisation Adjustment Fund shall be mobilised to provide the amount of EUR 4 621 616 in commitment and payment appropriations.""}, {""entity"": ""Article_2"", ""example_value"": ""Article 2 This Decision shall enter into force on the day of its publication in the Official Journal of the European Union. It shall apply from 30 May 2018."", ""source_context"": ""Article 2 This Decision shall enter into force on the day of its publication in the Official Journal of the European Union. It shall apply from 30 May 2018.""}]}"
7,32018D0845_0,32018D0845,"{""ontology_name"": ""EGF_Mobilization_Ontology"", ""description"": ""An ontology for the mobilization of the European Globalisation Adjustment Fund (EGF/2018/000 TA 2018  Technical assistance at the initiative of the Commission)"", ""odrl_alignment"": {""core_entities"": [""Asset"", ""Party"", ""Permission"", ""Duty"", ""Constraint""], ""extensions"": [""LegalInstrument"", ""Regulation""]}, ""classes"": [{""name"": ""EGF_Mobilization"", ""type"": ""ODRL_core"", ""description"": ""A mobilization of the European Globalisation Adjustment Fund (EGF/2018/000 TA 2018  Technical assistance at the initiative of the Commission)""}], ""relationships"": [{""source"": ""EGF_Mobilization"", ""relation"": ""appliesTo"", ""target"": ""EGF_Mobilization"", ""description"": ""The EGF Mobilization applies to itself""}], ""rights_model"": {""permissions"": [{""action"": ""use_egf_for_technical_assistance"", ""asset"": ""EGF_Mobilization"", ""party"": ""European_Union"", ""constraints"": [{""name"": ""amount"", ""value"": ""EUR 345 000""}, {""name"": ""year"", ""value"": ""2018""}]}], ""duties"": [{""action"": ""use_egf_for_technical_assistance"", ""party"": ""European_Union"", ""constraints"": [{""name"": ""amount"", ""value"": ""EUR 345 000""}, {""name"": ""year"", ""value"": ""2018""}]}]}, ""legal_patterns"": [{""pattern_name"": ""EGF_Mobilization_Pattern"", ""description"": ""The European Union mobilizes the EGF for technical assistance at the initiative of the Commission"", ""entities_involved"": [""European_Union"", ""EGF_Mobilization""]}], ""example_instances"": [{""entity"": ""EGF_Mobilization"", ""example_value"": ""DECISION (EU) 2018/845 OF THE EUROPEAN PARLIAMENT AND OF THE COUNCIL of 30 May 2018 on the mobilisation of the European Globalisation Adjustment Fund (EGF/2018/000 TA 2018  Technical assistance at the initiative of the Commission)"", ""source_context"": ""THE EUROPEAN PARLIAMENT AND THE COUNCIL OF THE EUROPEAN UNION, HAVE ADOPTED THIS DECISION.""}]}"
8,32018D0845_1,32018D0845,"{""ontology_name"": ""EU_Globalization_Adjustment_Fund"", ""description"": ""Ontology for the European Globalization Adjustment Fund Decision"", ""odrl_alignment"": {""core_entities"": [""Asset"", ""Party"", ""Permission"", ""Duty"", ""Constraint""], ""extensions"": [""LegalInstrument"", ""Regulation""]}, ""classes"": [{""name"": ""GlobalizationAdjustmentFund"", ""type"": ""ODRL_core"", ""description"": ""Represents the European Globalization Adjustment Fund""}], ""relationships"": [{""source"": ""GlobalizationAdjustmentFund"", ""relation"": ""appliesTo"", ""target"": ""Party"", ""description"": ""The Globalization Adjustment Fund applies to the Parties (Commission, Parliament, Council)""}], ""rights_model"": {""permissions"": [{""action"": ""mobilise_egf"", ""asset"": ""GlobalizationAdjustmentFund"", ""party"": ""Commission"", ""constraints"": [{""name"": ""amount"", ""value"": ""EUR 345 000""}, {""name"": ""purpose"", ""value"": ""technical assistance""}]}], ""duties"": [{""action"": ""enter_into_force"", ""party"": ""PublicationInOfficialJournal"", ""constraints"": [{""name"": ""publication_date"", ""value"": ""third day following its publication in the Official Journal of the European Union""}]}]}, ""legal_patterns"": [{""pattern_name"": ""FundMobilization"", ""description"": ""The EGF is mobilized for a specific purpose and amount"", ""entities_involved"": [""GlobalizationAdjustmentFund"", ""Commission""]}, {""pattern_name"": ""PublicationEntryIntoForce"", ""description"": ""The Decision enters into force upon publication in the Official Journal"", ""entities_involved"": [""Decision"", ""PublicationInOfficialJournal""]}], ""example_instances"": [{""entity"": ""GlobalizationAdjustmentFund"", ""example_value"": ""Article 1 For the general budget of the European Union for the financial year 2018, the European Globalization Adjustment Fund shall be mobilised to provide the sum of EUR 345 000 in commitment and payment appropriations."", ""source_context"": ""EUR-Lex text: Article 1 For the general budget of the European Union for the financial year 2018, the European Globalization Adjustment Fund shall be mobilised to provide the sum of EUR 345 000 in commitment and payment appropriations.""}, {""entity"": ""PublicationInOfficialJournal"", ""example_value"": ""Article 2 This Decision shall enter into force on the third day following that of its publication in the Official Journal of the European Union."", ""source_context"": ""EUR-Lex text: Article 2 This Decision shall enter into force on the third day following that of its publication in the Official Journal of the European Union.""}]}"
8,32018D0646_0,32018D0646,"{""ontology_name"": ""EuropassFrameworkODRL"", ""description"": ""ODRL-aligned ontology for the Europass framework decision"", ""odrl_alignment"": {""core_entities"": [""Asset"", ""Party"", ""Permission"", ""Duty"", ""Constraint""], ""extensions"": [""LegalInstrument"", ""Regulation""]}, ""classes"": [{""name"": ""Asset"", ""type"": ""ODRL_core"", ""description"": ""Represents the Europass framework document""}, {""name"": ""Party"", ""type"": ""ODRL_core"", ""description"": ""Represents the European Parliament and the Council of the European Union""}, {""name"": ""Permission"", ""type"": ""ODRL_core"", ""description"": ""Represents the permission to use the Europass framework""}, {""name"": ""Duty"", ""type"": ""ODRL_core"", ""description"": ""Represents the duty to use the Europass framework""}], ""relationships"": [{""source"": ""Asset"", ""relation"": ""appliesTo"", ""target"": ""Party"", ""description"": ""The Europass framework applies to the European Parliament and the Council of the European Union""}, {""source"": ""Party"", ""relation"": ""grantsPermissionTo"", ""target"": ""Permission"", ""description"": ""The European Parliament and the Council of the European Union grant permission to use the Europass framework""}, {""source"": ""Party"", ""relation"": ""requiresDutyFrom"", ""target"": ""Duty"", ""description"": ""The European Parliament and the Council of the European Union require the use of the Europass framework""}], ""rights_model"": {""permissions"": [{""action"": ""use_europass_framework"", ""asset"": ""Asset"", ""party"": ""Party"", ""constraints"": [{""name"": ""validity"", ""value"": ""2018-04-18 to 2023-04-17""}]}], ""duties"": [{""action"": ""use_europass_framework"", ""party"": ""Party"", ""constraints"": []}]}, ""legal_patterns"": [{""pattern_name"": ""FrameworkUsePattern"", ""description"": ""Pattern for using the Europass framework"", ""entities_involved"": [""Asset"", ""Party""]}], ""example_instances"": [{""entity"": ""Asset"", ""example_value"": ""DECISION (EU) 2018/646"", ""source_context"": ""DECISION (EU) 2018/646 OF THE EUROPEAN PARLIAMENT AND OF THE COUNCIL of 18 April 2018 on a common framework for the provision of better services for skills and qualifications (Europass) and repealing Decision No 2241/2004/EC (Text with EEA relevance)""}]}"
8,32018D0646_1,32018D0646,"{""ontology_name"": ""SkillsFormationFramework"", ""description"": ""ODRL-aligned ontology for the Skills Formation Framework"", ""odrl_alignment"": {""core_entities"": [""Asset"", ""Party"", ""Permission"", ""Duty"", ""Constraint""], ""extensions"": [""LegalInstrument"", ""Regulation""]}, ""classes"": [{""name"": ""SkillFormationFramework"", ""type"": ""ODRL_core"", ""description"": ""SkillFormationFramework class represents the overall framework for skills formation.""}], ""relationships"": [{""source"": ""SkillFormationFramework"", ""relation"": ""appliesTo"", ""target"": ""Stakeholder"", ""description"": ""SkillFormationFramework applies to Stakeholder entities.""}], ""rights_model"": {""permissions"": [{""action"": ""calculate_import_duty"", ""asset"": ""SkillFormationFramework"", ""party"": ""Stakeholder"", ""constraints"": [{""name"": ""valid_until"", ""value"": ""1985""}]}], ""duties"": [{""action"": ""calculate_export_duty"", ""party"": ""Stakeholder"", ""constraints"": []}]}, ""legal_patterns"": [{""pattern_name"": ""StakeholderParticipationPattern"", ""description"": ""Pattern for Stakeholder participation in the SkillFormationFramework."", ""entities_involved"": [""Stakeholder"", ""SkillFormationFramework""]}], ""example_instances"": [{""entity"": ""Stakeholder"", ""example_value"": ""Stakeholder entities are involved in the SkillFormationFramework."", ""source_context"": ""(4) Decision No 2241/2004/EC of the European Parliament and of the Council (3) established a framework to address the challenges relating to job seeking, engaging in learning and career management.""}]}"
8,32018D0646_2,32018D0646,"{""ontology_name"": ""EuropassOntology"", ""description"": ""ODRL-aligned ontology for Europass legal framework"", ""odrl_alignment"": {""core_entities"": [""Asset"", ""Party"", ""Permission"", ""Duty"", ""Constraint""], ""extensions"": [""LegalInstrument"", ""Regulation""]}, ""classes"": [{""name"": ""EuropassAsset"", ""type"": ""ODRL_core"", ""description"": ""Represents Europass as an asset""}], ""relationships"": [{""source"": ""EuropassAsset"", ""relation"": ""appliesTo"", ""target"": ""Individual"", ""description"": ""Individuals can use Europass assets""}, {""source"": ""EuropassAsset"", ""relation"": ""appliesTo"", ""target"": ""Organisation"", ""description"": ""Organisations can use Europass assets""}], ""rights_model"": {""permissions"": [{""action"": ""use_europass_assets"", ""asset"": ""EuropassAsset"", ""party"": ""Individual"", ""constraints"": [{""name"": ""geographical_coverage"", ""value"": ""worldwide""}]}, {""action"": ""use_europass_assets"", ""asset"": ""EuropassAsset"", ""party"": ""Organisation"", ""constraints"": [{""name"": ""geographical_coverage"", ""value"": ""worldwide""}]}], ""duties"": [{""action"": ""ensure_diversity_of_national_systems"", ""party"": ""Individual"", ""constraints"": [{""name"": ""geographical_coverage"", ""value"": ""worldwide""}]}, {""action"": ""ensure_diversity_of_national_systems"", ""party"": ""Organisation"", ""constraints"": [{""name"": ""geographical_coverage"", ""value"": ""worldwide""}]}]}, ""legal_patterns"": [{""pattern_name"": ""EuropassImplementationPattern"", ""description"": ""Pattern for implementing Europass"", ""entities_involved"": [""Individual"", ""Organisation""]}], ""example_instances"": [{""entity"": ""Individual"", ""example_value"": ""Support for, and greater coordination of, those national services should be ensured in order to enhance their impact while respecting the diversity of national systems."", ""source_context"": ""(7) In its report to the European Parliament and the Council of 19 December 2013 on the evaluation of Europass, the Commission concluded that the National Europass Centres' mission of raising awareness of Europass and providing the necessary information to interested parties was a satisfactory model for the implementation of Europass.""}, {""entity"": ""Organisation"", ""example_value"": ""The Europass portfolio is one of a number of tools and instruments that have been put in place at Union level to improve transparency and understanding of skills and qualifications."", ""source_context"": ""(9) The Europass portfolio is one of a number of tools and instruments that have been put in place at Union level to improve transparency and understanding of skills and qualifications.""}]}"
8,32018D0646_3,32018D0646,"{""ontology_name"": ""europass_qualification_validation"", ""description"": ""Legal framework for Europass qualification validation and related learning outcomes"", ""odrl_alignment"": {""core_entities"": [""Asset"", ""Party"", ""Permission"", ""Duty"", ""Constraint""], ""extensions"": [""LegalInstrument"", ""Regulation""]}, ""classes"": [{""name"": ""Asset"", ""type"": ""ODRL_core"", ""description"": ""Represents the Europass Language Passport and Europass Mobility template, which are documents or products used to describe language skills and skills acquired through non-formal and informal learning.""}, {""name"": ""Party"", ""type"": ""ODRL_core"", ""description"": ""Represents individuals, organizations, or authorities involved in the validation of non-formal and informal learning.""}, {""name"": ""Permission"", ""type"": ""ODRL_core"", ""description"": ""Represents the legal right to use the Europass Language Passport and Europass Mobility template for validation purposes.""}, {""name"": ""Duty"", ""type"": ""ODRL_core"", ""description"": ""Represents the mandatory obligation for Member States to have in place arrangements for the validation of non-formal and informal learning by 2018.""}, {""name"": ""Constraint"", ""type"": ""ODRL_core"", ""description"": ""Represents conditions such as the requirement for Member States to have in place arrangements by 2018.""}], ""relationships"": [{""source"": ""Asset"", ""relation"": ""appliesTo"", ""target"": ""Party"", ""description"": ""The Europass Language Passport and Europass Mobility template apply to individuals and organizations involved in the validation of non-formal and informal learning.""}, {""source"": ""Party"", ""relation"": ""performs"", ""target"": ""Duty"", ""description"": ""Parties (Member States) are required to have in place arrangements for the validation of non-formal and informal learning by 2018.""}], ""rights_model"": {""permissions"": [{""action"": ""validate_non_formal_learning"", ""asset"": ""Asset"", ""party"": ""Party"", ""constraints"": [{""name"": ""by_2018"", ""value"": ""by 2018""}]}], ""duties"": [{""action"": ""have_in_place_arrangements"", ""party"": ""Party"", ""constraints"": [{""name"": ""by_2018"", ""value"": ""by 2018""}]}]}, ""legal_patterns"": [{""pattern_name"": ""ValidationArrangements"", ""description"": ""Arrangements for the validation of non-formal and informal learning by Member States by 2018."", ""entities_involved"": [""Member States"", ""Arrangements""]}], ""example_instances"": [{""entity"": ""Asset"", ""example_value"": ""Europass Language Passport and Europass Mobility template"", ""source_context"": ""The Council Recommendation of 22 May 2017 (4) provides a common reference framework to help individuals and organisations compare different qualification systems and the levels of qualifications from those systems.""}, {""entity"": ""Party"", ""example_value"": ""Member States"", ""source_context"": ""The Council Recommendation of 20 December 2012 (5) invited Member States to have in place, by 2018, in accordance with national circumstances and specificities, and as they deem appropriate, arrangements for the validation of non-formal and informal learning.""}, {""entity"": ""Duty"", ""example_value"": ""have in place arrangements for the validation of non-formal and informal learning by 2018"", ""source_context"": ""The Council Recommendation of 20 December 2012 (5) invited Member States to have in place, by 2018, in accordance with national circumstances and specificities, and as they deem appropriate, arrangements for the validation of non-formal and informal learning.""}]}"
9,32018D0646_4,32018D0646,"{""ontology_name"": ""LegalFrameworkOntology"", ""description"": ""An ontology for legal framework related to skills, qualifications, and employment services in the European Union"", ""odrl_alignment"": {""core_entities"": [""Asset"", ""Party"", ""Permission"", ""Duty"", ""Constraint""], ""extensions"": [""LegalInstrument"", ""Regulation""]}, ""classes"": [{""name"": ""LegalFramework"", ""type"": ""ODRL_core"", ""description"": ""A legal framework governing skills, qualifications, and employment services""}], ""relationships"": [{""source"": ""LegalFramework"", ""relation"": ""appliesTo"", ""target"": ""ESCO"", ""description"": ""LegalFramework applies to the use of ESCO by the Commission within the Europass framework""}, {""source"": ""LegalFramework"", ""relation"": ""appliesTo"", ""target"": ""EURES"", ""description"": ""LegalFramework applies to the use of EURES by Member States""}], ""rights_model"": {""permissions"": [{""action"": ""use_ESCO"", ""asset"": ""ESCO"", ""party"": ""Commission"", ""constraints"": [{""name"": ""use_ESCO_within_Europass"", ""value"": ""true""}]}, {""action"": ""use_ESCO_by_MemberStates"", ""asset"": ""ESCO"", ""party"": ""MemberStates"", ""constraints"": [{""name"": ""use_ESCO_voluntary"", ""value"": ""true""}, {""name"": ""use_ESCO_with_evaluation"", ""value"": ""true""}]}, {""action"": ""use_EURES"", ""asset"": ""EURES"", ""party"": ""MemberStates"", ""constraints"": [{""name"": ""use_EURES_voluntary"", ""value"": ""true""}]}], ""duties"": [{""action"": ""provide_free_assistance_to_jobseekers"", ""party"": ""EURES"", ""constraints"": [{""name"": ""provide_free_assistance_to_jobseekers"", ""value"": ""true""}]}]}, ""legal_patterns"": [{""pattern_name"": ""ESCO_and_Europass_integration"", ""description"": ""ESCO is used by the Commission within the Europass framework"", ""entities_involved"": [""ESCO"", ""Europass""]}, {""pattern_name"": ""ESCO_and_MemberStates_integration"", ""description"": ""ESCO is used by Member States following testing and evaluation"", ""entities_involved"": [""ESCO"", ""MemberStates""]}, {""pattern_name"": ""EURES_and_Europass_integration"", ""description"": ""EURES is used by Member States following testing and evaluation"", ""entities_involved"": [""EURES"", ""MemberStates""]}], ""example_instances"": [{""entity"": ""LegalFramework"", ""example_value"": ""sis of job vacancies and of other labour market trends is an established way of developing skills intelligence to understand the issues of skills gaps and shortages as well as qualification mismatches."", ""source_context"": ""sis of job vacancies and of other labour market trends is an established way of developing skills intelligence to understand the issues of skills gaps and shortages as well as qualification mismatches.""}, {""entity"": ""LegalFramework"", ""example_value"": ""The multilingual European Skills, Competences, Qualifications and Occupations classification (ESCO), developed and continuously updated by the Commission, in close cooperation with Member States and stakeholders, aims to promote the transparency of skills and qualifications for education and training, as well as for work-related purposes."", ""source_context"": ""The multilingual European Skills, Competences, Qualifications and Occupations classification (ESCO), developed and continuously updated by the Commission, in close cooperation with Member States and stakeholders, aims to promote the transparency of skills and qualifications for education and training, as well as for work-related purposes.""}, {""entity"": ""LegalFramework"", ""example_value"": ""Following appropriate testing, and having due regard for the position of Member States, ESCO could be used by the Commission within the Europass framework; the use of ESCO by Member States is on a voluntary basis, following testing with, and evaluation by, the Member States."", ""source_context"": ""Following appropriate testing, and having due regard for the position of Member States, ESCO could be used by the Commission within the Europass framework; the use of ESCO by Member States is on a voluntary basis, following testing with, and evaluation by, the Member States.""}]}"
9,32018D0646_5,32018D0646,"{""ontology_name"": ""LearningSkillsFramework"", ""description"": ""Legal framework for skills and qualifications documentation and assessment"", ""odrl_alignment"": {""core_entities"": [""Asset"", ""Party"", ""Permission"", ""Duty"", ""Constraint""], ""extensions"": [""LegalInstrument""]}, ""classes"": [{""name"": ""LearningSkillsFramework"", ""type"": ""ODRL_core"", ""description"": ""Legal framework for skills and qualifications documentation and assessment""}], ""relationships"": [{""source"": ""LearningSkillsFramework"", ""relation"": ""appliesTo"", ""target"": ""Individual"", ""description"": ""Individuals are covered by the LearningSkillsFramework""}], ""rights_model"": {""permissions"": [{""action"": ""present_skills"", ""asset"": ""LearningSkillsFramework"", ""party"": ""Individual"", ""constraints"": [{""name"": ""validity_period"", ""value"": ""2023-01-01 to 2024-12-31""}]}], ""duties"": [{""action"": ""self_assessment"", ""party"": ""Individual"", ""constraints"": []}]}, ""legal_patterns"": [{""pattern_name"": ""SkillsPresentationAndAssessment"", ""description"": ""Pattern for presenting and assessing skills within the LearningSkillsFramework"", ""entities_involved"": [""Individual"", ""LearningSkillsFramework""]}], ""example_instances"": [{""entity"": ""Individual"", ""example_value"": ""Individuals are covered by the LearningSkillsFramework"", ""source_context"": ""LearningSkillsFramework, Article 21""}]}"
9,32018D0646_6,32018D0646,"{""ontology_name"": ""EUR-Lex_Skills_Framework_2004"", ""description"": ""Legal framework for skills and qualifications documentation and assessment in the European Union"", ""odrl_alignment"": {""core_entities"": [""Asset"", ""Party"", ""Permission"", ""Duty"", ""Constraint""], ""extensions"": [""LegalInstrument"", ""Regulation""]}, ""classes"": [{""name"": ""SkillAssessmentTool"", ""type"": ""ODRL_core"", ""description"": ""A tool for assessing skills and qualifications""}, {""name"": ""SkillDocumentationTool"", ""type"": ""ODRL_core"", ""description"": ""A tool for documenting skills and qualifications""}, {""name"": ""ValidationInformationAccess"", ""type"": ""ODRL_core"", ""description"": ""Access to information on validation opportunities and guidance""}, {""name"": ""EmploymentDecisionTool"", ""type"": ""ODRL_core"", ""description"": ""A tool for making decisions on employment and learning opportunities""}, {""name"": ""SkillAssessmentTool_Access"", ""type"": ""ODRL_core"", ""description"": ""Access to a skill assessment tool""}, {""name"": ""SkillDocumentationTool_Access"", ""type"": ""ODRL_core"", ""description"": ""Access to a skill documentation tool""}, {""name"": ""ValidationInformationAccess_Access"", ""type"": ""ODRL_core"", ""description"": ""Access to validation information access""}, {""name"": ""EmploymentDecisionTool_Access"", ""type"": ""ODRL_core"", ""description"": ""Access to an employment decision tool""}], ""relationships"": [{""source"": ""SkillAssessmentTool_Access"", ""relation"": ""appliesTo"", ""target"": ""SkillAssessmentTool"", ""description"": ""Access to a skill assessment tool""}, {""source"": ""SkillDocumentationTool_Access"", ""relation"": ""appliesTo"", ""target"": ""SkillDocumentationTool"", ""description"": ""Access to a skill documentation tool""}, {""source"": ""ValidationInformationAccess_Access"", ""relation"": ""appliesTo"", ""target"": ""ValidationInformationAccess"", ""description"": ""Access to validation information access""}, {""source"": ""EmploymentDecisionTool_Access"", ""relation"": ""appliesTo"", ""target"": ""EmploymentDecisionTool"", ""description"": ""Access to an employment decision tool""}], ""rights_model"": {""permissions"": [{""action"": ""use_skill_assessment_tool"", ""asset"": ""SkillAssessmentTool"", ""party"": ""RightsHolder"", ""constraints"": [{""name"": ""valid_until"", ""value"": ""2024-12-31""}]}, {""action"": ""use_skill_documentation_tool"", ""asset"": ""SkillDocumentationTool"", ""party"": ""RightsHolder"", ""constraints"": [{""name"": ""valid_until"", ""value"": ""2024-12-31""}]}, {""action"": ""use_validation_information_access"", ""asset"": ""ValidationInformationAccess"", ""party"": ""RightsHolder"", ""constraints"": [{""name"": ""valid_until"", ""value"": ""2024-12-31""}]}, {""action"": ""use_employment_decision_tool"", ""asset"": ""EmploymentDecisionTool"", ""party"": ""RightsHolder"", ""constraints"": [{""name"": ""valid_until"", ""value"": ""2024-12-31""}]}], ""duties"": [{""action"": ""provide_skill_assessment_tool"", ""party"": ""Assignee"", ""constraints"": []}, {""action"": ""provide_skill_documentation_tool"", ""party"": ""Assignee"", ""constraints"": []}, {""action"": ""provide_validation_information_access"", ""party"": ""Assignee"", ""constraints"": []}, {""action"": ""provide_employment_decision_tool"", ""party"": ""Assignee"", ""constraints"": []}]}, ""legal_patterns"": [{""pattern_name"": ""SkillAssessmentToolUsage"", ""description"": ""Usage of a skill assessment tool by a RightsHolder"", ""entities_involved"": [""SkillAssessmentTool"", ""RightsHolder""]}, {""pattern_name"": ""SkillDocumentationToolUsage"", ""description"": ""Usage of a skill documentation tool by a RightsHolder"", ""entities_involved"": [""SkillDocumentationTool"", ""RightsHolder""]}, {""pattern_name"": ""ValidationInformationAccessUsage"", ""description"": ""Usage of validation information access by a RightsHolder"", ""entities_involved"": [""ValidationInformationAccess"", ""RightsHolder""]}, {""pattern_name"": ""EmploymentDecisionToolUsage"", ""description"": ""Usage of an employment decision tool by a RightsHolder"", ""entities_involved"": [""EmploymentDecisionTool"", ""RightsHolder""]}], ""example_instances"": [{""entity"": ""SkillAssessmentTool"", ""example_value"": ""SkillAssessmentTool as defined in the text"", ""source_context"": ""(24) Union tools for skills and qualifications should adapt to changing practices and advances in technology in order to ensure they remain relevant and beneficial to users. This should be achieved by, among other things, creating innovative features, such as interactive tools, editing and design of documents, by seeking to ensure more comprehensive, effective and efficient tools and simplification, as well as increased technical interoperability and synergies between related tools, including those developed by third parties, and by taking into account the specific needs of people with disabilities.""}, {""entity"": ""SkillDocumentationTool"", ""example_value"": ""SkillDocumentationTool as defined in the text"", ""source_context"": ""(24) Union tools for skills and qualifications should adapt to changing practices and advances in technology in order to ensure they remain relevant and beneficial to users. This should be achieved by, among other things, creating innovative features, such as interactive tools, editing and design of documents, by seeking to ensure more comprehensive, effective and efficient tools and simplification, as well as increased technical interoperability and synergies between related tools, including those developed by third parties, and by taking into account the specific needs of people with disabilities.""}, {""entity"": ""ValidationInformationAccess"", ""example_value"": ""ValidationInformationAccess as defined in the text"", ""source_context"": ""(24) Union tools for skills and qualifications should adapt to changing practices and advances in technology in order to ensure they remain relevant and beneficial to users. This should be achieved by, among other things, creating innovative features, such as interactive tools, editing and design of documents, by seeking to ensure more comprehensive, effective and efficient tools and simplification, as well as increased technical interoperability and synergies between related tools, including those developed by third parties, and by taking into account the specific needs of people with disabilities.""}, {""entity"": ""EmploymentDecisionTool"", ""example_value"": ""EmploymentDecisionTool as defined in the text"", ""source_context"": ""(24) Union tools for skills and qualifications should adapt to changing practices and advances in technology in order to ensure they remain relevant and beneficial to users. This should be achieved by, among other things, creating innovative features, such as interactive tools, editing and design of documents, by seeking to ensure more comprehensive, effective and efficient tools and simplification, as well as increased technical interoperability and synergies between related tools, including those developed by third parties, and by taking into account the specific needs of people with disabilities.""}]}"
9,32018D0646_7,32018D0646,"{""ontology_name"": ""Europass_Framework_Ontology"", ""description"": ""An ontology for the Europass framework, including its permissions, duties, and constraints."", ""odrl_alignment"": {""core_entities"": [""Asset"", ""Party"", ""Permission"", ""Duty"", ""Constraint""], ""extensions"": []}, ""classes"": [{""name"": ""EuropassFramework"", ""type"": ""ODRL_core"", ""description"": ""Represents the Europass framework as an asset.""}], ""relationships"": [{""source"": ""EuropassFramework"", ""relation"": ""appliesTo"", ""target"": ""Party"", ""description"": ""The Europass framework applies to parties.""}], ""rights_model"": {""permissions"": [{""action"": ""use_europass_framework"", ""asset"": ""EuropassFramework"", ""party"": ""Assignee"", ""constraints"": [{""name"": ""access"", ""value"": ""open_to_members_of_European_Economic_Area""}]}], ""duties"": [{""action"": ""ensure_accessibility"", ""party"": ""Assignee"", ""constraints"": [{""name"": ""accessibility"", ""value"": ""ensure_equal_access_to_labor_market_and_information_and_communication_technologies""}]}]}, ""legal_patterns"": [{""pattern_name"": ""Stakeholder_Participation"", ""description"": ""Collaboration between the Commission, Member States, and stakeholders for the successful development and implementation of the Europass framework."", ""entities_involved"": [""Commission"", ""MemberStates"", ""Stakeholders""]}], ""example_instances"": [{""entity"": ""EuropassFramework"", ""example_value"": ""The Europass framework should evolve in order to allow for the description of different types of learning and skills and, in particular, those acquired through non-formal and informal learning."", ""source_context"": ""(27) The Europass framework should evolve in order to allow for the description of different types of learning and skills and, in particular, those acquired through non-formal and informal learning.""}]}"
9,32018D0646_8,32018D0646,"{""ontology_name"": ""EuropassFrameworkOntology"", ""description"": ""Legal framework for the Europass framework, aligned with ODRL 2.2"", ""odrl_alignment"": {""core_entities"": [""Asset"", ""Party"", ""Permission"", ""Duty"", ""Constraint""], ""extensions"": [""LegalInstrument"", ""Regulation""]}, ""classes"": [{""name"": ""EuropassFramework"", ""type"": ""ODRL_core"", ""description"": ""Represents the Europass framework as an asset""}], ""relationships"": [{""source"": ""EuropassFramework"", ""relation"": ""appliesTo"", ""target"": ""MemberState"", ""description"": ""Member States are parties to the framework""}, {""source"": ""EuropassFramework"", ""relation"": ""appliesTo"", ""target"": ""NonMemberState"", ""description"": ""Non-Member States are parties to the framework""}], ""rights_model"": {""permissions"": [{""action"": ""use_information"", ""asset"": ""EuropassFramework"", ""party"": ""MemberState"", ""constraints"": [{""name"": ""effective_until"", ""value"": ""1985""}]}], ""duties"": [{""action"": ""implement_and_monitor"", ""party"": ""Commission"", ""constraints"": [{""name"": ""strategic_approach"", ""value"": ""develop strategic approach to implementation and future development of Europass""}, {""name"": ""web_based_tools"", ""value"": ""develop web-based tools, including through testing""}, {""name"": ""information_provided"", ""value"": ""provide information through the Europass online platform""}]}]}, ""legal_patterns"": [{""pattern_name"": ""Co_funding_and_Strategic_Discussions"", ""description"": ""Co-funding for implementation through the Erasmus+ programme and strategic discussions on Europass implementation"", ""entities_involved"": [""Erasmus+"", ""Commission"", ""MemberStates""]}], ""example_instances"": [{""entity"": ""MemberState"", ""example_value"": ""The Commission should ensure the coherent implementation and monitoring of this Decision through a Europass advisory group composed of representatives of the Member States and relevant stakeholders."", ""source_context"": ""The Commission should ensure the coherent implementation and monitoring of this Decision through a Europass advisory group composed of representatives of the Member States and relevant stakeholders. The advisory group should, in particular, develop a strategic approach to the implementation and future development of Europass, and advise on the development of web-based tools, including through testing, and on information provided through the Europass online platform, in cooperation with other groups, where relevant.""}]}"
10,32018D0646_9,32018D0646,"{""ontology_name"": ""EuropassFrameworkODRL"", ""description"": ""ODRL-aligned ontology for the Europass framework"", ""odrl_alignment"": {""core_entities"": [""Asset"", ""Party"", ""Permission"", ""Duty"", ""Constraint""], ""extensions"": [""LegalInstrument"", ""Regulation""]}, ""classes"": [{""name"": ""EuropassFramework"", ""type"": ""ODRL_core"", ""description"": ""Represents the European framework for supporting the transparency and understanding of skills and qualifications""}], ""relationships"": [{""source"": ""EuropassFramework"", ""relation"": ""appliesTo"", ""target"": ""MemberState"", ""description"": ""Member States are required to apply the obligations of the framework""}], ""rights_model"": {""permissions"": [{""action"": ""use_Europass_tools"", ""asset"": ""EuropassFramework"", ""party"": ""MemberState"", ""constraints"": [{""name"": ""effective_until"", ""value"": ""2025-12-31""}]}], ""duties"": [{""action"": ""support_with_agency_expertise"", ""party"": ""EuropeanCentreForVD"", ""constraints"": []}]}, ""legal_patterns"": [{""pattern_name"": ""MemberState_Obligations"", ""description"": ""Member States are obligated to use Europass tools and support with agency expertise"", ""entities_involved"": [""MemberState"", ""EuropeanCentreForVD""]}], ""example_instances"": [{""entity"": ""MemberState"", ""example_value"": ""Article 1, point 1 of the Decision"", ""source_context"": ""Article 1, point 1 of the Decision: This Decision establishes a European framework to support the transparency and understanding of skills and qualifications acquired in formal, non-formal and informal settings, including through practical experiences, mobility and volunteering (Europass).""}, {""entity"": ""EuropeanCentreForVD"", ""example_value"": ""Article 1, point 3 of the Decision"", ""source_context"": ""Article 1, point 3 of the Decision: The activities carried out in the context of this Decision should be supported by the expertise of the Union agencies, in particular by the European Centre for the Development of Vocational Training, within their domains of competence.""}]}"
10,32018D0646_10,32018D0646,"{""ontology_name"": ""europass_ontology"", ""description"": ""Legal rights and obligations related to the Europass system as defined in the provided text."", ""odrl_alignment"": {""core_entities"": [""Asset"", ""Party"", ""Permission"", ""Duty"", ""Constraint""], ""extensions"": []}, ""classes"": [{""name"": ""Asset"", ""type"": ""ODRL_core"", ""description"": ""Represents the Europass system as a whole.""}, {""name"": ""Party"", ""type"": ""ODRL_core"", ""description"": ""Represents the individual end-users and relevant stakeholders.""}, {""name"": ""Permission"", ""type"": ""ODRL_core"", ""description"": ""Represents the voluntary use of Europass.""}, {""name"": ""Duty"", ""type"": ""ODRL_core"", ""description"": ""Represents the mandatory obligations of the competent authorities or bodies to issue Europass supplements.""}], ""relationships"": [{""source"": ""Asset"", ""relation"": ""appliesTo"", ""target"": ""Party"", ""description"": ""The Europass system applies to the individual end-users and relevant stakeholders.""}, {""source"": ""Party"", ""relation"": ""performs"", ""target"": ""Permission"", ""description"": ""Individuals and stakeholders are allowed to use Europass voluntarily.""}, {""source"": ""Party"", ""relation"": ""performs"", ""target"": ""Duty"", ""description"": ""Competent authorities or bodies have a duty to issue Europass supplements.""}], ""rights_model"": {""permissions"": [{""action"": ""use_europass"", ""asset"": ""Asset"", ""party"": ""Party"", ""constraints"": []}], ""duties"": [{""action"": ""issue_supplement"", ""party"": ""Party"", ""constraints"": []}]}, ""legal_patterns"": [{""pattern_name"": ""Voluntary Use of Europass"", ""description"": ""The voluntary use of Europass by individuals and stakeholders."", ""entities_involved"": [""Asset"", ""Party""]}, {""pattern_name"": ""Mandatory Issue of Europass Supplements"", ""description"": ""The mandatory issue of Europass supplements by competent authorities or bodies."", ""entities_involved"": [""Party"", ""Asset""]}], ""example_instances"": [{""entity"": ""Asset"", ""example_value"": ""The Europass system as defined in the provided text."", ""source_context"": ""The text fragment provided.""}, {""entity"": ""Party"", ""example_value"": ""Individual end-users, such as learners, job seekers, workers and volunteers, and relevant stakeholders, such as education and training providers, guidance practitioners, employers, public employment services, social partners, youth work providers, youth organisations and policy makers."", ""source_context"": ""The text fragment provided.""}, {""entity"": ""Permission"", ""example_value"": ""use_europass"", ""source_context"": ""The text fragment provided.""}, {""entity"": ""Duty"", ""example_value"": ""issue_supplement"", ""source_context"": ""The text fragment provided.""}]}"
10,32018D0646_11,32018D0646,"{""ontology_name"": ""GuidanceFrameworkODRL"", ""description"": ""ODRL-aligned ontology for the Guidance Framework as described in EUR-Lex text"", ""odrl_alignment"": {""core_entities"": [""Asset"", ""Party"", ""Permission"", ""Duty"", ""Constraint""], ""extensions"": [""LegalInstrument"", ""Regulation""]}, ""classes"": [{""name"": ""GuidanceFrameworkAsset"", ""type"": ""ODRL_core"", ""description"": ""A document or product related to the Guidance Framework""}], ""relationships"": [{""source"": ""GuidanceFrameworkAsset"", ""relation"": ""appliesTo"", ""target"": ""Party"", ""description"": ""A document applies to a party (e.g., competent authorities, individuals)""}], ""rights_model"": {""permissions"": [{""action"": ""issue_guidance_document"", ""asset"": ""GuidanceFrameworkAsset"", ""party"": ""CompetentAuthority"", ""constraints"": [{""name"": ""valid_until"", ""value"": ""1985""}]}], ""duties"": [{""action"": ""conduct_self_assessment"", ""party"": ""Individual"", ""constraints"": []}]}, ""legal_patterns"": [{""pattern_name"": ""CompetentAuthorityIssueGuidance"", ""description"": ""Competent authorities issue guidance documents to parties"", ""entities_involved"": [""CompetentAuthority"", ""GuidanceFrameworkAsset""]}, {""pattern_name"": ""IndividualConductSelfAssessment"", ""description"": ""Individuals conduct self-assessment of skills"", ""entities_involved"": [""Individual"", ""SkillsIntelligence""]}], ""example_instances"": [{""entity"": ""GuidanceFrameworkAsset"", ""example_value"": ""upplements, issued by the competent authorities or bodies"", ""source_context"": ""upplements, issued by the competent authorities or bodies""}, {""entity"": ""Individual"", ""example_value"": ""Individuals conduct self-assessment of skills"", ""source_context"": ""Individuals conduct self-assessment of skills""}]}"
10,32018D0646_12,32018D0646,"{""ontology_name"": ""EuropassOntology"", ""description"": ""ODRL-aligned ontology for Europass online platform rules and regulations"", ""odrl_alignment"": {""core_entities"": [""Asset"", ""Party"", ""Permission"", ""Duty"", ""Constraint""], ""extensions"": [""LegalInstrument"", ""Regulation""]}, ""classes"": [{""name"": ""EuropassTool"", ""type"": ""ODRL_core"", ""description"": ""A tool provided by the Europass online platform for documenting and describing personal information, skills, and qualifications.""}, {""name"": ""EuropassUser"", ""type"": ""ODRL_core"", ""description"": ""A natural person who uses the Europass online platform to document and describe personal information, skills, and qualifications.""}], ""relationships"": [{""source"": ""EuropassTool"", ""relation"": ""appliesTo"", ""target"": ""EuropassUser"", ""description"": ""The Europass online platform applies to the use of its tools by EuropassUsers.""}], ""rights_model"": {""permissions"": [{""action"": ""use_tool"", ""asset"": ""EuropassTool"", ""party"": ""EuropassUser"", ""constraints"": [{""name"": ""valid_period"", ""value"": ""not specified in the text""}]}], ""duties"": [{""action"": ""document_skills"", ""party"": ""EuropassUser"", ""constraints"": [{""name"": ""relevant_standard"", ""value"": ""relevant standard, as per Article 3(l)""}]}]}, ""legal_patterns"": [{""pattern_name"": ""EuropassToolUsagePattern"", ""description"": ""The use of Europass tools for documenting and describing personal information, skills, and qualifications."", ""entities_involved"": [""EuropassTool"", ""EuropassUser""]}], ""example_instances"": [{""entity"": ""EuropassTool"", ""example_value"": ""Europass online platform, web-based tools for documenting and describing personal information, skills, and qualifications"", ""source_context"": ""Article 3: The Europass online platform shall provide available information or links to available information""}]}"
10,32018D0646_13,32018D0646,"{""ontology_name"": ""Europass_Online_Platform_Ontology"", ""description"": ""An ontology for the Europass online platform, capturing its legal rights, duties, and constraints."", ""odrl_alignment"": {""core_entities"": [""Asset"", ""Party"", ""Permission"", ""Duty"", ""Constraint""], ""extensions"": [""LegalInstrument"", ""Regulation""]}, ""classes"": [{""name"": ""EuropassOnlinePlatform"", ""type"": ""ODRL_core"", ""description"": ""Represents the Europass online platform and its functionalities.""}], ""relationships"": [{""source"": ""EuropassOnlinePlatform"", ""relation"": ""appliesTo"", ""target"": ""User"", ""description"": ""The Europass online platform applies to all users.""}], ""rights_model"": {""permissions"": [{""action"": ""use_platform"", ""asset"": ""EuropassOnlinePlatform"", ""party"": ""User"", ""constraints"": [{""name"": ""free_of_charge"", ""value"": ""true""}, {""name"": ""user_friendly"", ""value"": ""true""}, {""name"": ""accessible_to_disabilities"", ""value"": ""true""}, {""name"": ""open_standards"", ""value"": ""true""}, {""name"": ""refer_to_EQF"", ""value"": ""true""}]}], ""duties"": [{""action"": ""apply_data_protection_law"", ""party"": ""MemberStates"", ""constraints"": [{""name"": ""applicable_data_protection_law"", ""value"": ""Union data protection law""}]}]}, ""legal_patterns"": [{""pattern_name"": ""User_Friendly_and_Secure_Platform"", ""description"": ""The Europass online platform must be user-friendly and secure."", ""entities_involved"": [""EuropassOnlinePlatform"", ""User""]}, {""pattern_name"": ""Accessibility_to_Disabilities"", ""description"": ""The Europass online platform must be accessible to persons with disabilities."", ""entities_involved"": [""EuropassOnlinePlatform"", ""User""]}, {""pattern_name"": ""Open_Standards_and_Free_Reuse"", ""description"": ""The Europass online platform must use open standards and be made available for reuse by Member States and other stakeholders."", ""entities_involved"": [""EuropassOnlinePlatform"", ""MemberStates"", ""OtherStakeholders""]}, {""pattern_name"": ""Refer_to_EQF"", ""description"": ""The Europass online platform must refer to the EQF in information on qualifications, descriptions of national education and training systems and other relevant topics."", ""entities_involved"": [""EuropassOnlinePlatform"", ""MemberStates""]}], ""example_instances"": [{""entity"": ""EuropassOnlinePlatform"", ""example_value"": ""The Europass online platform and web-based tools, including their content and functionality, shall be user-friendly and secure and be made available free-of-charge to all users."", ""source_context"": ""Article 4, point 1""}, {""entity"": ""User"", ""example_value"": ""The Europass online platform and web-based tools, including their content and functionality, shall be accessible to persons with disabilities, in accordance with the accessibility requirements established in relevant Union law."", ""source_context"": ""Article 4, point 2""}, {""entity"": ""MemberStates"", ""example_value"": ""Europass web-based tools shall use open standards to be made available free of charge, for reuse by Member States and other stakeholders on a voluntary basis."", ""source_context"": ""Article 4, point 3""}, {""entity"": ""MemberStates"", ""example_value"": ""Europass web-based tools shall refer to the EQF in information on qualifications, descriptions of national education and training systems and other relevant topics, as appropriate and in line with national circumstances."", ""source_context"": ""Article 4, point 4""}]}"
11,32018D0646_14,32018D0646,"{""ontology_name"": ""Europass_Ontology"", ""description"": ""Legal rights and obligations related to Europass platform and supplements"", ""odrl_alignment"": {""core_entities"": [""Asset"", ""Party"", ""Permission"", ""Duty"", ""Constraint""], ""extensions"": []}, ""classes"": [{""name"": ""EuropassAsset"", ""type"": ""ODRL_core"", ""description"": ""Represents Europass platform and its supplements""}, {""name"": ""UserParty"", ""type"": ""ODRL_core"", ""description"": ""Represents users of Europass platform""}, {""name"": ""AuthorityParty"", ""type"": ""ODRL_core"", ""description"": ""Represents authorities or bodies issuing Europass supplements""}], ""relationships"": [{""source"": ""EuropassAsset"", ""relation"": ""appliesTo"", ""target"": ""UserParty"", ""description"": ""UserParty can access EuropassAsset""}, {""source"": ""EuropassAsset"", ""relation"": ""appliesTo"", ""target"": ""AuthorityParty"", ""description"": ""AuthorityParty can issue EuropassAsset""}], ""rights_model"": {""permissions"": [{""action"": ""use_europass_platform"", ""asset"": ""EuropassAsset"", ""party"": ""UserParty"", ""constraints"": [{""name"": ""language"", ""value"": ""in the national language and, where possible, in another European language""}, {""name"": ""formality"", ""value"": ""not to replace original diplomas or certificates and not to amount to formal recognition of the original diploma or certificate by competent authorities or bodies of other countries""}]}, {""action"": ""issue_europass_supplement"", ""asset"": ""EuropassAsset"", ""party"": ""AuthorityParty"", ""constraints"": [{""name"": ""order"", ""value"": ""in the order of each item in the templates shall be respected, to ensure ease of understanding and the provision of complete information""}, {""name"": ""formality"", ""value"": ""free of charge and, where possible, in electronic form""}]}], ""duties"": [{""action"": ""manage_europass_platform"", ""party"": ""CommissionParty"", ""constraints"": []}]}, ""legal_patterns"": [{""pattern_name"": ""UserAccessToPlatform"", ""description"": ""Users can access the Europass platform and its supplements"", ""entities_involved"": [""UserParty"", ""EuropassAsset""]}, {""pattern_name"": ""AuthorityIssuanceOfSupplements"", ""description"": ""Authorities can issue Europass supplements"", ""entities_involved"": [""AuthorityParty"", ""EuropassAsset""]}, {""pattern_name"": ""CommissionManagementOfPlatform"", ""description"": ""Commission manages the Europass online platform"", ""entities_involved"": [""CommissionParty"", ""EuropassAsset""]}], ""example_instances"": [{""entity"": ""UserParty"", ""example_value"": ""The Commission shall manage the Europass online platform. In that regard the Commission shall: (a) ensure the availability and high quality of Union-level information or links to such available information as referred to in Article 1(1) of this Regulation."", ""source_context"": ""The Commission shall manage the Europass online platform. In that regard the Commission shall: (a) ensure the availability and high quality of Union-level information or links to such available information as referred to in Article 1(1) of this Regulation.""}, {""entity"": ""AuthorityParty"", ""example_value"": ""In particular, the order of each item in the templates shall be respected, to ensure ease of understanding and the provision of complete information."", ""source_context"": ""In particular, the order of each item in the templates shall be respected, to ensure ease of understanding and the provision of complete information.""}, {""entity"": ""CommissionParty"", ""example_value"": ""The Commission shall manage the Europass online platform. In that regard the Commission shall: (a) ensure the availability and high quality of Union-level information or links to such available information as referred to in Article 1(1) of this Regulation."", ""source_context"": ""The Commission shall manage the Europass online platform. In that regard the Commission shall: (a) ensure the availability and high quality of Union-level information or links to such available information as referred to in Article 1(1) of this Regulation.""}]}"
11,32018D0646_15,32018D0646,"{""ontology_name"": ""Europass_Online_Platform_Ontology"", ""description"": ""Legal rights and obligations related to the Europass online platform as per EUR-Lex text"", ""odrl_alignment"": {""core_entities"": [""Asset"", ""Party"", ""Permission"", ""Duty"", ""Constraint""], ""extensions"": [""LegalInstrument"", ""Regulation""]}, ""classes"": [{""name"": ""Asset"", ""type"": ""ODRL_core"", ""description"": ""Represents the Europass online platform""}, {""name"": ""Party"", ""type"": ""ODRL_core"", ""description"": ""Represents the Commission and Member States""}], ""relationships"": [{""source"": ""Asset"", ""relation"": ""appliesTo"", ""target"": ""Party"", ""description"": ""The Commission and Member States apply to the Asset (Europass online platform)""}], ""rights_model"": {""permissions"": [{""action"": ""ensure_availability_and_quality"", ""asset"": ""Asset"", ""party"": ""Party"", ""constraints"": [{""name"": ""Union_level_information"", ""value"": ""Union-level information or links to such available information as referred to in Article 3(2)""}, {""name"": ""Technological_Advancements"", ""value"": ""Changes in labour markets and in the provision of education and training""}, {""name"": ""Technological_Developments"", ""value"": ""Latest technological developments that can improve the accessibility of Europass for older persons and persons with disabilities""}, {""name"": ""Consistency_of_information"", ""value"": ""Consistency of information""}, {""name"": ""Added_value"", ""value"": ""Clear added value""}, {""name"": ""Testing_and_quality_assurance"", ""value"": ""Testing and quality assurance of web-based tools, in particular tools for assessment and self-assessment""}, {""name"": ""Promotion_and_best_practice"", ""value"": ""Effective and adequate promotion, and learning activities and best practice exchanges between Member States""}]}, {""action"": ""ensure_effective_implementation"", ""asset"": ""Asset"", ""party"": ""Party"", ""constraints"": [{""name"": ""Active_participation_and_involvement"", ""value"": ""Active participation and involvement of Member States in strategic planning, development, testing, updating and evaluation of the Europass online platform""}, {""name"": ""Stakeholder_involvement"", ""value"": ""Involvement of relevant stakeholders at Union level""}, {""name"": ""Learning_activities_and_exchanges"", ""value"": ""Learning activities and best practice exchanges between Member States""}, {""name"": ""Peer_counselling"", ""value"": ""Facilitation of peer counselling at the request of Member States""}, {""name"": ""Promotion"", ""value"": ""Effective and adequate promotion""}]}], ""duties"": [{""action"": ""ensure_availability_and_quality"", ""party"": ""Party"", ""constraints"": [{""name"": ""Union_level_information"", ""value"": ""Union-level information or links to such available information as referred to in Article 3(2)""}, {""name"": ""Technological_Advancements"", ""value"": ""Changes in labour markets and in the provision of education and training""}, {""name"": ""Technological_Developments"", ""value"": ""Latest technological developments that can improve the accessibility of Europass for older persons and persons with disabilities""}, {""name"": ""Consistency_of_information"", ""value"": ""Consistency of information""}, {""name"": ""Added_value"", ""value"": ""Clear added value""}, {""name"": ""Testing_and_quality_assurance"", ""value"": ""Testing and quality assurance of web-based tools, in particular tools for assessment and self-assessment""}, {""name"": ""Promotion_and_best_practice"", ""value"": ""Effective and adequate promotion, and learning activities and best practice exchanges between Member States""}]}, {""action"": ""ensure_effective_implementation"", ""party"": ""Party"", ""constraints"": [{""name"": ""Active_participation_and_involvement"", ""value"": ""Active participation and involvement of Member States in strategic planning, development, testing, updating and evaluation of the Europass online platform""}, {""name"": ""Stakeholder_involvement"", ""value"": ""Involvement of relevant stakeholders at Union level""}, {""name"": ""Learning_activities_and_exchanges"", ""value"": ""Learning activities and best practice exchanges between Member States""}, {""name"": ""Peer_counselling"", ""value"": ""Facilitation of peer counselling at the request of Member States""}, {""name"": ""Promotion"", ""value"": ""Effective and adequate promotion""}]}]}, ""legal_patterns"": [{""pattern_name"": ""Ensure_Availability_and_Quality"", ""description"": ""The Commission ensures the availability and quality of Union-level information and technological advancements for the Europass online platform"", ""entities_involved"": [""Commission"", ""Member_States""]}, {""pattern_name"": ""Ensure_Effective_Implementation"", ""description"": ""The Commission ensures the effective implementation of the Europass online platform through active participation and involvement of Member States"", ""entities_involved"": [""Commission"", ""Member_States""]}], ""example_instances"": [{""entity"": ""Asset"", ""example_value"": ""The Europass online platform"", ""source_context"": ""The Europass online platform shall ensure the availability and high quality of Union-level information or links to such available information as referred to in Article 3(2)""}, {""entity"": ""Party"", ""example_value"": ""The Commission and Member States"", ""source_context"": ""The Commission shall ensure the availability and high quality of Union-level information or links to such available information as referred to in Article 3(2)""}]}"
11,32018D0646_16,32018D0646,"{""ontology_name"": ""EUR-Lex_Decision_Ontology"", ""description"": ""An ontology for legal rights and obligations related to the Europass Decision"", ""odrl_alignment"": {""core_entities"": [""Asset"", ""Party"", ""Permission"", ""Duty"", ""Constraint""], ""extensions"": [""LegalInstrument"", ""Regulation""]}, ""classes"": [{""name"": ""Asset"", ""type"": ""ODRL_core"", ""description"": ""Represents the Europass Decision""}, {""name"": ""Party"", ""type"": ""ODRL_core"", ""description"": ""Represents Member States and stakeholders""}], ""relationships"": [{""source"": ""Asset"", ""relation"": ""appliesTo"", ""target"": ""Party"", ""description"": ""Member States are responsible for the implementation of the Europass Decision""}], ""rights_model"": {""permissions"": [{""action"": ""calculate_import_duty"", ""asset"": ""Asset"", ""party"": ""Party"", ""constraints"": [{""name"": ""valid_until"", ""value"": ""1985""}]}], ""duties"": [{""action"": ""calculate_export_duty"", ""party"": ""Party"", ""constraints"": []}]}, ""legal_patterns"": [{""pattern_name"": ""Member_State_Implementation"", ""description"": ""Member States implement the Europass Decision at national level"", ""entities_involved"": [""Member_State"", ""Asset""]}], ""example_instances"": [{""entity"": ""Member_State"", ""example_value"": ""Article 7 Member States' tasks"", ""source_context"": ""Article 7: Each Member State shall be responsible for the implementation of this Decision at national level through the relevant national services and without prejudice to national arrangements in terms of implementation and organisation.""}]}"
11,32018D0646_17,32018D0646,"{""ontology_name"": ""EU_Decision_Ontology"", ""description"": ""An ontology for legal rights and obligations defined in EU Decisions"", ""odrl_alignment"": {""core_entities"": [""Asset"", ""Party"", ""Permission"", ""Duty"", ""Constraint""], ""extensions"": [""LegalInstrument"", ""Regulation""]}, ""classes"": [{""name"": ""Decision"", ""type"": ""ODRL_core"", ""description"": ""A legal decision document""}], ""relationships"": [{""source"": ""Decision"", ""relation"": ""appliesTo"", ""target"": ""Asset"", ""description"": ""A Decision applies to an Asset""}], ""rights_model"": {""permissions"": [{""action"": ""calculate_impact_report"", ""asset"": ""Decision"", ""party"": ""European_Union"", ""constraints"": [{""name"": ""date"", ""value"": ""2023-05-23""}, {""name"": ""frequency"", ""value"": ""every five years""}]}, {""action"": ""evaluate_decision"", ""asset"": ""Decision"", ""party"": ""European_Union"", ""constraints"": [{""name"": ""date"", ""value"": ""2018-04-18""}]}], ""duties"": [{""action"": ""implement_decision"", ""party"": ""Member_States"", ""constraints"": [{""name"": ""qualitative_indicators"", ""value"": ""developed by the Commission in consultation with Member States""}]}]}, ""legal_patterns"": [{""pattern_name"": ""Reporting_and_Evaluation"", ""description"": ""The European Union reports on progress and evaluates the implementation of the Decision"", ""entities_involved"": [""European_Union"", ""Member_States""]}, {""pattern_name"": ""Financial_Financing"", ""description"": ""The European Union finances the implementation of the Decision through Union programs"", ""entities_involved"": [""European_Union"", ""Member_States""]}], ""example_instances"": [{""entity"": ""Decision"", ""example_value"": ""Decision No 2241/2004/EC"", ""source_context"": ""Decision No 2241/2004/EC is repealed.""}]}"
11,32018D0646_18,32018D0646,"{""ontology_name"": ""LegalFramework_2018"", ""description"": ""Legal framework for European Union employment services, mobility services, and lifelong learning"", ""odrl_alignment"": {""core_entities"": [""Asset"", ""Party"", ""Permission"", ""Duty"", ""Constraint""], ""extensions"": [""LegalInstrument"", ""Regulation""]}, ""classes"": [{""name"": ""LegalFramework"", ""type"": ""ODRL_core"", ""description"": ""A legal framework document""}], ""relationships"": [{""source"": ""LegalFramework"", ""relation"": ""appliesTo"", ""target"": ""Party"", ""description"": ""A legal framework applies to a party""}], ""rights_model"": {""permissions"": [{""action"": ""use_EURES_services"", ""asset"": ""LegalFramework"", ""party"": ""Assignee"", ""constraints"": [{""name"": ""validity_period"", ""value"": ""2016-04-22 to 2021-04-21""}]}], ""duties"": [{""action"": ""provide_EURES_services"", ""party"": ""RightsHolder""}]}, ""legal_patterns"": [{""pattern_name"": ""EURES_Services_Provision"", ""description"": ""Provision of EURES services by RightsHolder to Assignee"", ""entities_involved"": [""LegalFramework"", ""Assignee"", ""RightsHolder""]}], ""example_instances"": [{""entity"": ""LegalFramework"", ""example_value"": ""Regulation (EU) 2016/589 of the European Parliament and of the Council of 13 April 2016 on a European network of employment services (EURES), workers' access to mobility services and the further integration of labour markets, and amending Regulations (EU) No 492/2011 and (EU) No 1296/2013 (OJ L 107, 22.4.2016, p. 1)."", ""source_context"": ""Regulation (EU) 2016/589 of the European Parliament and of the Council of 13 April 2016 on a European network of employment services (EURES), workers' access to mobility services and the further integration of labour markets, and amending Regulations (EU) No 492/2011 and (EU) No 1296/2013 (OJ L 107, 22.4.2016, p. 1).""}]}"
12,32018D0646_19,32018D0646,"{""ontology_name"": ""LegalFramework_2013"", ""description"": ""Legal framework for the repeal of certain decisions and directives, including personal data protection regulations."", ""odrl_alignment"": {""core_entities"": [""Asset"", ""Party"", ""Permission"", ""Duty"", ""Constraint""], ""extensions"": [""LegalInstrument"", ""Regulation""]}, ""classes"": [{""name"": ""LegalFramework"", ""type"": ""ODRL_core"", ""description"": ""Represents the legal framework governing the repeal of certain decisions and directives.""}], ""relationships"": [{""source"": ""LegalFramework"", ""relation"": ""appliesTo"", ""target"": ""Directive_95_46"", ""description"": ""LegalFramework applies to Directive 95/46/EC.""}, {""source"": ""LegalFramework"", ""relation"": ""appliesTo"", ""target"": ""Regulation_45_2001"", ""description"": ""LegalFramework applies to Regulation (EC) No 45/2001.""}, {""source"": ""LegalFramework"", ""relation"": ""appliesTo"", ""target"": ""Decisions_1719_2006"", ""description"": ""LegalFramework applies to Decisions No 1719/2006/EC.""}, {""source"": ""LegalFramework"", ""relation"": ""appliesTo"", ""target"": ""Decisions_1720_2006"", ""description"": ""LegalFramework applies to Decisions No 1720/2006/EC.""}, {""source"": ""LegalFramework"", ""relation"": ""appliesTo"", ""target"": ""Decisions_1298_2008"", ""description"": ""LegalFramework applies to Decisions No 1298/2008/EC.""}], ""rights_model"": {""permissions"": [{""action"": ""calculate_import_duty"", ""asset"": ""Directive_95_46"", ""party"": ""Assignee"", ""constraints"": [{""name"": ""effective_until"", ""value"": ""2013-12-20""}]}, {""action"": ""calculate_export_duty"", ""asset"": ""Regulation_45_2001"", ""party"": ""Assignee"", ""constraints"": [{""name"": ""effective_until"", ""value"": ""2013-12-20""}]}], ""duties"": [{""action"": ""calculate_export_duty"", ""party"": ""Assignee"", ""constraints"": []}]}, ""legal_patterns"": [{""pattern_name"": ""RepealOfDecisionsAndDirectives"", ""description"": ""A legal framework repeals certain decisions and directives."", ""entities_involved"": [""LegalFramework"", ""Decisions_1719_2006"", ""Decisions_1720_2006"", ""Decisions_1298_2008""]}], ""example_instances"": [{""entity"": ""LegalFramework"", ""example_value"": ""raining, youth and sport and repealing Decisions No 1719/2006/EC, No 1720/2006/EC and No 1298/2008/EC (OJ L 347, 20.12.2013, p. 50)."", ""source_context"": ""raining, youth and sport and repealing Decisions No 1719/2006/EC, No 1720/2006/EC and No 1298/2008/EC (OJ L 347, 20.12.2013, p. 50).""}]}"
12,32018D0598_0,32018D0598,"{""ontology_name"": ""EU_Financial_Assistance_Ontology"", ""description"": ""An ontology for EU financial assistance to Georgia as per Decision (EU) 2018/598"", ""odrl_alignment"": {""core_entities"": [""Asset"", ""Party"", ""Permission"", ""Duty"", ""Constraint""], ""extensions"": [""LegalInstrument"", ""Regulation""]}, ""classes"": [{""name"": ""LegalInstrument"", ""type"": ""ODRL_core"", ""description"": ""A legal instrument related to financial assistance to Georgia""}], ""relationships"": [{""source"": ""LegalInstrument"", ""relation"": ""appliesTo"", ""target"": ""Georgia"", ""description"": ""The legal instrument applies to Georgia""}], ""rights_model"": {""permissions"": [{""action"": ""provide_further_macro_financial_assistance"", ""asset"": ""Decision (EU) 2018/598"", ""party"": ""European Parliament and Council of the European Union"", ""constraints"": [{""name"": ""validity_period"", ""value"": ""2018-04-23 to 2021-04-23""}]}], ""duties"": [{""action"": ""implement_association_agreement"", ""party"": ""Georgia"", ""constraints"": [{""name"": ""adherence_to_DCFTA"", ""value"": ""Gradual introduction of a Deep and Comprehensive Free Trade Area (DCFTA)""}]}]}, ""legal_patterns"": [{""pattern_name"": ""Financial_Assistance_Pattern"", ""description"": ""Financial assistance provided by the EU to Georgia"", ""entities_involved"": [""European Parliament and Council of the European Union"", ""Georgia""]}], ""example_instances"": [{""entity"": ""Decision (EU) 2018/598"", ""example_value"": ""DECISION (EU) 2018/598 OF THE EUROPEAN PARLIAMENT AND OF THE COUNCIL of 18 April 2018 providing further macro-financial assistance to Georgia"", ""source_context"": ""DECISION (EU) 2018/598 OF THE EUROPEAN PARLIAMENT AND OF THE COUNCIL of 18 April 2018 providing further macro-financial assistance to Georgia""}]}"
12,32018D0598_1,32018D0598,"{""ontology_name"": ""MacroFinancialAssistanceOntology"", ""description"": ""An ontology for macro-financial assistance agreements and related obligations"", ""odrl_alignment"": {""core_entities"": [""Asset"", ""Party"", ""Permission"", ""Duty"", ""Constraint""], ""extensions"": [""LegalInstrument"", ""Regulation""]}, ""classes"": [{""name"": ""MacroFinancialAssistance"", ""type"": ""ODRL_core"", ""description"": ""Macro-financial assistance provided by the Union to Georgia""}], ""relationships"": [{""source"": ""MacroFinancialAssistance"", ""relation"": ""appliesTo"", ""target"": ""Georgia"", ""description"": ""Macro-financial assistance applies to Georgia""}], ""rights_model"": {""permissions"": [{""action"": ""provide_financial_support"", ""asset"": ""MacroFinancialAssistance"", ""party"": ""Union"", ""constraints"": [{""name"": ""amount"", ""value"": ""EUR 46 million""}, {""name"": ""duration"", ""value"": ""2009-2010""}, {""name"": ""source"", ""value"": ""grants""}]}, {""action"": ""provide_financial_support"", ""asset"": ""MacroFinancialAssistance"", ""party"": ""Union"", ""constraints"": [{""name"": ""amount"", ""value"": ""EUR 46 million""}, {""name"": ""source"", ""value"": ""grants and loans""}, {""name"": ""duration"", ""value"": ""2015-2017""}]}], ""duties"": [{""action"": ""implement_policy_programme"", ""party"": ""Georgia"", ""constraints"": [{""name"": ""policy_programme"", ""value"": ""to help Georgia reduce its economic vulnerabilities, and promote higher and more inclusive economic growth""}]}]}, ""legal_patterns"": [{""pattern_name"": ""MacroFinancialAssistancePattern"", ""description"": ""Macro-financial assistance provided by the Union to Georgia"", ""entities_involved"": [""Union"", ""Georgia""]}], ""example_instances"": [{""entity"": ""MacroFinancialAssistance"", ""example_value"": ""The first of those operations, which was of an amount of EUR 46 million made entirely in the form of grants, was implemented in 2009-2010."", ""source_context"": ""Since the military conflict with Russia in August 2008, Georgia has benefitted from two macro-financial assistance operations pledged by the Union at the International Donors' Conference in Brussels in October 2008. The first of those operations, which was of an amount of EUR 46 million made entirely in the form of grants, was implemented in 2009-2010.""}]}"
12,32018D0598_2,32018D0598,"{""ontology_name"": ""Georgia_Economic_Stabilization_Assistance"", ""description"": ""Legal framework for Georgia's economic stabilization and support"", ""odrl_alignment"": {""core_entities"": [""Asset"", ""Party"", ""Permission"", ""Duty"", ""Constraint""], ""extensions"": [""LegalInstrument"", ""Regulation""]}, ""classes"": [{""name"": ""Georgia_Economic_Stabilization_Assistance"", ""type"": ""ODRL_core"", ""description"": ""Legal instrument providing macro-financial assistance to Georgia""}], ""relationships"": [{""source"": ""Georgia_Economic_Stabilization_Assistance"", ""relation"": ""appliesTo"", ""target"": ""Georgia_Economic_Stabilization_Policy""}], ""rights_model"": {""permissions"": [{""action"": ""calculate_external_financing_needs"", ""asset"": ""Georgia_Economic_Stabilization_Assistance"", ""party"": ""Union"", ""constraints"": [{""name"": ""external_financing_needs"", ""value"": ""significant residual external financing gap in Georgia's balance of payments""}]}, {""action"": ""implement_policy_programme"", ""asset"": ""Georgia_Economic_Stabilization_Assistance"", ""party"": ""Union"", ""constraints"": [{""name"": ""policy_programme"", ""value"": ""strong immediate adjustment and structural reform measures""}]}, {""action"": ""support_external_financing"", ""asset"": ""Georgia_Economic_Stabilization_Assistance"", ""party"": ""Union"", ""constraints"": [{""name"": ""external_financing"", ""value"": ""sustainable external financing situation for Georgia""}]}], ""duties"": [{""action"": ""provide_immediate_external_financing"", ""party"": ""Union"", ""constraints"": [{""name"": ""immediate_external_financing"", ""value"": ""resources provided by the IMF and other multilateral institutions""}]}]}, ""legal_patterns"": [{""pattern_name"": ""Macro_Financial_Assistance_Pattern"", ""description"": ""Macro-financial assistance provided to address external financing needs"", ""entities_involved"": [""Union"", ""Georgia"", ""IMF"", ""Multilateral_Institutions""]}], ""example_instances"": [{""entity"": ""Georgia_Economic_Stabilization_Assistance"", ""example_value"": ""Article 10 of the legal text"", ""source_context"": ""The Union's macro-financial assistance should aim to support the restoration of a sustainable external financing situation for Georgia thereby supporting its economic and social development.""}]}"
12,32018D0598_3,32018D0598,"{""ontology_name"": ""EU_MacroFinancialAssistance_2023"", ""description"": ""Legal framework for EU macro-financial assistance to Georgia, aligned with ODRL principles."", ""odrl_alignment"": {""core_entities"": [""Asset"", ""Party"", ""Permission"", ""Duty"", ""Constraint""], ""extensions"": [""LegalInstrument"", ""Regulation""]}, ""classes"": [{""name"": ""MacroFinancialAssistance"", ""type"": ""ODRL_core"", ""description"": ""A macro-financial assistance provided by the Union to Georgia.""}], ""relationships"": [{""source"": ""MacroFinancialAssistance"", ""relation"": ""appliesTo"", ""target"": ""Georgia"", ""description"": ""Macro-financial assistance applies to Georgia.""}], ""rights_model"": {""permissions"": [{""action"": ""provide_grants"", ""asset"": ""MacroFinancialAssistance"", ""party"": ""Union"", ""constraints"": [{""name"": ""per_capita_income"", ""value"": ""measured by per capita income""}, {""name"": ""poverty_incidence"", ""value"": ""incidence of poverty""}, {""name"": ""debt_level"", ""value"": ""level of indebtedness""}]}], ""duties"": [{""action"": ""respect_democratic_mechanisms"", ""party"": ""Georgia"", ""constraints"": [{""name"": ""multi_party_parliamentary_system"", ""value"": ""including a multi-party parliamentary system""}, {""name"": ""rule_of_law"", ""value"": ""rule of law""}, {""name"": ""human_rights_respect"", ""value"": ""guarantees respect for human rights""}]}]}, ""legal_patterns"": [{""pattern_name"": ""MacroFinancialAssistance_Constraints"", ""description"": ""Macro-financial assistance is constrained by Georgia's economic and social development indicators and its commitment to shared values."", ""entities_involved"": [""MacroFinancialAssistance"", ""Georgia""]}], ""example_instances"": [{""entity"": ""MacroFinancialAssistance"", ""example_value"": ""ring between the Union and other donors, as well as the pre-existing deployment of the Union's other external financing instruments in Georgia and the added value of the overall Union involvement."", ""source_context"": ""ring between the Union and other donors, as well as the pre-existing deployment of the Union's other external financing instruments in Georgia and the added value of the overall Union involvement.""}, {""entity"": ""MacroFinancialAssistance"", ""example_value"": ""Taking into consideration Georgia's residual external financing needs, the level of its economic and social development as measured by per capita income and the incidence of poverty, as well as its level of indebtedness, a part of the assistance should be provided in the form of grants."", ""source_context"": ""Taking into consideration Georgia's residual external financing needs, the level of its economic and social development as measured by per capita income and the incidence of poverty, as well as its level of indebtedness, a part of the assistance should be provided in the form of grants.""}]}"
13,32018D0598_4,32018D0598,"{""ontology_name"": ""Georgia_MacroFinancialAssistance_Ontology"", ""description"": ""An ontology for the macro-financial assistance to Georgia as per the legal text provided"", ""odrl_alignment"": {""core_entities"": [""Asset"", ""Party"", ""Permission"", ""Duty"", ""Constraint""], ""extensions"": [""LegalInstrument"", ""Regulation""]}, ""classes"": [{""name"": ""MacroFinancialAssistance"", ""type"": ""ODRL_core"", ""description"": ""Macro-financial assistance provided by the Union to Georgia""}], ""relationships"": [{""source"": ""MacroFinancialAssistance"", ""relation"": ""appliesTo"", ""target"": ""Georgia"", ""description"": ""Macro-financial assistance applies to Georgia""}], ""rights_model"": {""permissions"": [{""action"": ""monitor_preconditions_and_objectives"", ""asset"": ""MacroFinancialAssistance"", ""party"": ""Commission"", ""constraints"": [{""name"": ""monitoring_frequency"", ""value"": ""regularly""}]}, {""action"": ""suspend_or_cancel_macro_financial_assistance"", ""asset"": ""MacroFinancialAssistance"", ""party"": ""Commission"", ""constraints"": [{""name"": ""preconditions_not_met"", ""value"": ""not met""}, {""name"": ""objectives_not_met"", ""value"": ""not met""}, {""name"": ""principles_of_Association_Agreement_disregarded"", ""value"": ""disregarded""}]}], ""duties"": [{""action"": ""take_measures_to_prevent_fraud_corruption"", ""party"": ""Georgia"", ""constraints"": [{""name"": ""measures_relating_to_fraud_corruption"", ""value"": ""appropriate""}]}]}, ""legal_patterns"": [{""pattern_name"": ""MacroFinancialAssistance_Monitoring"", ""description"": ""Macro-financial assistance monitoring by the Commission and the European External Action Service"", ""entities_involved"": [""Commission"", ""European_External_Action_Service""]}, {""pattern_name"": ""MacroFinancialAssistance_Suspension_Cancellation"", ""description"": ""Suspension or cancellation of macro-financial assistance by the Commission"", ""entities_involved"": [""Commission"", ""Georgia""]}, {""pattern_name"": ""MacroFinancialAssistance_Protection"", ""description"": ""Protection of the Union's financial interests by appropriate measures"", ""entities_involved"": [""Georgia"", ""Commission""]}], ""example_instances"": [{""entity"": ""MacroFinancialAssistance"", ""example_value"": ""Article 17 of the legal text"", ""source_context"": ""The Union's macro-financial assistance should also include measures to support the implementation of the Association Agreement, including the DCFTA.""}]}"
13,32018D0598_5,32018D0598,"{""ontology_name"": ""EU_MacroFinancialAssistance_Ontology"", ""description"": ""An ontology for EU macro-financial assistance decisions and related obligations"", ""odrl_alignment"": {""core_entities"": [""Asset"", ""Party"", ""Permission"", ""Duty"", ""Constraint""], ""extensions"": [""LegalInstrument"", ""Regulation""]}, ""classes"": [{""name"": ""MacroFinancialAssistance"", ""type"": ""ODRL_core"", ""description"": ""A macro-financial assistance provided by the Union to a beneficiary country""}, {""name"": ""MacroFinancialAssistanceDecision"", ""type"": ""ODRL_core"", ""description"": ""A decision by the Union to provide macro-financial assistance""}], ""relationships"": [{""source"": ""MacroFinancialAssistance"", ""relation"": ""appliesTo"", ""target"": ""MacroFinancialAssistanceDecision"", ""description"": ""A macro-financial assistance is provided in accordance with a decision""}], ""rights_model"": {""permissions"": [{""action"": ""calculate_macro_financial_assistance_amount"", ""asset"": ""MacroFinancialAssistance"", ""party"": ""EuropeanParliament"", ""constraints"": [{""name"": ""amount_limit"", ""value"": ""EUR 45 million""}]}, {""action"": ""inform_parliament_and_council"", ""asset"": ""MacroFinancialAssistance"", ""party"": ""EuropeanParliament"", ""constraints"": [{""name"": ""inform_frequency"", ""value"": ""regularly""}]}, {""action"": ""negotiate_macro_financial_assistance_conditions"", ""asset"": ""MacroFinancialAssistance"", ""party"": ""Commission"", ""constraints"": [{""name"": ""negotiation_procedure"", ""value"": ""negotiation with Georgian authorities under the supervision of the committee of representatives of the Member States in accordance with Regulation (EU) No 182/2011""}]}], ""duties"": [{""action"": ""use_advisory_procedure_for_operations_above_90_million"", ""party"": ""Commission"", ""constraints"": [{""name"": ""threshold_amount"", ""value"": ""EUR 90 million""}]}, {""action"": ""use_examination_procedure_for_operations_above_45_million"", ""party"": ""Commission"", ""constraints"": [{""name"": ""threshold_amount"", ""value"": ""EUR 45 million""}]}, {""action"": ""use_advisory_procedure_for_memorandum_of_understanding"", ""party"": ""Commission"", ""constraints"": [{""name"": ""procedure_type"", ""value"": ""advisory procedure""}]}, {""action"": ""use_advisory_procedure_for_reduction_suspension_or_cancellation_of_assistance"", ""party"": ""Commission"", ""constraints"": [{""name"": ""procedure_type"", ""value"": ""advisory procedure""}]}]}, ""legal_patterns"": [{""pattern_name"": ""MacroFinancialAssistanceNegotiationPattern"", ""description"": ""Negotiation of macro-financial assistance conditions with Georgian authorities"", ""entities_involved"": [""Commission"", ""GeorgianAuthorities""]}, {""pattern_name"": ""MacroFinancialAssistanceDecisionPattern"", ""description"": ""Decision by the Union to provide macro-financial assistance"", ""entities_involved"": [""Union"", ""MacroFinancialAssistanceDecision""]}], ""example_instances"": [{""entity"": ""MacroFinancialAssistance"", ""example_value"": ""The Union shall make macro-financial assistance of a maximum amount of EUR 45 million available to Georgia (the Union's macro-financial assistance), with a view to supporting Georgia's economic stabilisation and a substantive reform agenda."", ""source_context"": ""ided for in the multiannual financial framework. (20) The Union's macro-financial assistance should be managed by the Commission. In order to ensure that the European Parliament and the Council are able to follow the implementation of this Decision, the Commission should regularly inform them of developments relating to the assistance and provide them with the relevant documents. (21) In order to ensure uniform conditions for the implementation of this Decision, implementing powers should be conferred on the Commission. Those powers should be exercised in accordance with Regulation (EU) No 182/2011 of the European Parliament and of the Council (3). (22) The Union's macro-financial assistance should be subject to economic policy conditions, to be laid down in a Memorandum of Understanding. In order to ensure uniform conditions of implementation and for reasons of efficiency, the Commission should be empowered to negotiate such conditions with the Georgian authorities under the supervision of the committee of representatives of the Member States in accordance with Regulation (EU) No 182/2011. Under that Regulation, the advisory procedure should, as a general rule, apply in all cases other than as provided for in that Regulation. Considering the potentially important impact of assistance of more than EUR 90 million, it is appropriate that the examination procedure be used for operations above that threshold. Considering the amount of the Union's macro-financial assistance to Georgia, the advisory procedure should apply to the adoption of the Memorandum of Understanding, and to any reduction, suspension or cancellation of the assistance, HAVE ADOPTED THIS DECISION:""}]}"
13,32018D0598_6,32018D0598,"{""ontology_name"": ""Georgia_MacroFinancialAssistance"", ""description"": ""Legal framework for Georgia's macro-financial assistance"", ""odrl_alignment"": {""core_entities"": [""Asset"", ""Party"", ""Permission"", ""Duty"", ""Constraint""], ""extensions"": [""LegalInstrument"", ""Regulation""]}, ""classes"": [{""name"": ""MacroFinancialAssistance"", ""type"": ""ODRL_core"", ""description"": ""Macro-financial assistance provided by the Union to Georgia""}], ""relationships"": [{""source"": ""MacroFinancialAssistance"", ""relation"": ""appliesTo"", ""target"": ""Georgia"", ""description"": ""Macro-financial assistance applies to Georgia""}], ""rights_model"": {""permissions"": [{""action"": ""release_macro_financial_assistance"", ""asset"": ""MacroFinancialAssistance"", ""party"": ""EuropeanParliament, Council"", ""constraints"": [{""name"": ""approval"", ""value"": ""Union budget approval by European Parliament and Council""}]}, {""action"": ""borrow_funds"", ""asset"": ""MacroFinancialAssistance"", ""party"": ""Commission"", ""constraints"": [{""name"": ""maturity"", ""value"": ""maximum average maturity of 15 years""}]}, {""action"": ""inform_parliament"", ""asset"": ""MacroFinancialAssistance"", ""party"": ""EuropeanParliament, Council"", ""constraints"": [{""name"": ""timely_documents"", ""value"": ""relevant documents in due time""}]}], ""duties"": [{""action"": ""reduce_assistance"", ""party"": ""Commission"", ""constraints"": [{""name"": ""fund_needs"", ""value"": ""fund needs decrease compared to initial projections""}]}]}, ""legal_patterns"": [{""pattern_name"": ""MacroFinancialAssistanceRelease"", ""description"": ""Macro-financial assistance release conditional on budget approval and IMF program alignment"", ""entities_involved"": [""EuropeanParliament"", ""Council"", ""IMF"", ""Georgia""]}, {""pattern_name"": ""MacroFinancialAssistanceManagement"", ""description"": ""Macro-financial assistance management aligned with IMF and Association Agreement principles"", ""entities_involved"": [""Commission"", ""IMF"", ""Georgia""]}], ""example_instances"": [{""entity"": ""MacroFinancialAssistance"", ""example_value"": ""Union's macro-financial assistance"", ""source_context"": ""Article 1: 'o Georgia (the Union's macro-financial assistance, with a view to supporting Georgia's economic stabilisation and a substantive reform agenda.'""}]}"
13,32018D0598_7,32018D0598,"{""ontology_name"": ""EU_MacroFinancialAssistance_Ontology"", ""description"": ""Ontology for EU Macro-Financial Assistance rules and obligations"", ""odrl_alignment"": {""core_entities"": [""Asset"", ""Party"", ""Permission"", ""Duty"", ""Constraint""], ""extensions"": [""LegalInstrument"", ""Regulation""]}, ""classes"": [{""name"": ""MacroFinancialAssistance"", ""type"": ""ODRL_core"", ""description"": ""Macro-Financial Assistance provided by the Union to Georgia""}], ""relationships"": [{""source"": ""MacroFinancialAssistance"", ""relation"": ""appliesTo"", ""target"": ""Georgia"", ""description"": ""Macro-Financial Assistance applies to Georgia""}], ""rights_model"": {""permissions"": [{""action"": ""reduce_amount_of_assistance"", ""asset"": ""MacroFinancialAssistance"", ""party"": ""Commission"", ""constraints"": [{""name"": ""effective_until"", ""value"": ""1985""}]}], ""duties"": [{""action"": ""respect_democratic_mechanisms_and_law"", ""party"": ""Georgia"", ""constraints"": [{""name"": ""includes_multi_party_parliamentary_system"", ""value"": ""true""}, {""name"": ""guarantees_human_rights"", ""value"": ""true""}]}]}, ""legal_patterns"": [{""pattern_name"": ""MacroFinancialAssistance_Apply"", ""description"": ""Macro-Financial Assistance is applied in accordance with Council Decision 2010/427/EU"", ""entities_involved"": [""MacroFinancialAssistance"", ""CouncilDecision2010_427EU""]}], ""example_instances"": [{""entity"": ""MacroFinancialAssistance"", ""example_value"": ""Article 2, Paragraph 1"", ""source_context"": ""A pre-condition for granting the Union's macro-financial assistance shall be that Georgia respects effective democratic mechanisms including a multi-party parliamentary system and the rule of law, and guarantees respect for human rights.""}]}"
13,32018D0598_8,32018D0598,"{""ontology_name"": ""EU_MacroFinancialAssistance"", ""description"": ""Representation of macro-financial assistance policies and their enforcement within the EU and Georgia"", ""odrl_alignment"": {""core_entities"": [""Asset"", ""Party"", ""Permission"", ""Duty"", ""Constraint""], ""extensions"": [""LegalInstrument"", ""Regulation""]}, ""classes"": [{""name"": ""MacroFinancialAssistance"", ""type"": ""ODRL_core"", ""description"": ""Macro-financial assistance provided by the EU to Georgia""}], ""relationships"": [{""source"": ""MacroFinancialAssistance"", ""relation"": ""appliesTo"", ""target"": ""GeorgianAuthorities"", ""description"": ""Macro-financial assistance is applied to the Georgian authorities""}], ""rights_model"": {""permissions"": [{""action"": ""release_instalment"", ""asset"": ""MacroFinancialAssistance"", ""party"": ""GeorgianAuthorities"", ""constraints"": [{""name"": ""pre_condition"", ""value"": ""Article 2(1)""}, {""name"": ""satisfactory_track_record"", ""value"": ""continuous satisfactory track record of implementing a policy programme""}, {""name"": ""economic_policy_conditions"", ""value"": ""economic policy and financial conditions agreed in the Memorandum of Understanding""}]}], ""duties"": [{""action"": ""verify_conditions"", ""party"": ""Commission"", ""constraints"": [{""name"": ""economic_policies"", ""value"": ""economic policies of Georgia are in accordance with the objectives of the Union's macro-financial assistance""}]}]}, ""legal_patterns"": [{""pattern_name"": ""MacroFinancialAssistanceReleaseConditions"", ""description"": ""Conditions for releasing instalments of macro-financial assistance"", ""entities_involved"": [""MacroFinancialAssistance"", ""GeorgianAuthorities"", ""Commission""]}], ""example_instances"": [{""entity"": ""MacroFinancialAssistance"", ""example_value"": ""Article 4(1) and (2) of the relevant regulation"", ""source_context"": ""Article 4(1) and (2) of the relevant regulation""}]}"
14,32018D0598_9,32018D0598,"{""ontology_name"": ""MacroFinancialAssistanceODRL"", ""description"": ""ODRL ontology for Macro Financial Assistance"", ""odrl_alignment"": {""core_entities"": [""Asset"", ""Party"", ""Permission"", ""Duty"", ""Constraint""], ""extensions"": [""LegalInstrument"", ""Regulation""]}, ""classes"": [{""name"": ""MacroFinancialAssistance"", ""type"": ""ODRL_core"", ""description"": ""Macro Financial Assistance provided by the Union to Georgia""}], ""relationships"": [{""source"": ""MacroFinancialAssistance"", ""relation"": ""appliesTo"", ""target"": ""NationalBankOfGeorgia"", ""description"": ""Macro Financial Assistance is disbursed to the National Bank of Georgia""}], ""rights_model"": {""permissions"": [{""action"": ""calculate_import_duty"", ""asset"": ""MacroFinancialAssistance"", ""party"": ""NationalBankOfGeorgia"", ""constraints"": [{""name"": ""effective_until"", ""value"": ""1985""}]}], ""duties"": [{""action"": ""implement_economic_policy"", ""party"": ""EuropeanParliament"", ""constraints"": []}]}, ""legal_patterns"": [{""pattern_name"": ""MacroFinancialAssistanceImplementation"", ""description"": ""Macro Financial Assistance implementation conditions and responsibilities"", ""entities_involved"": [""MacroFinancialAssistance"", ""EuropeanParliament""]}], ""example_instances"": [{""entity"": ""MacroFinancialAssistance"", ""example_value"": ""Article 5"", ""source_context"": ""Article 5: The Union's macro-financial assistance shall be disbursed to the National Bank of Georgia.""}]}"
14,32018D0598_10,32018D0598,"{""ontology_name"": ""EU_MacroFinancialAssistance_Ontology"", ""description"": ""Ontology for EU Macro-Financial Assistance Decisions"", ""odrl_alignment"": {""core_entities"": [""Asset"", ""Party"", ""Permission"", ""Duty"", ""Constraint""], ""extensions"": [""LegalInstrument"", ""Regulation""]}, ""classes"": [{""name"": ""MacroFinancialAssistance"", ""type"": ""ODRL_core"", ""description"": ""Macro-Financial Assistance provided by the Union to Georgia""}], ""relationships"": [{""source"": ""MacroFinancialAssistance"", ""relation"": ""appliesTo"", ""target"": ""Georgia"", ""description"": ""Macro-FinancialAssistance applies to Georgia""}], ""rights_model"": {""permissions"": [{""action"": ""carry_out_refinancing_or_restructuring_operations"", ""asset"": ""MacroFinancialAssistance"", ""party"": ""Georgia"", ""constraints"": [{""name"": ""no_extension_of_maturity"", ""value"": ""not have the effect of extending the maturity of the borrowings concerned or of increasing the amount of capital outstanding at the date of the refinancing or restructuring""}]}], ""duties"": [{""action"": ""bear_costs"", ""party"": ""Union"", ""constraints"": [{""name"": ""costs_included_in_decision"", ""value"": ""All costs incurred by the Union which relate to the borrowing and lending operations under this Decision shall be borne by Georgia""}]}]}, ""legal_patterns"": [{""pattern_name"": ""RefinancingRestructuringOperations"", ""description"": ""Refinancing or restructuring operations carried out in accordance with specific paragraphs"", ""entities_involved"": [""Union"", ""Georgia""]}, {""pattern_name"": ""CostsBearing"", ""description"": ""Union bears costs related to borrowing and lending operations"", ""entities_involved"": [""Union"", ""Georgia""]}], ""example_instances"": [{""entity"": ""MacroFinancialAssistance"", ""example_value"": ""inancing or restructuring operations shall be carried out in accordance with paragraphs 1 and 4 and shall not have the effect of extending the maturity of the borrowings concerned or of increasing the amount of capital outstanding at the date of the refinancing or restructuring."", ""source_context"": ""inancing or restructuring operations shall be carried out in accordance with paragraphs 1 and 4 and shall not have the effect of extending the maturity of the borrowings concerned or of increasing the amount of capital outstanding at the date of the refinancing or restructuring.""}]}"
14,32018D0598_11,32018D0598,"{""ontology_name"": ""EU_MacroFinancialAssistance_Ontology"", ""description"": ""Ontology for EU Macro-Financial Assistance Decisions and Actions"", ""odrl_alignment"": {""core_entities"": [""Asset"", ""Party"", ""Permission"", ""Duty"", ""Constraint""], ""extensions"": [""LegalInstrument"", ""Regulation""]}, ""classes"": [{""name"": ""MacroFinancialAssistance"", ""type"": ""ODRL_core"", ""description"": ""Macro-Financial Assistance provided by the EU to Georgia""}], ""relationships"": [{""source"": ""MacroFinancialAssistance"", ""relation"": ""appliesTo"", ""target"": ""EuropeanAntiFraudOffice"", ""description"": ""European Anti-Fraud Office can carry out checks and audits""}, {""source"": ""MacroFinancialAssistance"", ""relation"": ""appliesTo"", ""target"": ""Commission"", ""description"": ""Commission can perform audits and document audits""}, {""source"": ""MacroFinancialAssistance"", ""relation"": ""appliesTo"", ""target"": ""CourtOfAuditors"", ""description"": ""Court of Auditors can perform audits""}, {""source"": ""MacroFinancialAssistance"", ""relation"": ""appliesTo"", ""target"": ""Georgia"", ""description"": ""Georgia is entitled to early repayment of the loan and/or to full repayment of the grant""}], ""rights_model"": {""permissions"": [{""action"": ""carry_out_checks"", ""asset"": ""MacroFinancialAssistance"", ""party"": ""EuropeanAntiFraudOffice"", ""constraints"": [{""name"": ""effective_until"", ""value"": ""1985""}]}, {""action"": ""perform_document_audits"", ""asset"": ""MacroFinancialAssistance"", ""party"": ""Commission"", ""constraints"": [{""name"": ""type_of_audits"", ""value"": ""document audits""}]}, {""action"": ""perform_on_the_spot_audits"", ""asset"": ""MacroFinancialAssistance"", ""party"": ""Commission"", ""constraints"": [{""name"": ""type_of_audits"", ""value"": ""on-the-spot audits""}]}, {""action"": ""perform_operational_assessments"", ""asset"": ""MacroFinancialAssistance"", ""party"": ""Commission"", ""constraints"": [{""name"": ""type_of_assessments"", ""value"": ""operational assessments""}]}], ""duties"": [{""action"": ""ensure_early_repayment"", ""party"": ""Union"", ""constraints"": [{""name"": ""engagement_in_fraud_or_corruption"", ""value"": ""any act of fraud or corruption or any other illegal activity detrimental to the financial interests of the Union""}]}]}, ""legal_patterns"": [{""pattern_name"": ""AuditAndAssessmentPattern"", ""description"": ""Pattern for audits and assessments performed by the Commission and Court of Auditors"", ""entities_involved"": [""Commission"", ""CourtOfAuditors"", ""MacroFinancialAssistance""]}], ""example_instances"": [{""entity"": ""MacroFinancialAssistance"", ""example_value"": ""Article 4 of Regulation (EU) No 182/2011"", ""source_context"": ""Article 4 of Regulation (EU) No 182/2011""}]}"
14,32018D0598_12,32018D0598,"{""ontology_name"": ""EU_MacroFinancialAssistance_Ontology"", ""description"": ""An ontology for the EU Macro-Financial Assistance Decision and its related obligations and rights."", ""odrl_alignment"": {""core_entities"": [""Asset"", ""Party"", ""Permission"", ""Duty"", ""Constraint""], ""extensions"": [""LegalInstrument"", ""Regulation""]}, ""classes"": [{""name"": ""MacroFinancialAssistanceDecision"", ""type"": ""ODRL_core"", ""description"": ""A decision related to macro-financial assistance""}], ""relationships"": [{""source"": ""MacroFinancialAssistanceDecision"", ""relation"": ""appliesTo"", ""target"": ""Georgia"", ""description"": ""The decision applies to Georgia""}], ""rights_model"": {""permissions"": [{""action"": ""release_instalments"", ""asset"": ""MacroFinancialAssistanceDecision"", ""party"": ""EuropeanUnion"", ""constraints"": [{""name"": ""validity_period"", ""value"": ""two_years""}]}], ""duties"": [{""action"": ""submit_ex_post_evaluation_report"", ""party"": ""EuropeanParliament"", ""constraints"": [{""name"": ""validity_period"", ""value"": ""two_years""}]}]}, ""legal_patterns"": [{""pattern_name"": ""MacroFinancialAssistanceEvaluationPattern"", ""description"": ""Pattern for the ex post evaluation of macro-financial assistance"", ""entities_involved"": [""EuropeanParliament"", ""EuropeanCouncil""]}], ""example_instances"": [{""entity"": ""MacroFinancialAssistanceDecision"", ""example_value"": ""Article 9 This Decision shall enter into force on the third day following that of its publication in the Official Journal of the European Union."", ""source_context"": ""Article 9 This Decision shall enter into force on the third day following that of its publication in the Official Journal of the European Union.""}]}"
14,32018D0598_13,32018D0598,"{""ontology_name"": ""EU_Financial_Rules_2009_2013"", ""description"": ""Legal framework for financial rules applicable to the general budget of the Union, including regulations, delegations, and other legal instruments."", ""odrl_alignment"": {""core_entities"": [""Asset"", ""Party"", ""Permission"", ""Duty"", ""Constraint""], ""extensions"": [""LegalInstrument"", ""Regulation""]}, ""classes"": [{""name"": ""LegalInstrument"", ""type"": ""ODRL_core"", ""description"": ""A legal instrument that can be referenced in ODRL permissions and duties.""}, {""name"": ""Regulation"", ""type"": ""ODRL_core"", ""description"": ""A formal legal instrument adopted by the European Parliament and the Council.""}], ""relationships"": [{""source"": ""Regulation"", ""relation"": ""appliesTo"", ""target"": ""LegalInstrument"", ""description"": ""A Regulation is a type of LegalInstrument.""}], ""rights_model"": {""permissions"": [{""action"": ""use_financial_rules"", ""asset"": ""Regulation"", ""party"": ""Assignee"", ""constraints"": [{""name"": ""validity_period"", ""value"": ""2009-06-10 to 2013-09-11""}]}], ""duties"": [{""action"": ""comply_with_financial_rules"", ""party"": ""Assignee"", ""constraints"": []}]}, ""legal_patterns"": [{""pattern_name"": ""FinancialRulesApplication"", ""description"": ""Application of financial rules to specific legal instruments."", ""entities_involved"": [""Regulation"", ""LegalInstrument""]}], ""example_instances"": [{""entity"": ""Regulation"", ""example_value"": ""L 145, 10.6.2009, p. 10). (6) Regulation (EU, Euratom) No 966/2012"", ""source_context"": ""L 145, 10.6.2009, p. 10). (6) Regulation (EU, Euratom) No 966/2012 of the European Parliament and of the Council of 25 October 2012 on the financial rules applicable to the general budget of the Union and repealing Council Regulation (EC, Euratom) No 1605/2002 (OJ L 298, 26.10.2012, p. 1).""}]}"
15,32018D0513_0,32018D0513,"{""ontology_name"": ""EGF_Mobilization_Ontology"", ""description"": ""Ontology for the mobilization of the European Globalisation Adjustment Fund (EGF)"", ""odrl_alignment"": {""core_entities"": [""Asset"", ""Party"", ""Permission"", ""Duty"", ""Constraint""], ""extensions"": [""LegalInstrument"", ""Regulation""]}, ""classes"": [{""name"": ""EGF_Mobilization"", ""type"": ""ODRL_core"", ""description"": ""A mobilization of the European Globalisation Adjustment Fund (EGF)""}], ""relationships"": [{""source"": ""EGF_Mobilization"", ""relation"": ""appliesTo"", ""target"": ""Germany"", ""description"": ""The EGF mobilization applies to Germany""}, {""source"": ""EGF_Mobilization"", ""relation"": ""appliesTo"", ""target"": ""Goodyear Dunlop Tires Germany GmbH"", ""description"": ""The EGF mobilization applies to Goodyear Dunlop Tires Germany GmbH""}], ""rights_model"": {""permissions"": [{""action"": ""calculate_import_duty"", ""asset"": ""Germany"", ""party"": ""Germany"", ""constraints"": [{""name"": ""max_amount"", ""value"": ""EUR 150 million (2011 prices)""}]}], ""duties"": [{""action"": ""provide_support"", ""party"": ""European Union"", ""constraints"": [{""name"": ""EGF_amount"", ""value"": ""not to exceed a maximum annual amount of EUR 150 million (2011 prices)""}]}]}, ""legal_patterns"": [{""pattern_name"": ""EGF_Application_Process"", ""description"": ""The process of applying for and mobilizing the EGF"", ""entities_involved"": [""European Union"", ""Germany"", ""Goodyear Dunlop Tires Germany GmbH""]}], ""example_instances"": [{""entity"": ""Germany"", ""example_value"": ""Germany submitted an application to mobilize the EGF, in respect of redundancies in Goodyear Dunlop Tires Germany GmbH in Germany."", ""source_context"": ""Germany submitted an application to mobilize the EGF, in respect of redundancies in Goodyear Dunlop Tires Germany GmbH in Germany. It was supplemented by additional information provided in accordance with Article 8(3) of Regulation (EU) No 1309/2013.""}]}"
15,32018D0513_1,32018D0513,"{""ontology_name"": ""EGF_Mobilization_Ontology"", ""description"": ""An ontology for the mobilization of the European Globalisation Adjustment Fund (EGF) as per Regulation (EU) No 1309/2013."", ""odrl_alignment"": {""core_entities"": [""Asset"", ""Party"", ""Permission"", ""Duty"", ""Constraint""], ""extensions"": [""LegalInstrument"", ""Regulation""]}, ""classes"": [{""name"": ""EGF_Mobilization"", ""type"": ""ODRL_core"", ""description"": ""A mobilization of the European Globalisation Adjustment Fund (EGF) as per Regulation (EU) No 1309/2013.""}], ""relationships"": [{""source"": ""EGF_Mobilization"", ""relation"": ""appliesTo"", ""target"": ""Germany"", ""description"": ""Germany is the party to whom the mobilization applies.""}], ""rights_model"": {""permissions"": [{""action"": ""calculate_financial_contribution"", ""asset"": ""EGF_Mobilization"", ""party"": ""Germany"", ""constraints"": [{""name"": ""date_of_adoption"", ""value"": ""14 March 2018""}, {""name"": ""application_date"", ""value"": ""14 March 2018""}, {""name"": ""mobilization_date"", ""value"": ""14 March 2018""}]}], ""duties"": [{""action"": ""mobilize_EGF"", ""party"": ""European_Globalisation_Adjustment_Fund"", ""constraints"": [{""name"": ""mobilization_date"", ""value"": ""14 March 2018""}]}]}, ""legal_patterns"": [{""pattern_name"": ""EGF_Mobilization_Pattern"", ""description"": ""The process of mobilizing the EGF for a financial contribution as per Regulation (EU) No 1309/2013."", ""entities_involved"": [""EGF_Mobilization"", ""Germany"", ""European_Globalisation_Adjustment_Fund""]}], ""example_instances"": [{""entity"": ""EGF_Mobilization"", ""example_value"": ""Article 1 For the general budget of the Union for the financial year 2018, the European Globalisation Adjustment Fund shall be mobilised to provide the amount of EUR 2 165 231 in commitment and payment appropriations."", ""source_context"": ""dditional information provided in accordance with Article 8(3) of Regulation (EU) No 1309/2013. That application complies with the requirements for determining a financial contribution from the EGF as laid down in Article 13 of Regulation (EU) No 1309/2013. (4) The EGF should, therefore, be mobilised in order to provide a financial contribution of EUR 2 165 231 in respect of the application submitted by Germany. (5) In order to minimise the time taken to mobilise the EGF, this decision should apply from the date of its adoption, HAVE ADOPTED THIS DECISION: Article 1 For the general budget of the Union for the financial year 2018, the European Globalisation Adjustment Fund shall be mobilised to provide the amount of EUR 2 165 231 in commitment and payment appropriations. Article 2 This Decision shall enter into force on the day of its publication in the Official Journal of the European Union. It shall apply from 14 March 2018.""}]}"
15,32018D0514_0,32018D0514,"{""ontology_name"": ""EGF_Mobilization_Ontology"", ""description"": ""An ontology for the mobilization of the European Globalisation Adjustment Fund (EGF)"", ""odrl_alignment"": {""core_entities"": [""Asset"", ""Party"", ""Permission"", ""Duty"", ""Constraint""], ""extensions"": [""LegalInstrument"", ""Regulation""]}, ""classes"": [{""name"": ""EGF_Mobilization"", ""type"": ""ODRL_core"", ""description"": ""A mobilization of the European Globalisation Adjustment Fund (EGF)""}], ""relationships"": [{""source"": ""EGF_Mobilization"", ""relation"": ""appliesTo"", ""target"": ""Sweden"", ""description"": ""The EGF mobilization applies to Sweden""}, {""source"": ""EGF_Mobilization"", ""relation"": ""appliesTo"", ""target"": ""Ericsson"", ""description"": ""The EGF mobilization applies to Ericsson""}], ""rights_model"": {""permissions"": [{""action"": ""calculate_import_duty"", ""asset"": ""EGF_Mobilization"", ""party"": ""Sweden"", ""constraints"": [{""name"": ""max_amount"", ""value"": ""EUR 150 million (2011 prices)""}]}], ""duties"": [{""action"": ""reintegration_assistance"", ""party"": ""Sweden"", ""constraints"": []}]}, ""legal_patterns"": [{""pattern_name"": ""EGF_Mobilization_Pattern"", ""description"": ""The mobilization of the EGF for the purpose of supporting workers in Sweden"", ""entities_involved"": [""EGF_Mobilization"", ""Sweden""]}], ""example_instances"": [{""entity"": ""EGF_Mobilization"", ""example_value"": ""DECISION (EU) 2018/514 OF THE EUROPEAN PARLIAMENT AND OF THE COUNCIL of 14 March 2018 on the mobilisation of the European Globalisation Adjustment Fund following an application from Sweden"", ""source_context"": ""THE EUROPEAN PARLIAMENT AND THE COUNCIL OF THE EUROPEAN UNION, Having regard to the proposal from the European Commission, Whereas: (1) The European Globalisation Adjustment Fund (EGF) aims to provide support for workers made redundant and self-employed persons whose activity has ceased as a result of major structural changes in world trade patterns due to globalisation, as a result of a continuation of the global financial and economic crisis, or as a result of a new global financial and economic crisis, and to assist them with their reintegration into the labour market. (2) The EGF is not to exceed a maximum annual amount of EUR 150 million (2011 prices), as laid down in Article 12 of Council Regulation (EU, Euratom) No 1311/2013 (3). (3) On 9 August 2017, Sweden submitted an application to mobilise the EGF, in respect of redundancies in Ericsson (Telefonaktiebolaget LM Ericsson) in Sweden. It was supplemented by additional information provided in accordance with Article 8(3) of Regulation (EU) No 1309/2013. That application complies with the requirements for determining a financial contribution from the EGF.""}]}"
15,32018D0514_1,32018D0514,"{""ontology_name"": ""EGF_Mobilization_Ontology"", ""description"": ""An ontology for the mobilization of the European Globalization Adjustment Fund (EGF) as per Regulation (EU) No 1309/2013"", ""odrl_alignment"": {""core_entities"": [""Asset"", ""Party"", ""Permission"", ""Duty"", ""Constraint""], ""extensions"": [""LegalInstrument"", ""Regulation""]}, ""classes"": [{""name"": ""EGF_Mobilization"", ""type"": ""ODRL_core"", ""description"": ""A mobilization of the European Globalization Adjustment Fund (EGF) as per Regulation (EU) No 1309/2013""}], ""relationships"": [{""source"": ""EGF_Mobilization"", ""relation"": ""appliesTo"", ""target"": ""Sweden"", ""description"": ""Sweden is the party to whom the EGF mobilization applies""}], ""rights_model"": {""permissions"": [{""action"": ""calculate_financial_contribution"", ""asset"": ""EGF_Mobilization"", ""party"": ""Sweden"", ""constraints"": [{""name"": ""date_of_mobilization"", ""value"": ""14 March 2018""}]}], ""duties"": [{""action"": ""mobilize_EGF"", ""party"": ""European_Union"", ""constraints"": [{""name"": ""date_of_mobilization"", ""value"": ""14 March 2018""}]}]}, ""legal_patterns"": [{""pattern_name"": ""EGF_Mobilization_Pattern"", ""description"": ""The process of mobilizing the EGF for a financial contribution as per Regulation (EU) No 1309/2013"", ""entities_involved"": [""European_Union"", ""Sweden""]}], ""example_instances"": [{""entity"": ""EGF_Mobilization"", ""example_value"": ""Article 1 For the general budget of the Union for the financial year 2018, the European Globalization Adjustment Fund shall be mobilised to provide the amount of EUR 2 130 400 in commitment and payment appropriations."", ""source_context"": ""Article 1 For the general budget of the Union for the financial year 2018, the European Globalization Adjustment Fund shall be mobilised to provide the amount of EUR 2 130 400 in commitment and payment appropriations.""}]}"
15,32018D0515_0,32018D0515,"{""ontology_name"": ""EGF_Mobilization_Ontology"", ""description"": ""Ontology for the mobilization of the European Globalisation Adjustment Fund (EGF)"", ""odrl_alignment"": {""core_entities"": [""Asset"", ""Party"", ""Permission"", ""Duty"", ""Constraint""], ""extensions"": [""LegalInstrument"", ""Regulation""]}, ""classes"": [{""name"": ""EGF_Mobilization"", ""type"": ""ODRL_core"", ""description"": ""A mobilization of the European Globalisation Adjustment Fund (EGF)""}], ""relationships"": [{""source"": ""EGF_Mobilization"", ""relation"": ""appliesTo"", ""target"": ""Spain"", ""description"": ""EGF Mobilization applies to Spain""}], ""rights_model"": {""permissions"": [{""action"": ""calculate_import_duty"", ""asset"": ""EGF_Mobilization"", ""party"": ""Spain"", ""constraints"": [{""name"": ""max_amount"", ""value"": ""EUR 150 million (2011 prices)""}]}], ""duties"": [{""action"": ""calculate_import_duty"", ""party"": ""Spain"", ""constraints"": []}]}, ""legal_patterns"": [{""pattern_name"": ""EGF_Mobilization_Approval"", ""description"": ""The process of approving an application to mobilize the EGF"", ""entities_involved"": [""Spain"", ""European Commission""]}], ""example_instances"": [{""entity"": ""Spain"", ""example_value"": ""Spain submitted an application to mobilize the EGF, in respect of redundancies in 5 enterprises operating in the manufacture of wearing apparel sector in the region of Galicia in Spain."", ""source_context"": ""Spain submitted an application to mobilize the EGF, in respect of redundancies in 5 enterprises operating in the manufacture of wearing apparel sector in the region of Galicia in Spain. It was supplemented by additional information provided in accordance with Article 8(3) of Regulation (EU) No 1309/2013.""}]}"
16,32018D0515_1,32018D0515,"{""ontology_name"": ""EGF_Mobilisation_Decision_Ontology"", ""description"": ""An ontology for the EGF Mobilisation Decision, including its legal instruments and related obligations."", ""odrl_alignment"": {""core_entities"": [""Asset"", ""Party"", ""Permission"", ""Duty"", ""Constraint""], ""extensions"": [""LegalInstrument"", ""Regulation""]}, ""classes"": [{""name"": ""EGF_Mobilisation_Decision"", ""type"": ""ODRL_core"", ""description"": ""A decision to mobilize the European Globalization Adjustment Fund (EGF) for a financial contribution.""}], ""relationships"": [{""source"": ""EGF_Mobilisation_Decision"", ""relation"": ""appliesTo"", ""target"": ""Spain"", ""description"": ""The EGF Mobilisation Decision applies to Spain.""}], ""rights_model"": {""permissions"": [{""action"": ""calculate_financial_contribution"", ""asset"": ""EGF_Mobilisation_Decision"", ""party"": ""Spain"", ""constraints"": [{""name"": ""effective_date"", ""value"": ""2018-03-14""}, {""name"": ""applicable_from"", ""value"": ""2018-03-14""}]}], ""duties"": [{""action"": ""provide_financial_contribution"", ""party"": ""European_Globalization_Adjustment_Fund"", ""constraints"": [{""name"": ""amount"", ""value"": ""720000""}]}]}, ""legal_patterns"": [{""pattern_name"": ""EGF_Mobilization_Approval"", ""description"": ""The process of approving the mobilization of the EGF for a financial contribution."", ""entities_involved"": [""EGF_Mobilisation_Decision"", ""Spain"", ""European_Globalization_Adjustment_Fund""]}], ""example_instances"": [{""entity"": ""EGF_Mobilisation_Decision"", ""example_value"": ""Article 1 For the general budget of the Union for the financial year 2018, the European Globalization Adjustment Fund shall be mobilised to provide the amount of EUR 720 000 in commitment and payment appropriations."", ""source_context"": ""Article 1 For the general budget of the Union for the financial year 2018, the European Globalization Adjustment Fund shall be mobilised to provide the amount of EUR 720 000 in commitment and payment appropriations.""}]}"
16,32018D0508_0,32018D0508,"{""ontology_name"": ""EU_Solidarity_Fund_Mobilization"", ""description"": ""Ontology for the mobilization of the European Union Solidarity Fund"", ""odrl_alignment"": {""core_entities"": [""Asset"", ""Party"", ""Permission"", ""Duty"", ""Constraint""], ""extensions"": [""LegalInstrument"", ""Regulation""]}, ""classes"": [{""name"": ""SolidarityFundMobilization"", ""type"": ""ODRL_core"", ""description"": ""A mobilization of the European Union Solidarity Fund""}], ""relationships"": [{""source"": ""SolidarityFundMobilization"", ""relation"": ""appliesTo"", ""target"": ""2018/508"", ""description"": ""The SolidarityFundMobilization applies to Decision (EU) 2018/508""}], ""rights_model"": {""permissions"": [{""action"": ""use_fund"", ""asset"": ""SolidarityFund"", ""party"": ""EuropeanParliamentAndCouncil"", ""constraints"": [{""name"": ""amount"", ""value"": ""EUR 50 000 000""}, {""name"": ""time"", ""value"": ""from the beginning of the 2018 financial year""}]}], ""duties"": [{""action"": ""apply_fund"", ""party"": ""EuropeanParliamentAndCouncil"", ""constraints"": []}]}, ""legal_patterns"": [{""pattern_name"": ""MobilizationOfSolidarityFund"", ""description"": ""The mobilization of the European Union Solidarity Fund for payment of advances"", ""entities_involved"": [""EuropeanParliamentAndCouncil"", ""SolidarityFund""]}], ""example_instances"": [{""entity"": ""2018/508"", ""example_value"": ""DECISION (EU) 2018/508 OF THE EUROPEAN PARLIAMENT AND OF THE COUNCIL of 12 December 2017 on the mobilisation of the European Union Solidarity Fund to provide for the payment of advances in the general budget of the Union for 2018"", ""source_context"": ""THE EUROPEAN PARLIAMENT AND THE COUNCIL OF THE EUROPEAN UNION, Having regard to the Treaty on the Functioning of the European Union, Having regard to Council Regulation (EC) No 2012/2002 of 11 November 2002 establishing the European Union Solidarity Fund (1), and in particular Article 4a(4) thereof, Having regard to the Interinstitutional Agreement of 2 December 2013 between the European Parliament, the Council and the Commission on budgetary discipline, on cooperation in budgetary matters and on sound financial management (2), and in particular point 11 thereof, Having regard to the proposal from the European Commission, Whereas:""}]}"
16,32018D0508_1,32018D0508,"{""ontology_name"": ""EU_Solidarity_Fund_Decision_2018"", ""description"": ""Ontology for the EU Solidarity Fund Decision 2018"", ""odrl_alignment"": {""core_entities"": [""Asset"", ""Party"", ""Permission"", ""Duty"", ""Constraint""], ""extensions"": [""LegalInstrument"", ""Regulation""]}, ""classes"": [{""name"": ""SolidarityFund"", ""type"": ""ODRL_core"", ""description"": ""Representation of the Solidarity Fund as an asset""}, {""name"": ""Decision"", ""type"": ""ODRL_core"", ""description"": ""Representation of the Decision as a legal instrument""}], ""relationships"": [{""source"": ""Decision"", ""relation"": ""appliesTo"", ""target"": ""SolidarityFund"", ""description"": ""The Decision applies to the Solidarity Fund""}], ""rights_model"": {""permissions"": [{""action"": ""use_fund_amount"", ""asset"": ""SolidarityFund"", ""party"": ""EuropeanUnion"", ""constraints"": [{""name"": ""from_date"", ""value"": ""2018-01-01""}, {""name"": ""to_date"", ""value"": ""2018-12-31""}]}], ""duties"": [{""action"": ""apply_fund_amount"", ""party"": ""EuropeanUnion"", ""constraints"": [{""name"": ""from_date"", ""value"": ""2018-01-01""}, {""name"": ""to_date"", ""value"": ""2018-12-31""}]}]}, ""legal_patterns"": [{""pattern_name"": ""Fund_Mobilization"", ""description"": ""The mobilization of the Solidarity Fund for the specified amount and time period"", ""entities_involved"": [""SolidarityFund"", ""EuropeanUnion""]}], ""example_instances"": [{""entity"": ""SolidarityFund"", ""example_value"": ""For the general budget of the Union for the financial year 2018, the European Union Solidarity Fund shall be mobilised to provide the amount of EUR 50 000 000 in commitment and payment appropriations for the payment of advances."", ""source_context"": ""he amount of EUR 50 000 000 for the payment of advances. (5) In order to minimise the time taken to mobilise the Fund, this Decision should apply from the beginning of the 2018 financial year, HAVE ADOPTED THIS DECISION: Article 1 For the general budget of the Union for the financial year 2018, the European Union Solidarity Fund shall be mobilised to provide the amount of EUR 50 000 000 in commitment and payment appropriations for the payment of advances. Article 2 This Decision shall enter into force on the day following that of its publication in the Official Journal of the European Union. It shall apply from 1 January 2018. Done at Brussels, 12 December 2017. For the European Parliament The President A. TAJANI For the Council The President K. SIMSON (1) OJ L 311, 14.11.2002, p. 3. (2) OJ C 373, 20.12.2013, p. 1. (3) Council Regulation (EU, Euratom) No 1311/2013 of 2 December 2013 laying down the multiannual financial framework for the years 2014-2020 (OJ L 347, 20.12.2013, p. 884).""}]}"
16,32018D0051_0,32018D0051,"{""ontology_name"": ""EU_Flexibility_Instrument"", ""description"": ""Legal rights and obligations related to the mobilization of the Flexibility Instrument for the European Fund for Sustainable Development (EFSD)"", ""odrl_alignment"": {""core_entities"": [""Asset"", ""Party"", ""Permission"", ""Duty"", ""Constraint""], ""extensions"": [""LegalInstrument"", ""Regulation""]}, ""classes"": [{""name"": ""FlexibilityInstrument"", ""type"": ""ODRL_core"", ""description"": ""A legal instrument used to mobilize additional financing for the European Fund for Sustainable Development (EFSD)""}, {""name"": ""EFSD"", ""type"": ""ODRL_core"", ""description"": ""The European Fund for Sustainable Development (EFSD)""}], ""relationships"": [{""source"": ""FlexibilityInstrument"", ""relation"": ""appliesTo"", ""target"": ""EFSD"", ""description"": ""The Flexibility Instrument is applied to the EFSD for the purpose of providing additional financing""}], ""rights_model"": {""permissions"": [{""action"": ""use_flexibility_instrument"", ""asset"": ""EFSD"", ""party"": ""EuropeanParliamentAndCouncil"", ""constraints"": [{""name"": ""amount"", ""value"": ""EUR 275 000 000""}, {""name"": ""year"", ""value"": ""2017""}]}], ""duties"": [{""action"": ""allocate_flexibility_instrument"", ""party"": ""EuropeanParliamentAndCouncil"", ""constraints"": [{""name"": ""amount"", ""value"": ""EUR 275 000 000""}, {""name"": ""year"", ""value"": ""2017""}]}]}, ""legal_patterns"": [{""pattern_name"": ""MobilizationOfFlexibilityInstrumentForEFSD"", ""description"": ""The mobilization of the Flexibility Instrument to provide financing for the EFSD"", ""entities_involved"": [""EuropeanParliamentAndCouncil"", ""EFSD""]}], ""example_instances"": [{""entity"": ""FlexibilityInstrument"", ""example_value"": ""DECISION (EU) 2018/51 OF THE EUROPEAN PARLIAMENT AND OF THE COUNCIL of 25 October 2017 on the mobilisation of the Flexibility Instrument to provide the financing for the European Fund for Sustainable Development"", ""source_context"": ""12.1.2018 EN Official Journal of the European Union L 7/37 DECISION (EU) 2018/51 OF THE EUROPEAN PARLIAMENT AND OF THE COUNCIL of 25 October 2017 on the mobilisation of the Flexibility Instrument to provide the financing for the European Fund for Sustainable Development""}]}"
16,32018D0051_1,32018D0051,"{""ontology_name"": ""EU_Flexibility_Instrument_Ontology"", ""description"": ""An ontology for the EU Flexibility Instrument as described in the provided text."", ""odrl_alignment"": {""core_entities"": [""Asset"", ""Party"", ""Permission"", ""Duty"", ""Constraint""], ""extensions"": [""LegalInstrument"", ""Regulation""]}, ""classes"": [{""name"": ""FlexibilityInstrument"", ""type"": ""ODRL_core"", ""description"": ""Represents the Flexibility Instrument as a legal resource.""}], ""relationships"": [{""source"": ""FlexibilityInstrument"", ""relation"": ""appliesTo"", ""target"": ""LegalInstrument"", ""description"": ""The Flexibility Instrument is part of the legal instrument.""}], ""rights_model"": {""permissions"": [{""action"": ""use_flexibility_instrument"", ""asset"": ""FlexibilityInstrument"", ""party"": ""EuropeanUnion"", ""constraints"": [{""name"": ""year"", ""value"": ""2017""}]}], ""duties"": [{""action"": ""authorize_flexibility_instrument"", ""party"": ""EuropeanCouncil"", ""constraints"": [{""name"": ""year"", ""value"": ""2017""}]}]}, ""legal_patterns"": [{""pattern_name"": ""FlexibilityInstrument_Mobilisation"", ""description"": ""The Flexibility Instrument is mobilised to provide funding for the European Fund for Sustainable Development Guarantee Fund."", ""entities_involved"": [""FlexibilityInstrument"", ""EuropeanFundForSustainableDevelopmentGuaranteeFund""]}], ""example_instances"": [{""entity"": ""FlexibilityInstrument"", ""example_value"": ""Article 1, 1st paragraph"", ""source_context"": ""Article 1, 1st paragraph: nt includes amounts which lapsed in the previous years of the European Union Solidarity Fund and of the European Globalisation Adjustment Fund and which are made available for the Flexibility Instrument in accordance with the second subparagraph of Article 11(1) of Regulation (EU, Euratom) No 1311/2013.""}, {""entity"": ""FlexibilityInstrument"", ""example_value"": ""Article 1, 2nd paragraph"", ""source_context"": ""Article 1, 2nd paragraph: On the basis of the expected payment profile, the payment appropriations corresponding to the mobilisation of the Flexibility Instrument will be EUR 275 000 000 in 2017. The amount shall be authorised in accordance with the budgetary procedure.""}]}"
17,32018D0006_0,32018D0006,"{""ontology_name"": ""EGF_Mobilization_Ontology"", ""description"": ""An ontology for the mobilization of the European Globalisation Adjustment Fund (EGF) as per Decision (EU) 2018/6"", ""odrl_alignment"": {""core_entities"": [""Asset"", ""Party"", ""Permission"", ""Duty"", ""Constraint""], ""extensions"": [""LegalInstrument"", ""Regulation""]}, ""classes"": [{""name"": ""EGF_Mobilization"", ""type"": ""ODRL_core"", ""description"": ""A mobilization of the European Globalisation Adjustment Fund (EGF) as per Decision (EU) 2018/6""}], ""relationships"": [{""source"": ""EGF_Mobilization"", ""relation"": ""appliesTo"", ""target"": ""EGF"", ""description"": ""An EGF Mobilization applies to the EGF""}], ""rights_model"": {""permissions"": [{""action"": ""calculate_import_duty"", ""asset"": ""EGF_Mobilization"", ""party"": ""Greece"", ""constraints"": [{""name"": ""amount"", ""value"": ""EUR 150 million (2011 prices)""}]}], ""duties"": [{""action"": ""reintegration_assistance"", ""party"": ""Greece"", ""constraints"": []}]}, ""legal_patterns"": [{""pattern_name"": ""EGF_Mobilization_Apply"", ""description"": ""The European Globalisation Adjustment Fund (EGF) is mobilized by Greece for the reintegration of workers in the retail sector"", ""entities_involved"": [""EGF_Mobilization"", ""EGF"", ""Greece""]}], ""example_instances"": [{""entity"": ""EGF_Mobilization"", ""example_value"": ""DECISION (EU) 2018/6 OF THE EUROPEAN PARLIAMENT AND OF THE COUNCIL of 12 December 2017 on the mobilisation of the European Globalisation Adjustment Fund following an application from Greece"", ""source_context"": ""DECISION (EU) 2018/6 OF THE EUROPEAN PARLIAMENT AND OF THE COUNCIL of 12 December 2017 on the mobilisation of the European Globalisation Adjustment Fund following an application from Greece""}]}"
17,32018D0006_1,32018D0006,"{""ontology_name"": ""EGF_Mobilization_Ontology"", ""description"": ""An ontology for the mobilization of the European Globalisation Adjustment Fund (EGF) as per Regulation (EU) No 1309/2013."", ""odrl_alignment"": {""core_entities"": [""Asset"", ""Party"", ""Permission"", ""Duty"", ""Constraint""], ""extensions"": [""LegalInstrument"", ""Regulation""]}, ""classes"": [{""name"": ""EGF_Mobilization"", ""type"": ""ODRL_core"", ""description"": ""A mobilization of the European Globalisation Adjustment Fund (EGF) as per Regulation (EU) No 1309/2013.""}], ""relationships"": [{""source"": ""EGF_Mobilization"", ""relation"": ""appliesTo"", ""target"": ""Article_1"", ""description"": ""EGF_Mobilization applies to the mobilization of the EGF as per Article 1 of the Decision.""}, {""source"": ""EGF_Mobilization"", ""relation"": ""appliesTo"", ""target"": ""Article_2"", ""description"": ""EGF_Mobilization applies to the application of the Decision as per Article 2.""}], ""rights_model"": {""permissions"": [{""action"": ""calculate_financial_contribution"", ""asset"": ""EGF_Mobilization"", ""party"": ""Greece"", ""constraints"": [{""name"": ""date_of_adoption"", ""value"": ""12 December 2017""}, {""name"": ""application_date"", ""value"": ""12 December 2017""}]}], ""duties"": [{""action"": ""mobilize_egf"", ""party"": ""European_Globalisation_Adjustment_Fund"", ""constraints"": [{""name"": ""date_of_mobilization"", ""value"": ""12 December 2017""}]}]}, ""legal_patterns"": [{""pattern_name"": ""EGF_Mobilization_Pattern"", ""description"": ""A pattern for the mobilization of the EGF as per Regulation (EU) No 1309/2013."", ""entities_involved"": [""EGF_Mobilization"", ""Greece"", ""European_Globalisation_Adjustment_Fund""]}], ""example_instances"": [{""entity"": ""EGF_Mobilization"", ""example_value"": ""Article 1 of the Decision"", ""source_context"": ""Article 1: For the general budget of the Union for the financial year 2017, the European Globalisation Adjustment Fund shall be mobilised to provide the amount of EUR 2 949 150 in commitment and payment appropriations.""}, {""entity"": ""EGF_Mobilization"", ""example_value"": ""Article 2 of the Decision"", ""source_context"": ""Article 2: This Decision shall enter into force on the day of its publication in the Official Journal of the European Union. It shall apply from 12 December 2017.""}]}"
17,32018D0007_0,32018D0007,"{""ontology_name"": ""EGF_Mobilization_Ontology"", ""description"": ""An ontology for the mobilization of the European Globalisation Adjustment Fund (EGF)"", ""odrl_alignment"": {""core_entities"": [""Asset"", ""Party"", ""Permission"", ""Duty"", ""Constraint""], ""extensions"": [""LegalInstrument"", ""Regulation""]}, ""classes"": [{""name"": ""EGF_Mobilization"", ""type"": ""ODRL_core"", ""description"": ""A mobilization of the European Globalisation Adjustment Fund (EGF)""}], ""relationships"": [{""source"": ""EGF_Mobilization"", ""relation"": ""appliesTo"", ""target"": ""Asset"", ""description"": ""An EGF Mobilization applies to an asset (EGF)""}], ""rights_model"": {""permissions"": [{""action"": ""calculate_import_duty"", ""asset"": ""EGF"", ""party"": ""Assignee"", ""constraints"": [{""name"": ""spatial"", ""value"": ""Finland""}, {""name"": ""temporal"", ""value"": ""2017-2018""}]}], ""duties"": [{""action"": ""calculate_import_duty"", ""party"": ""Assignee"", ""constraints"": []}]}, ""legal_patterns"": [{""pattern_name"": ""EGF_Mobilization_Application"", ""description"": ""The process of applying for and mobilizing the EGF"", ""entities_involved"": [""EGF_Mobilization"", ""Assignee"", ""Asset""]}], ""example_instances"": [{""entity"": ""EGF_Mobilization"", ""example_value"": ""DECISION (EU) 2018/7 OF THE EUROPEAN PARLIAMENT AND OF THE COUNCIL of 12 December 2017 on the mobilisation of the European Globalisation Adjustment Fund following an application from Finland"", ""source_context"": ""THE EUROPEAN PARLIAMENT AND THE COUNCIL OF THE EUROPEAN UNION, Having regard to the Treaty on the Functioning of the European Union, Having regard to Regulation (EU) No 1309/2013 of the European Parliament and of the Council of 17 December 2013 on the European Globalisation Adjustment Fund (2014-2020) and repealing Regulation (EC) No 1927/2006 (1), and in particular Article 15(4) thereof, Having regard to the Interinstitutional Agreement of 2 December 2013 between the European Parliament, the Council and the Commission on budgetary discipline, on cooperation in budgetary matters and on sound financial management (2), and in particular point 13 thereof, Having regard to the proposal from the European Commission, Whereas:""}]}"
17,32018D0007_1,32018D0007,"{""ontology_name"": ""EU_Globalization_Adjustment_Fund"", ""description"": ""Legal framework for the mobilization of the European Globalization Adjustment Fund (EGF)"", ""odrl_alignment"": {""core_entities"": [""Asset"", ""Party"", ""Permission"", ""Duty"", ""Constraint""], ""extensions"": [""LegalInstrument"", ""Regulation""]}, ""classes"": [{""name"": ""LegalInstrument"", ""type"": ""ODRL_core"", ""description"": ""A legal instrument that defines the terms and conditions for the mobilization of the EGF""}, {""name"": ""Regulation"", ""type"": ""ODRL_core"", ""description"": ""A legal instrument that sets out the rules and requirements for the mobilization of the EGF""}], ""relationships"": [{""source"": ""LegalInstrument"", ""relation"": ""appliesTo"", ""target"": ""Regulation"", ""description"": ""The LegalInstrument applies to the Regulation that defines the terms and conditions for the mobilization of the EGF""}], ""rights_model"": {""permissions"": [{""action"": ""calculate_financial_contribution"", ""asset"": ""European_Globalization_Adjustment_Fund"", ""party"": ""Finland"", ""constraints"": [{""name"": ""effective_date"", ""value"": ""2017-12-12""}]}], ""duties"": [{""action"": ""mobilize_EGF"", ""party"": ""European_Globalization_Adjustment_Fund"", ""constraints"": [{""name"": ""effective_date"", ""value"": ""2017-12-12""}]}]}, ""legal_patterns"": [{""pattern_name"": ""EGF_Mobilization"", ""description"": ""The process of mobilizing the EGF based on a financial contribution application"", ""entities_involved"": [""European_Globalization_Adjustment_Fund"", ""Finland"", ""EGF_Mobilization_Decision""]}], ""example_instances"": [{""entity"": ""EGF_Mobilization_Decision"", ""example_value"": ""Decision (EU) 2017/12/12"", ""source_context"": ""Article 1: For the general budget of the Union for the financial year 2017, the European Globalization Adjustment Fund shall be mobilised to provide the amount of EUR 2 499 360 in commitment and payment appropriations.""}]}"
17,32018D0008_0,32018D0008,"{""ontology_name"": ""Migration_Flexibility_Instrument"", ""description"": ""Legal framework for the mobilization of the Flexibility Instrument for migration, refugee inflows and security threats"", ""odrl_alignment"": {""core_entities"": [""Asset"", ""Party"", ""Permission"", ""Duty"", ""Constraint""], ""extensions"": [""LegalInstrument"", ""Regulation""]}, ""classes"": [{""name"": ""Migration_Flexibility_Instrument"", ""type"": ""ODRL_core"", ""description"": ""Legal instrument allowing the mobilization of the Flexibility Instrument for migration, refugee inflows and security threats""}], ""relationships"": [{""source"": ""Migration_Flexibility_Instrument"", ""relation"": ""appliesTo"", ""target"": ""Migration_Measures"", ""description"": ""Migration Flexibility Instrument applies to specific migration, refugee inflows and security threats measures""}], ""rights_model"": {""permissions"": [{""action"": ""use_flexibility_instrument"", ""asset"": ""Migration_Flexibility_Instrument"", ""party"": ""European_Parliament_and_Council"", ""constraints"": [{""name"": ""amount"", ""value"": ""EUR 837 241 199""}]}], ""duties"": [{""action"": ""allocate_funds"", ""party"": ""European_Parliament_and_Council"", ""constraints"": [{""name"": ""amount"", ""value"": ""EUR 837 241 199""}]}]}, ""legal_patterns"": [{""pattern_name"": ""Mobilization_of_Flexibility_Instrument"", ""description"": ""The European Parliament and Council mobilize the Flexibility Instrument to allocate funds for migration, refugee inflows and security threats"", ""entities_involved"": [""European_Parliament_and_Council"", ""Migration_Flexibility_Instrument"", ""Migration_Measures""]}], ""example_instances"": [{""entity"": ""Migration_Flexibility_Instrument"", ""example_value"": ""DECISION (EU) 2018/8 OF THE EUROPEAN PARLIAMENT AND OF THE COUNCIL of 12 December 2017"", ""source_context"": ""6.1.2018 EN Official Journal of the European Union L 3/5 DECISION (EU) 2018/8 OF THE EUROPEAN PARLIAMENT AND OF THE COUNCIL of 12 December 2017 on the mobilisation of the Flexibility Instrument to finance immediate budgetary measures to address the on-going challenges of migration, refugee inflows and security threats""}]}"
18,32018D0008_1,32018D0008,"{""ontology_name"": ""EU_Flexibility_Instrument"", ""description"": ""Legal instrument for the mobilization of the Flexibility Instrument within the European Union Solidarity Fund and the European Globalisation Adjustment Fund."", ""odrl_alignment"": {""core_entities"": [""Asset"", ""Party"", ""Permission"", ""Duty"", ""Constraint""], ""extensions"": [""LegalInstrument"", ""Regulation""]}, ""classes"": [{""name"": ""FlexibilityInstrument"", ""type"": ""ODRL_core"", ""description"": ""A Flexibility Instrument used for financing measures to address migration, refugee inflows, and security threats.""}], ""relationships"": [{""source"": ""FlexibilityInstrument"", ""relation"": ""appliesTo"", ""target"": ""Asset"", ""description"": ""The Flexibility Instrument applies to the general budget of the Union for the financial year 2018.""}], ""rights_model"": {""permissions"": [{""action"": ""use_flexibility_instrument"", ""asset"": ""FlexibilityInstrument"", ""party"": ""TargetParty"", ""constraints"": [{""name"": ""financial_year"", ""value"": ""2018""}, {""name"": ""financial_year"", ""value"": ""2019""}, {""name"": ""financial_year"", ""value"": ""2020""}, {""name"": ""financial_year"", ""value"": ""2021""}]}], ""duties"": [{""action"": ""authorize_payment_appropriations"", ""party"": ""ResponsibleParty"", ""constraints"": []}]}, ""legal_patterns"": [{""pattern_name"": ""FlexibilityInstrument_Mobilization"", ""description"": ""The Flexibility Instrument is mobilized to provide a specified amount for the financial year 2018."", ""entities_involved"": [""FlexibilityInstrument"", ""TargetParty"", ""ResponsibleParty""]}], ""example_instances"": [{""entity"": ""FlexibilityInstrument"", ""example_value"": ""EUR 837 241 199 in commitment appropriations in heading 3 (Security and Citizenship)"", ""source_context"": ""Article 1, first paragraph""}, {""entity"": ""financial_year"", ""example_value"": ""2018"", ""source_context"": ""Article 2, second paragraph""}]}"
18,32018D0008_2,32018D0008,"{""ontology_name"": ""EU_RightsFramework_2013"", ""description"": ""Legal framework for the multiannual financial framework for the years 2014-2020 as per Council Regulation (EU, Euratom) No 1311/2013"", ""odrl_alignment"": {""core_entities"": [""Asset"", ""Party"", ""Permission"", ""Duty"", ""Constraint""], ""extensions"": [""LegalInstrument"", ""Regulation""]}, ""classes"": [{""name"": ""Asset"", ""type"": ""ODRL_core"", ""description"": ""Represents the multiannual financial framework for the years 2014-2020 as per Council Regulation (EU, Euratom) No 1311/2013""}, {""name"": ""Party"", ""type"": ""ODRL_core"", ""description"": ""Represents the Council and the President K. SIMSON""}, {""name"": ""Permission"", ""type"": ""ODRL_core"", ""description"": ""Represents the permission to use the multiannual financial framework for the years 2014-2020""}, {""name"": ""Duty"", ""type"": ""ODRL_core"", ""description"": ""Represents the duty to comply with the multiannual financial framework for the years 2014-2020""}], ""relationships"": [{""source"": ""Asset"", ""relation"": ""appliesTo"", ""target"": ""Permission"", ""description"": ""The Asset (multiannual financial framework) applies to the Permission (use)""}, {""source"": ""Asset"", ""relation"": ""appliesTo"", ""target"": ""Duty"", ""description"": ""The Asset (multiannual financial framework) applies to the Duty (compliance)""}], ""rights_model"": {""permissions"": [{""action"": ""use_multiannual_financial_framework"", ""asset"": ""Asset"", ""party"": ""Party"", ""constraints"": [{""name"": ""valid_period"", ""value"": ""2014-2020""}]}], ""duties"": [{""action"": ""comply_with_multiannual_financial_framework"", ""party"": ""Party"", ""constraints"": []}]}, ""legal_patterns"": [{""pattern_name"": ""Use_Permission"", ""description"": ""The use of the multiannual financial framework for the years 2014-2020"", ""entities_involved"": [""Asset"", ""Permission""]}, {""pattern_name"": ""Compliance_Duty"", ""description"": ""The duty to comply with the multiannual financial framework for the years 2014-2020"", ""entities_involved"": [""Asset"", ""Duty""]}], ""example_instances"": [{""entity"": ""Asset"", ""example_value"": ""Council Regulation (EU, Euratom) No 1311/2013"", ""source_context"": ""e Council The President K. SIMSON (1) OJ C 373, 20.12.2013, p. 1. (2) Council Regulation (EU, Euratom) No 1311/2013 of 2 December 2013 laying down the multiannual financial framework for the years 2014-2020 (OJ L 347, 20.12.2013, p. 884).""}]}"
18,32017D2192_0,32017D2192,"{""ontology_name"": ""EGF_Mobilization_Ontology"", ""description"": ""An ontology for the mobilization of the European Globalisation Adjustment Fund (EGF)"", ""odrl_alignment"": {""core_entities"": [""Asset"", ""Party"", ""Permission"", ""Duty"", ""Constraint""], ""extensions"": [""LegalInstrument"", ""Regulation""]}, ""classes"": [{""name"": ""EGF_Mobilization"", ""type"": ""ODRL_core"", ""description"": ""A mobilization of the European Globalisation Adjustment Fund (EGF)""}], ""relationships"": [{""source"": ""EGF_Mobilization"", ""relation"": ""appliesTo"", ""target"": ""EGF_Mobilization_Applicant"", ""description"": ""An EGF Mobilization applies to the EGF Mobilization Applicant""}], ""rights_model"": {""permissions"": [{""action"": ""calculate_egf_contribution"", ""asset"": ""EGF_Mobilization"", ""party"": ""EGF_Mobilization_Applicant"", ""constraints"": [{""name"": ""EGF_Mobilization_Constraint"", ""value"": ""EUR 150 million (2011 prices)""}]}], ""duties"": [{""action"": ""provide_support_to_workers"", ""party"": ""EGF_Mobilization_Applicant"", ""constraints"": []}]}, ""legal_patterns"": [{""pattern_name"": ""EGF_Mobilization_Applicant_Approval"", ""description"": ""The EGF Mobilization Applicant's application is approved and the EGF is mobilized"", ""entities_involved"": [""EGF_Mobilization_Applicant"", ""EGF_Mobilization""]}], ""example_instances"": [{""entity"": ""EGF_Mobilization_Applicant"", ""example_value"": ""Italy"", ""source_context"": ""The European Commission, Whereas: (3) On 9 May 2017, Italy submitted an application to mobilise the EGF, in respect of redundancies in Almaviva Contact SpA in Italy.""}]}"
18,32017D2192_1,32017D2192,"{""ontology_name"": ""EGF_Mobilization_Ontology"", ""description"": ""An ontology for the mobilization of the European Globalisation Adjustment Fund (EGF) as per Regulation (EU) No 1309/2013."", ""odrl_alignment"": {""core_entities"": [""Asset"", ""Party"", ""Permission"", ""Duty"", ""Constraint""], ""extensions"": [""LegalInstrument"", ""Regulation""]}, ""classes"": [{""name"": ""EGF_Mobilization"", ""type"": ""ODRL_core"", ""description"": ""A mobilization of the European Globalisation Adjustment Fund (EGF) as per Regulation (EU) No 1309/2013.""}], ""relationships"": [{""source"": ""EGF_Mobilization"", ""relation"": ""appliesTo"", ""target"": ""Article_1"", ""description"": ""The EGF mobilization is applicable to Article 1 of the decision.""}, {""source"": ""EGF_Mobilization"", ""relation"": ""appliesTo"", ""target"": ""Article_2"", ""description"": ""The EGF mobilization is applicable to Article 2 of the decision.""}], ""rights_model"": {""permissions"": [{""action"": ""calculate_financial_contribution"", ""asset"": ""EGF_Mobilization"", ""party"": ""Italy"", ""constraints"": [{""name"": ""effective_date"", ""value"": ""2017-11-15""}]}], ""duties"": [{""action"": ""mobilize_EGF"", ""party"": ""European_Globalization_Adjustment_Fund"", ""constraints"": [{""name"": ""effective_date"", ""value"": ""2017-11-15""}]}]}, ""legal_patterns"": [{""pattern_name"": ""EGF_Mobilization_Pattern"", ""description"": ""The process of mobilizing the EGF as per Regulation (EU) No 1309/2013."", ""entities_involved"": [""EGF_Mobilization"", ""Italy"", ""European_Globalization_Adjustment_Fund""]}], ""example_instances"": [{""entity"": ""EGF_Mobilization"", ""example_value"": ""Article 1 of the decision"", ""source_context"": ""Article 1: For the general budget of the Union for the financial year 2017, the European Globalisation Adjustment Fund shall be mobilised to provide the amount of EUR 3 347 370 in commitment and payment appropriations.""}, {""entity"": ""EGF_Mobilization"", ""example_value"": ""Article 2 of the decision"", ""source_context"": ""Article 2: This Decision shall enter into force on the day of its publication in the Official Journal of the European Union. It shall apply from 15 November 2017.""}]}"
18,32017D1599_0,32017D1599,"{""ontology_name"": ""EU_Solidarity_Fund_Ontology"", ""description"": ""An ontology for the European Union Solidarity Fund as described in the provided text."", ""odrl_alignment"": {""core_entities"": [""Asset"", ""Party"", ""Permission"", ""Duty"", ""Constraint""], ""extensions"": [""LegalInstrument"", ""Regulation""]}, ""classes"": [{""name"": ""SolidarityFund"", ""type"": ""ODRL_core"", ""description"": ""Represents the European Union Solidarity Fund.""}, {""name"": ""Application"", ""type"": ""ODRL_core"", ""description"": ""Represents an application submitted to the Solidarity Fund.""}, {""name"": ""Earthquake"", ""type"": ""ODRL_core"", ""description"": ""Represents an earthquake event.""}], ""relationships"": [{""source"": ""SolidarityFund"", ""relation"": ""appliesTo"", ""target"": ""Application"", ""description"": ""The Solidarity Fund applies to applications submitted to it.""}, {""source"": ""SolidarityFund"", ""relation"": ""appliesTo"", ""target"": ""Earthquake"", ""description"": ""The Solidarity Fund applies to earthquakes that affect regions eligible for assistance.""}], ""rights_model"": {""permissions"": [{""action"": ""use_fund"", ""asset"": ""SolidarityFund"", ""party"": ""Italy"", ""constraints"": [{""name"": ""amount_limit"", ""value"": ""EUR 500 000 000 (2011 prices)""}, {""name"": ""allocation_period"", ""value"": ""2016 and 2017""}]}], ""duties"": [{""action"": ""provide_assistance"", ""party"": ""SolidarityFund"", ""constraints"": [{""name"": ""damage_level"", ""value"": ""damage caused between 24 August 2016 and 18 January 2017""}]}]}, ""legal_patterns"": [{""pattern_name"": ""Application_Mobilization"", ""description"": ""The process of applying for and mobilizing the Solidarity Fund in response to an earthquake."", ""entities_involved"": [""SolidarityFund"", ""Application"", ""Earthquake""]}], ""example_instances"": [{""entity"": ""SolidarityFund"", ""example_value"": ""DECISION (EU) 2017/1599"", ""source_context"": ""DECISION (EU) 2017/1599 OF THE EUROPEAN PARLIAMENT AND OF THE COUNCIL of 13 September 2017 on the mobilisation of the European Union Solidarity Fund to provide assistance to Italy""}, {""entity"": ""Application"", ""example_value"": ""Italy submitted an application to mobilise the Fund, following an earthquake that affected the regions of Abruzzo, Lazio, Marche and Umbria on 24 August 2016."", ""source_context"": ""Italy submitted an application to mobilise the Fund, following an earthquake that affected the regions of Abruzzo, Lazio, Marche and Umbria on 24 August 2016.""}, {""entity"": ""Earthquake"", ""example_value"": ""additional earthquakes struck the previously hit areas and significantly increased the level of previously reported damage."", ""source_context"": ""Additional earthquakes struck the previously hit areas and significantly increased the level of previously reported damage.""}]}"
19,32017D1599_1,32017D1599,"{""ontology_name"": ""EU_Solidarity_Fund_Decision_Ontology"", ""description"": ""An ontology for the EU Solidarity Fund Decision, focusing on the mobilization of the fund and its application."", ""odrl_alignment"": {""core_entities"": [""Asset"", ""Party"", ""Permission"", ""Duty"", ""Constraint""], ""extensions"": [""LegalInstrument"", ""Regulation""]}, ""classes"": [{""name"": ""SolidarityFund"", ""type"": ""ODRL_core"", ""description"": ""The European Union Solidarity Fund, which is the asset in this context.""}, {""name"": ""Italy"", ""type"": ""ODRL_core"", ""description"": ""The party that submitted the final application for financial contribution.""}, {""name"": ""Decision"", ""type"": ""ODRL_core"", ""description"": ""The decision that mobilizes the Solidarity Fund, which is a legal instrument.""}], ""relationships"": [{""source"": ""Decision"", ""relation"": ""appliesTo"", ""target"": ""SolidarityFund"", ""description"": ""The Decision applies to the Solidarity Fund.""}, {""source"": ""Decision"", ""relation"": ""appliesTo"", ""target"": ""Italy"", ""description"": ""The Decision applies to Italy, who submitted the final application.""}], ""rights_model"": {""permissions"": [{""action"": ""mobilize_fund"", ""asset"": ""SolidarityFund"", ""party"": ""Decision"", ""constraints"": [{""name"": ""effective_date"", ""value"": ""13 September 2017""}]}], ""duties"": [{""action"": ""apply_for_fund"", ""party"": ""Italy"", ""constraints"": [{""name"": ""final_application_date"", ""value"": ""15 February 2017""}]}]}, ""legal_patterns"": [{""pattern_name"": ""Fund_Mobilization_Pattern"", ""description"": ""The pattern for mobilizing the Solidarity Fund based on the final application and the decision."", ""entities_involved"": [""SolidarityFund"", ""Decision"", ""Italy""]}], ""example_instances"": [{""entity"": ""Decision"", ""example_value"": ""Decision of the European Parliament and the Council of 13 September 2017"", ""source_context"": ""(6) Since the amount that may be mobilised for 2017 is not sufficient to cover the full contribution, the difference should exceptionally be financed through the annual amount available for 2018 as provided for in Article 10(2) of Regulation (EU, Euratom) No 1311/2013. (7) In order to minimise the time taken to mobilise the Fund, this Decision should apply from the date of its adoption, HAVE ADOPTED THIS DECISION:""}]}"
19,32017D1600_0,32017D1600,"{""ontology_name"": ""EGF_Mobilization_Ontology"", ""description"": ""An ontology for the mobilization of the European Globalisation Adjustment Fund (EGF)"", ""odrl_alignment"": {""core_entities"": [""Asset"", ""Party"", ""Permission"", ""Duty"", ""Constraint""], ""extensions"": [""LegalInstrument"", ""Regulation""]}, ""classes"": [{""name"": ""EGF_Mobilization"", ""type"": ""ODRL_core"", ""description"": ""A mobilization of the European Globalisation Adjustment Fund (EGF)""}], ""relationships"": [{""source"": ""EGF_Mobilization"", ""relation"": ""appliesTo"", ""target"": ""Microsoft_Oy"", ""description"": ""An EGF mobilization applies to Microsoft Oy""}], ""rights_model"": {""permissions"": [{""action"": ""use"", ""asset"": ""EGF_Mobilization"", ""party"": ""Finland"", ""constraints"": [{""name"": ""amount"", ""value"": ""EUR 150 million (2011 prices)""}]}], ""duties"": [{""action"": ""provide_support"", ""party"": ""European Union"", ""constraints"": [{""name"": ""amount"", ""value"": ""EUR 150 million (2011 prices)""}]}]}, ""legal_patterns"": [{""pattern_name"": ""EGF_Application_Process"", ""description"": ""The process of applying for and mobilizing the EGF"", ""entities_involved"": [""EGF_Mobilization"", ""Finland"", ""European Union""]}], ""example_instances"": [{""entity"": ""EGF_Mobilization"", ""example_value"": ""DECISION (EU) 2017/1600 OF THE EUROPEAN PARLIAMENT AND OF THE COUNCIL of 13 September 2017 on the mobilisation of the European Globalisation Adjustment Fund following an application from Finland"", ""source_context"": ""23.9.2017 EN Official Journal of the European Union L 245/5 DECISION (EU) 2017/1600 OF THE EUROPEAN PARLIAMENT AND OF THE COUNCIL of 13 September 2017 on the mobilisation of the European Globalisation Adjustment Fund following an application from Finland""}]}"
19,32017D1600_1,32017D1600,"{""ontology_name"": ""EGF_Mobilization_Ontology"", ""description"": ""An ontology for the mobilization of the European Globalization Adjustment Fund (EGF) as per Regulation (EU) No 1309/2013"", ""odrl_alignment"": {""core_entities"": [""Asset"", ""Party"", ""Permission"", ""Duty"", ""Constraint""], ""extensions"": [""LegalInstrument"", ""Regulation""]}, ""classes"": [{""name"": ""EGF_Mobilization"", ""type"": ""ODRL_core"", ""description"": ""A mobilization of the European Globalization Adjustment Fund (EGF)""}], ""relationships"": [{""source"": ""EGF_Mobilization"", ""relation"": ""appliesTo"", ""target"": ""LegalInstrument"", ""description"": ""An EGF Mobilization applies to a Legal Instrument""}], ""rights_model"": {""permissions"": [{""action"": ""calculate_financial_contribution"", ""asset"": ""EGF_Mobilization"", ""party"": ""Assignee"", ""constraints"": [{""name"": ""date_of_mobilization"", ""value"": ""13 September 2017""}]}], ""duties"": [{""action"": ""determine_financial_contribution"", ""party"": ""Assignor"", ""constraints"": [{""name"": ""date_of_mobilization"", ""value"": ""13 September 2017""}]}]}, ""legal_patterns"": [{""pattern_name"": ""EGF_Mobilization_Process"", ""description"": ""The process of mobilizing the EGF as per Regulation (EU) No 1309/2013"", ""entities_involved"": [""EGF_Mobilization"", ""Assignor"", ""Assignee""]}], ""example_instances"": [{""entity"": ""EGF_Mobilization"", ""example_value"": ""Article 1 For the general budget of the Union for the financial year 2017, the European Globalization Adjustment Fund shall be mobilised to provide the amount of EUR 3 520 080 in commitment and payment appropriations."", ""source_context"": ""Article 1 For the general budget of the Union for the financial year 2017, the European Globalization Adjustment Fund shall be mobilised to provide the amount of EUR 3 520 080 in commitment and payment appropriations.""}]}"
19,32017D1565_0,32017D1565,"{""ontology_name"": ""EU_MacroFinancialAssistance"", ""description"": ""Legal framework for providing macro-financial assistance to the Republic of Moldova"", ""odrl_alignment"": {""core_entities"": [""Asset"", ""Party"", ""Permission"", ""Duty"", ""Constraint""], ""extensions"": [""LegalInstrument"", ""Regulation""]}, ""classes"": [{""name"": ""MacroFinancialAssistance"", ""type"": ""ODRL_core"", ""description"": ""Macro-financial assistance provided by the European Union to the Republic of Moldova""}], ""relationships"": [{""source"": ""MacroFinancialAssistance"", ""relation"": ""appliesTo"", ""target"": ""RepublicOfMoldova"", ""description"": ""Macro-financial assistance applies to the Republic of Moldova""}], ""rights_model"": {""permissions"": [{""action"": ""provide_macro_financial_assistance"", ""asset"": ""MacroFinancialAssistance"", ""party"": ""EuropeanUnion"", ""constraints"": [{""name"": ""effective_until"", ""value"": ""2017-09-20""}]}], ""duties"": [{""action"": ""implement_reforms"", ""party"": ""RepublicOfMoldova"", ""constraints"": [{""name"": ""reform_commitment"", ""value"": ""renewed commitment to political reforms""}]}]}, ""legal_patterns"": [{""pattern_name"": ""MacroFinancialAssistancePattern"", ""description"": ""Macro-financial assistance provided in response to political and economic challenges"", ""entities_involved"": [""EuropeanUnion"", ""RepublicOfMoldova""]}], ""example_instances"": [{""entity"": ""MacroFinancialAssistance"", ""example_value"": ""DECISION (EU) 2017/1565 OF THE EUROPEAN PARLIAMENT AND OF THE COUNCIL of 13 September 2017 on providing macro-financial assistance to the Republic of Moldova"", ""source_context"": ""20.9.2017 EN Official Journal of the European Union L 242/14 DECISION (EU) 2017/1565 OF THE EUROPEAN PARLIAMENT AND OF THE COUNCIL of 13 September 2017 on providing macro-financial assistance to the Republic of Moldova""}]}"
19,32017D1565_1,32017D1565,"{""ontology_name"": ""Moldova_Reform_Roadmap"", ""description"": ""Legal framework for Moldova's reform roadmap and related financial assistance"", ""odrl_alignment"": {""core_entities"": [""Asset"", ""Party"", ""Permission"", ""Duty"", ""Constraint""], ""extensions"": [""LegalInstrument"", ""Regulation""]}, ""classes"": [{""name"": ""Moldova_Reform_Roadmap"", ""type"": ""ODRL_core"", ""description"": ""Legal framework for Moldova's reform roadmap and related financial assistance""}], ""relationships"": [{""source"": ""Moldova_Reform_Roadmap"", ""relation"": ""appliesTo"", ""target"": ""Moldova_Reform_Roadmap""}], ""rights_model"": {""permissions"": [{""action"": ""calculate_import_duty"", ""asset"": ""Moldova_Reform_Roadmap"", ""party"": ""Union"", ""constraints"": [{""name"": ""effective_until"", ""value"": ""2020-12-31""}]}], ""duties"": [{""action"": ""implement_reform_path"", ""party"": ""Republic_of_Moldova"", ""constraints"": [{""name"": ""effective_until"", ""value"": ""2020-12-31""}]}]}, ""legal_patterns"": [{""pattern_name"": ""Financial_Assistance_Request"", ""description"": ""Request for financial assistance from the Union"", ""entities_involved"": [""Union"", ""Republic_of_Moldova""]}], ""example_instances"": [{""entity"": ""Moldova_Reform_Roadmap"", ""example_value"": ""The Roadmap for Priority Reforms was agreed between the Union and the Republic of Moldova following the Foreign Affairs Council Conclusions of 15 February 2016."", ""source_context"": ""In support of the new reform path, a Roadmap for Priority Reforms was agreed between the Union and the Republic of Moldova following the Foreign Affairs Council Conclusions of 15 February 2016.""}]}"
20,32017D1565_2,32017D1565,"{""ontology_name"": ""EU_MacroFinancialAssistance"", ""description"": ""Ontology for EU Macro-Financial Assistance rules and obligations"", ""odrl_alignment"": {""core_entities"": [""Asset"", ""Party"", ""Permission"", ""Duty"", ""Constraint""], ""extensions"": [""LegalInstrument"", ""Regulation""]}, ""classes"": [{""name"": ""MacroFinancialAssistance"", ""type"": ""ODRL_core"", ""description"": ""Macro-Financial Assistance provided by the Union to the Republic of Moldova""}], ""relationships"": [{""source"": ""MacroFinancialAssistance"", ""relation"": ""appliesTo"", ""target"": ""RepublicOfMoldova"", ""description"": ""Macro-Financial Assistance applies to the Republic of Moldova""}], ""rights_model"": {""permissions"": [{""action"": ""calculate_macro_financial_assistance_amount"", ""asset"": ""MacroFinancialAssistance"", ""party"": ""Union"", ""constraints"": [{""name"": ""amount_assessment"", ""value"": ""complete_quantitative_assessment_of_the_Republic_of_Moldova""}]}], ""duties"": [{""action"": ""implement_policy_programme"", ""party"": ""Union"", ""constraints"": [{""name"": ""policy_programme_design"", ""value"": ""strong_immediate_adjustment_and_structural_reform_measures""}]}]}, ""legal_patterns"": [{""pattern_name"": ""MacroFinancialAssistanceImplementationPattern"", ""description"": ""Macro-Financial Assistance implementation pattern"", ""entities_involved"": [""Union"", ""RepublicOfMoldova""]}], ""example_instances"": [{""entity"": ""MacroFinancialAssistance"", ""example_value"": ""The determination of the amount of the Union's macro-financial assistance is based on a complete quantitative assessment of the Republic of Moldova's balance of payments over and above the resources provided by IMF and other multilateral institutions."", ""source_context"": ""(11) The Union's macro-financial assistance should aim to support the restoration of a sustainable external financing situation for the Republic of Moldova, contributing to the greater political and macroeconomic stability of the country, the strengthening of economic and financial governance, including a thorough, result-oriented investigation into bank fraud, good energy governance and the political independence of the judiciary.""}]}"
20,32017D1565_3,32017D1565,"{""ontology_name"": ""MoldovaMacroFinancialAssistance"", ""description"": ""Legal framework for Union's macro-financial assistance to the Republic of Moldova"", ""odrl_alignment"": {""core_entities"": [""Asset"", ""Party"", ""Permission"", ""Duty"", ""Constraint""], ""extensions"": [""LegalInstrument"", ""Regulation""]}, ""classes"": [{""name"": ""MacroFinancialAssistance"", ""type"": ""ODRL_core"", ""description"": ""Macro-financial assistance provided by the Union to the Republic of Moldova""}], ""relationships"": [{""source"": ""MacroFinancialAssistance"", ""relation"": ""appliesTo"", ""target"": ""RepublicOfMoldova""}], ""rights_model"": {""permissions"": [{""action"": ""calculate_assistance_amount"", ""asset"": ""MacroFinancialAssistance"", ""party"": ""Union"", ""constraints"": [{""name"": ""per_capita_income"", ""value"": ""measured by per capita income""}, {""name"": ""international_reserves"", ""value"": ""at its disposal""}, {""name"": ""economic_development"", ""value"": ""as measured by per capita income and poverty ratios""}, {""name"": ""capacity_to_finance"", ""value"": ""capacity to finance itself with its own resources""}, {""name"": ""expected_financial_contributions"", ""value"": ""expected financial contributions from multilateral donors""}, {""name"": ""fair_burden_sharing"", ""value"": ""fair burden sharing between the Union and other donors""}, {""name"": ""existing_instruments"", ""value"": ""pre-existing deployment of the Union's other external financing instruments""}, {""name"": ""added_value"", ""value"": ""added value of the overall Union involvement""}]}], ""duties"": [{""action"": ""ensure_external_policy_alignment"", ""party"": ""Union"", ""constraints"": []}]}, ""legal_patterns"": [{""pattern_name"": ""MacroFinancialAssistanceOperation"", ""description"": ""Macro-financial assistance operation involving Union services and the EEAS"", ""entities_involved"": [""Union"", ""Commission"", ""EEAS""]}], ""example_instances"": [{""entity"": ""MacroFinancialAssistance"", ""example_value"": ""The determination of the amount of the Union's macro-financial assistance is based on a complete quantitative assessment of the Republic of Moldova's residual external financing needs, and takes into account its capacity to finance itself with its own resources, in particular the international reserves at its disposal."", ""source_context"": ""(13) The determination of the amount of the Union's macro-financial assistance is based on a complete quantitative assessment of the Republic of Moldova's residual external financing needs, and takes into account its capacity to finance itself with its own resources, in particular the international reserves at its disposal.""}]}"
20,32017D1565_4,32017D1565,"{""ontology_name"": ""EU_MacroFinancialAssistance_Ontology"", ""description"": ""An ontology for EU Macro-Financial Assistance, aligned with ODRL 2.2 principles."", ""odrl_alignment"": {""core_entities"": [""Asset"", ""Party"", ""Permission"", ""Duty"", ""Constraint""], ""extensions"": [""LegalInstrument"", ""Regulation""]}, ""classes"": [{""name"": ""MacroFinancialAssistance"", ""type"": ""ODRL_core"", ""description"": ""Macro-Financial Assistance provided by the Union to the Republic of Moldova""}], ""relationships"": [{""source"": ""MacroFinancialAssistance"", ""relation"": ""appliesTo"", ""target"": ""RepublicOfMoldova""}], ""rights_model"": {""permissions"": [{""action"": ""work_closely_together"", ""asset"": ""MacroFinancialAssistance"", ""party"": ""EEAS"", ""constraints"": [{""name"": ""consistent_policy"", ""value"": ""Union external policy""}]}], ""duties"": [{""action"": ""respect_democratic_mechanisms"", ""party"": ""RepublicOfMoldova"", ""constraints"": [{""name"": ""democratic_mechanisms"", ""value"": ""multi-party parliamentary system""}, {""name"": ""rule_of_law"", ""value"": ""effective""}, {""name"": ""human_rights"", ""value"": ""guaranteed""}]}, {""action"": ""monitor_preconditions_and_objectives"", ""party"": ""Commission"", ""constraints"": [{""name"": ""fulfilment_precondition"", ""value"": ""respect effective democratic mechanisms and rule of law""}, {""name"": ""achievement_objectives"", ""value"": ""set out in a verifiable and measurable manner""}]}]}, ""legal_patterns"": [{""pattern_name"": ""MacroFinancialAssistance_AssociationAgreement_DCFTA"", ""description"": ""Macro-Financial Assistance includes measures to support the implementation of the Association Agreement, including the DCFTA"", ""entities_involved"": [""MacroFinancialAssistance"", ""AssociationAgreement"", ""DCFTA""]}], ""example_instances"": [{""entity"": ""MacroFinancialAssistance"", ""example_value"": ""Article 17 of the Regulation"", ""source_context"": ""The Union's macro-financial assistance should support the Republic of Moldova's commitment to values shared with the Union, including democracy, the rule of law, good governance, an accountable, transparent and merit-based civil service, an independent judiciary, respect for human rights, the freedom, independence and pluralism of the media, sustainable development and poverty reduction, as well as its commitment to the principles of open, rules-based and fair trade.""}]}"
20,32017D1565_5,32017D1565,"{""ontology_name"": ""EU_MacroFinancialAssistance"", ""description"": ""Ontology for EU Macro-Financial Assistance Decisions"", ""odrl_alignment"": {""core_entities"": [""Asset"", ""Party"", ""Permission"", ""Duty"", ""Constraint""], ""extensions"": []}, ""classes"": [{""name"": ""MacroFinancialAssistance"", ""type"": ""ODRL_core"", ""description"": ""Macro-Financial Assistance provided by the Union to the Republic of Moldova""}], ""relationships"": [{""source"": ""MacroFinancialAssistance"", ""relation"": ""appliesTo"", ""target"": ""RepublicOfMoldova"", ""description"": ""Macro-Financial Assistance is applicable to the Republic of Moldova""}], ""rights_model"": {""permissions"": [{""action"": ""monitor_precondition_and_objectives"", ""asset"": ""MacroFinancialAssistance"", ""party"": ""Commission"", ""constraints"": [{""name"": ""precondition_not_met"", ""value"": ""The precondition and the objectives are not met""}, {""name"": ""principles_disregarded"", ""value"": ""The aims and principles of the Association Agreement are generally disregarded""}]}, {""action"": ""suspend_or_cancel_disbursement"", ""asset"": ""MacroFinancialAssistance"", ""party"": ""Commission"", ""constraints"": [{""name"": ""precondition_not_met"", ""value"": ""The precondition and the objectives are not met""}, {""name"": ""principles_disregarded"", ""value"": ""The aims and principles of the Association Agreement are generally disregarded""}]}], ""duties"": [{""action"": ""implement_measures"", ""party"": ""RepublicOfMoldova"", ""constraints"": [{""name"": ""measures_relating_to_fraud_corruption"", ""value"": ""Appropriate measures relating to the prevention of, and fight against, fraud, corruption and any other irregularities linked to the assistance""}]}, {""action"": ""inform_commission"", ""party"": ""RepublicOfMoldova"", ""constraints"": [{""name"": ""full_disclosure"", ""value"": ""Regularly inform the Commission about the implementation of the macro-financial assistance on the basis of full disclosure""}]}]}, ""legal_patterns"": [{""pattern_name"": ""MacroFinancialAssistanceMonitoring"", ""description"": ""Macro-Financial Assistance is monitored by the Commission"", ""entities_involved"": [""Commission"", ""RepublicOfMoldova""]}, {""pattern_name"": ""MacroFinancialAssistanceImplementation"", ""description"": ""Macro-Financial Assistance is implemented by the Republic of Moldova"", ""entities_involved"": [""RepublicOfMoldova"", ""Commission""]}], ""example_instances"": [{""entity"": ""MacroFinancialAssistance"", ""example_value"": ""The amounts of macro-financial assistance provided in the form of grants and the amounts of the provision required for macro-financial assistance in the form of loans should be consistent with the budgetary appropriations provided for in the multiannual financial framework."", ""source_context"": ""(21) The amounts of macro-financial assistance provided in the form of grants and the amounts of the provision required for macro-financial assistance in the form of loans should be consistent with the budgetary appropriations provided for in the multiannual financial framework.""}]}"
20,32017D1565_6,32017D1565,"{""ontology_name"": ""EU_MacroFinancialAssistance_Ontology"", ""description"": ""An ontology for EU Macro Financial Assistance Decisions and their implementation."", ""odrl_alignment"": {""core_entities"": [""Asset"", ""Party"", ""Permission"", ""Duty"", ""Constraint""], ""extensions"": [""LegalInstrument"", ""Regulation""]}, ""classes"": [{""name"": ""MacroFinancialAssistance"", ""type"": ""ODRL_core"", ""description"": ""A macro financial assistance provided by the Union to a Member State.""}, {""name"": ""MacroFinancialAssistanceGrant"", ""type"": ""ODRL_core"", ""description"": ""A grant component of the macro financial assistance.""}, {""name"": ""MacroFinancialAssistanceLoan"", ""type"": ""ODRL_core"", ""description"": ""A loan component of the macro financial assistance.""}], ""relationships"": [{""source"": ""MacroFinancialAssistance"", ""relation"": ""appliesTo"", ""target"": ""MacroFinancialAssistanceGrant"", ""description"": ""Macro financial assistance includes a grant component.""}, {""source"": ""MacroFinancialAssistance"", ""relation"": ""appliesTo"", ""target"": ""MacroFinancialAssistanceLoan"", ""description"": ""Macro financial assistance includes a loan component.""}], ""rights_model"": {""permissions"": [{""action"": ""provide_documents"", ""asset"": ""MacroFinancialAssistance"", ""party"": ""Commission"", ""constraints"": [{""name"": ""effective_until"", ""value"": ""1985""}]}], ""duties"": [{""action"": ""negotiate_conditions"", ""party"": ""Commission"", ""constraints"": [{""name"": ""negotiated_conditions"", ""value"": ""with the authorities of the Republic of Moldova under the supervision of the committee of representatives of the Member States in accordance with Regulation (EU) No 182/2011""}]}]}, ""legal_patterns"": [{""pattern_name"": ""MacroFinancialAssistanceApproval"", ""description"": ""The approval process for the macro financial assistance, including the use of the examination procedure for amounts over EUR 90 million."", ""entities_involved"": [""Union"", ""MemberState"", ""Commission""]}], ""example_instances"": [{""entity"": ""MacroFinancialAssistance"", ""example_value"": ""Article 1 of the Decision"", ""source_context"": ""The Union shall make macro-financial assistance of a maximum amount of EUR 100 million available to the Republic of Moldova (the Union's macro-financial assistance), with a view to supporting the Republic of Moldova's economic stabilisation and a substantive reform agenda. Of that maximum amount, up to EUR 60 million shall be provided in the form of loans and up to EUR 40 million in the form of grants. The release of the Union's macro-financial assistance is subject to the approval of the Union budget for the financial year 2023.""}]}"
21,32017D1565_7,32017D1565,"{""ontology_name"": ""EU_MacroFinancialAssistance"", ""description"": ""Legal framework for EU's macro-financial assistance to the Republic of Moldova"", ""odrl_alignment"": {""core_entities"": [""Asset"", ""Party"", ""Permission"", ""Duty"", ""Constraint""], ""extensions"": [""LegalInstrument"", ""Regulation""]}, ""classes"": [{""name"": ""MacroFinancialAssistance"", ""type"": ""ODRL_core"", ""description"": ""Macro-financial assistance provided by the EU to the Republic of Moldova""}], ""relationships"": [{""source"": ""MacroFinancialAssistance"", ""relation"": ""appliesTo"", ""target"": ""Moldova"", ""description"": ""Macro-financial assistance is applicable to the Republic of Moldova""}], ""rights_model"": {""permissions"": [{""action"": ""provide_loans_and_grants"", ""asset"": ""MacroFinancialAssistance"", ""party"": ""EU"", ""constraints"": [{""name"": ""max_maturity"", ""value"": ""15 years""}]}], ""duties"": [{""action"": ""inform_parliament_and_council"", ""party"": ""EU"", ""constraints"": []}]}, ""legal_patterns"": [{""pattern_name"": ""MacroFinancialAssistanceManagement"", ""description"": ""Macro-financial assistance is managed in accordance with agreements and principles"", ""entities_involved"": [""EU"", ""Moldova"", ""IMF"", ""AssociationAgreement"", ""DCFTA"", ""ENI""]}], ""example_instances"": [{""entity"": ""MacroFinancialAssistance"", ""example_value"": ""0 million in loans and up to EUR 40 million in grants"", ""source_context"": ""0 million shall be provided in the form of loans and up to EUR 40 million in the form of grants.""}, {""entity"": ""MacroFinancialAssistance"", ""example_value"": ""The release of the Union's macro-financial assistance is subject to the approval of the Union budget by the European Parliament and the Council."", ""source_context"": ""The release of the Union's macro-financial assistance is subject to the approval of the Union budget for the relevant year by the European Parliament and the Council.""}]}"
21,32017D1565_8,32017D1565,"{""ontology_name"": ""MoldovaMacroFinancialAssistance"", ""description"": ""Legal framework for Moldova's macro-financial assistance"", ""odrl_alignment"": {""core_entities"": [""Asset"", ""Party"", ""Permission"", ""Duty"", ""Constraint""], ""extensions"": [""LegalInstrument"", ""Regulation""]}, ""classes"": [{""name"": ""MoldovaMacroFinancialAssistance"", ""type"": ""ODRL_core"", ""description"": ""Legal framework for Moldova's macro-financial assistance""}], ""relationships"": [{""source"": ""MoldovaMacroFinancialAssistance"", ""relation"": ""appliesTo"", ""target"": ""RepublicOfMoldova"", ""description"": ""Macro-financial assistance applies to the Republic of Moldova""}], ""rights_model"": {""permissions"": [{""action"": ""reduce_assistance_amount"", ""asset"": ""MoldovaMacroFinancialAssistance"", ""party"": ""RepublicOfMoldova"", ""constraints"": [{""name"": ""effective_until"", ""value"": ""1985""}]}], ""duties"": [{""action"": ""respect_democratic_mechanisms_and_law"", ""party"": ""RepublicOfMoldova"", ""constraints"": [{""name"": ""includes_multi_party_parliamentary_system"", ""value"": ""true""}, {""name"": ""guarantees_human_rights"", ""value"": ""true""}]}]}, ""legal_patterns"": [{""pattern_name"": ""MacroFinancialAssistanceConditions"", ""description"": ""Conditions for granting and applying macro-financial assistance"", ""entities_involved"": [""MoldovaMacroFinancialAssistance"", ""RepublicOfMoldova""]}], ""example_instances"": [{""entity"": ""MoldovaMacroFinancialAssistance"", ""example_value"": ""Article 2, 1. A pre-condition for granting the Union's macro-financial assistance shall be that the Republic of Moldova respects effective democratic mechanisms  including a multi-party parliamentary system  and the rule of law, and guarantees respect for human rights."", ""source_context"": ""Article 2, 1. A pre-condition for granting the Union's macro-financial assistance shall be that the Republic of Moldova respects effective democratic mechanisms  including a multi-party parliamentary system  and the rule of law, and guarantees respect for human rights.""}]}"
21,32017D1565_9,32017D1565,"{""ontology_name"": ""MoldovaMacroFinancialAssistance"", ""description"": ""Legal framework for Moldova's macro-financial assistance from the Union"", ""odrl_alignment"": {""core_entities"": [""Asset"", ""Party"", ""Permission"", ""Duty"", ""Constraint""], ""extensions"": [""LegalInstrument"", ""Regulation""]}, ""classes"": [{""name"": ""MoldovaMacroFinancialAssistance"", ""type"": ""ODRL_core"", ""description"": ""Legal framework for Moldova's macro-financial assistance from the Union""}], ""relationships"": [{""source"": ""MoldovaMacroFinancialAssistance"", ""relation"": ""appliesTo"", ""target"": ""MoldovaMacroFinancialAssistance""}], ""rights_model"": {""permissions"": [{""action"": ""release_instalment"", ""asset"": ""MoldovaMacroFinancialAssistance"", ""party"": ""Union"", ""constraints"": [{""name"": ""pre_condition"", ""value"": ""Article 2""}, {""name"": ""satisfactory_track_record"", ""value"": ""continuous satisfactory track record of implementing a policy programme""}, {""name"": ""economic_policy_agreement"", ""value"": ""satisfactory implementation of the economic policy and financial conditions agreed in the Memorandum of Understanding""}]}], ""duties"": [{""action"": ""verify_conditions"", ""party"": ""Union"", ""constraints"": [{""name"": ""economic_policies"", ""value"": ""economic policies of the Republic of Moldova are in accordance with the objectives of the Union's macro-financial assistance""}]}]}, ""legal_patterns"": [{""pattern_name"": ""MacroFinancialAssistanceReleaseConditions"", ""description"": ""Conditions for releasing instalments of macro-financial assistance"", ""entities_involved"": [""Union"", ""Moldova""]}], ""example_instances"": [{""entity"": ""MoldovaMacroFinancialAssistance"", ""example_value"": ""Article 4(3) of the Moldova Macro-Financial Assistance Regulation"", ""source_context"": ""Article 4(3) of the Moldova Macro-Financial Assistance Regulation: The Commission shall verify, at regular intervals, that the conditions referred to in Article 4(3) continue to be met, including whether the economic policies of the Republic of Moldova are in accordance with the objectives of the Union's macro-financial assistance.""}]}"
21,32017D1565_10,32017D1565,"{""ontology_name"": ""EU_MacroFinancialAssistance"", ""description"": ""Legal framework for EU macro-financial assistance to the National Bank of the Republic of Moldova"", ""odrl_alignment"": {""core_entities"": [""Asset"", ""Party"", ""Permission"", ""Duty"", ""Constraint""], ""extensions"": [""LegalInstrument"", ""Regulation""]}, ""classes"": [{""name"": ""MacroFinancialAssistance"", ""type"": ""ODRL_core"", ""description"": ""Macro-financial assistance provided by the Union to the National Bank of the Republic of Moldova""}], ""relationships"": [{""source"": ""MacroFinancialAssistance"", ""relation"": ""appliesTo"", ""target"": ""NationalBankOfMoldova""}], ""rights_model"": {""permissions"": [{""action"": ""release_instalment"", ""asset"": ""MacroFinancialAssistance"", ""party"": ""EuropeanCommission"", ""constraints"": [{""name"": ""release_delay"", ""value"": ""three months""}]}, {""action"": ""suspend_or_cancel_disbursement"", ""party"": ""EuropeanCommission"", ""constraints"": [{""name"": ""conditions_not_met"", ""value"": ""not met""}]}, {""action"": ""transfer_funds"", ""asset"": ""UnionFunds"", ""party"": ""MinistryOfFinanceOfMoldova"", ""constraints"": [{""name"": ""provisions_agreed"", ""value"": ""agreed in the Memorandum of Understanding""}]}], ""duties"": [{""action"": ""carry_out_borrowing_lending_operations"", ""party"": ""EuropeanCommission"", ""constraints"": [{""name"": ""value_date"", ""value"": ""same value date""}, {""name"": ""exchange_or_interest_rate_risk"", ""value"": ""no exposure""}]}, {""action"": ""include_early_repayment_clause"", ""party"": ""EuropeanCommission"", ""constraints"": [{""name"": ""Republic_of_Moldova_request"", ""value"": ""so requests""}]}, {""action"": ""refinance_or_restructure"", ""party"": ""EuropeanCommission"", ""constraints"": [{""name"": ""circumstances_permit"", ""value"": ""permit""}, {""name"": ""Republic_of_Moldova_request"", ""value"": ""so requests""}]}]}, ""legal_patterns"": [{""pattern_name"": ""MacroFinancialAssistanceReleasePattern"", ""description"": ""Pattern for releasing instalments of macro-financial assistance"", ""entities_involved"": [""MacroFinancialAssistance"", ""EuropeanCommission"", ""NationalBankOfMoldova""]}, {""pattern_name"": ""MacroFinancialAssistanceSuspensionPattern"", ""description"": ""Pattern for suspending or canceling disbursement of macro-financial assistance"", ""entities_involved"": [""MacroFinancialAssistance"", ""EuropeanCommission"", ""NationalBankOfMoldova""]}, {""pattern_name"": ""MacroFinancialAssistanceTransferPattern"", ""description"": ""Pattern for transferring funds from Union to Moldova"", ""entities_involved"": [""MacroFinancialAssistance"", ""UnionFunds"", ""MinistryOfFinanceOfMoldova""]}], ""example_instances"": [{""entity"": ""MacroFinancialAssistance"", ""example_value"": ""Article 5"", ""source_context"": ""Article 5: The borrowing and lending operations related to the loan component of the Union's macro-financial assistance shall be carried out in euro using the same value date and shall not involve the Union in the transformation of maturities, or expose it to any exchange or interest rate risk, or to any other commercial risk.""}]}"
21,32017D1565_11,32017D1565,"{""ontology_name"": ""MoldovaFinancialAssistanceODRL"", ""description"": ""ODRL ontology for Moldova's financial assistance agreements"", ""odrl_alignment"": {""core_entities"": [""Asset"", ""Party"", ""Permission"", ""Duty"", ""Constraint""], ""extensions"": [""LegalInstrument"", ""Regulation""]}, ""classes"": [{""name"": ""LegalInstrument"", ""type"": ""ODRL_core"", ""description"": ""A legal instrument that outlines the terms and conditions of financial assistance""}], ""relationships"": [{""source"": ""LegalInstrument"", ""relation"": ""appliesTo"", ""target"": ""Party"", ""description"": ""A legal instrument applies to a party""}], ""rights_model"": {""permissions"": [{""action"": ""refinance_initial_borrowings"", ""asset"": ""FinancialAssistance"", ""party"": ""RepublicOfMoldova"", ""constraints"": [{""name"": ""maturity_extension"", ""value"": ""false""}, {""name"": ""amount_increase"", ""value"": ""false""}]}], ""duties"": [{""action"": ""bear_costs"", ""party"": ""RepublicOfMoldova"", ""constraints"": []}]}, ""legal_patterns"": [{""pattern_name"": ""RefinancingAndRestructuringOperations"", ""description"": ""Refinancing or restructuring operations carried out in accordance with specific conditions"", ""entities_involved"": [""LegalInstrument"", ""RepublicOfMoldova""]}, {""pattern_name"": ""UnionCostsBearing"", ""description"": ""Union costs are borne by the Republic of Moldova"", ""entities_involved"": [""LegalInstrument"", ""RepublicOfMoldova""]}, {""pattern_name"": ""UnionMacroFinancialAssistanceImplementation"", ""description"": ""Implementation of Union's macro-financial assistance in accordance with specific regulations"", ""entities_involved"": [""LegalInstrument"", ""Regulation9662012"", ""Regulation12682012""]}, {""pattern_name"": ""MacroFinancialAssistanceManagement"", ""description"": ""Direct management of Union's macro-financial assistance"", ""entities_involved"": [""LegalInstrument"", ""Regulation29882012"", ""Regulation21852012"", ""Regulation8832013""]}], ""example_instances"": [{""entity"": ""LegalInstrument"", ""example_value"": ""Decision"", ""source_context"": ""Article 2: epublic of Moldova so requests, the Commission may decide to refinance all or part of its initial borrowings or may restructure the corresponding financial conditions.""}, {""entity"": ""LegalInstrument"", ""example_value"": ""Regulation (EU, Euratom) No 966/2012"", ""source_context"": ""Article 6: 1. The Union's macro-financial assistance shall be implemented in accordance with Regulation (EU, Euratom) No 966/2012 of the European Parliament and of the Council (6)""}]}"
22,32017D1565_12,32017D1565,"{""ontology_name"": ""EU_MacroFinancialAssistance_Ontology"", ""description"": ""Ontology for EU Macro-Financial Assistance Regulations and related actions"", ""odrl_alignment"": {""core_entities"": [""Asset"", ""Party"", ""Permission"", ""Duty"", ""Constraint""], ""extensions"": [""LegalInstrument"", ""Regulation""]}, ""classes"": [{""name"": ""Asset"", ""type"": ""ODRL_core"", ""description"": ""Represents the Union's macro-financial assistance""}, {""name"": ""Party"", ""type"": ""ODRL_core"", ""description"": ""Represents the European Parliament, Council, Commission, and Court of Auditors""}], ""relationships"": [{""source"": ""Asset"", ""relation"": ""appliesTo"", ""target"": ""Party"", ""description"": ""The Asset is applicable to the Parties""}], ""rights_model"": {""permissions"": [{""action"": ""carry_out_checks"", ""asset"": ""Asset"", ""party"": ""Party"", ""constraints"": [{""name"": ""effective_until"", ""value"": ""1985""}]}, {""action"": ""perform_document_audits"", ""asset"": ""Asset"", ""party"": ""Party"", ""constraints"": [{""name"": ""type_of_audits"", ""value"": ""document audits""}]}, {""action"": ""perform_on_the_spot_audits"", ""asset"": ""Asset"", ""party"": ""Party"", ""constraints"": [{""name"": ""type_of_audits"", ""value"": ""on-the-spot audits""}]}, {""action"": ""perform_operational_assessments"", ""asset"": ""Asset"", ""party"": ""Party"", ""constraints"": [{""name"": ""type_of_audits"", ""value"": ""operational assessments""}]}], ""duties"": [{""action"": ""ensure_early_repayment"", ""party"": ""Party"", ""constraints"": [{""name"": ""condition"", ""value"": ""engagement in fraud or corruption""}]}]}, ""legal_patterns"": [{""pattern_name"": ""MacroFinancialAssistanceImplementation"", ""description"": ""Macro-Financial Assistance implementation process"", ""entities_involved"": [""Asset"", ""Party""]}], ""example_instances"": [{""entity"": ""Asset"", ""example_value"": ""rdance with Council Regulation (EC, Euratom) No 2988/95 (8)"", ""source_context"": ""rdance with Council Regulation (EC, Euratom) No 2988/95 (8)""}, {""entity"": ""Party"", ""example_value"": ""European Parliament, Council, Commission, and Court of Auditors"", ""source_context"": ""European Parliament, Council, Commission, and Court of Auditors""}]}"
22,32017D1565_13,32017D1565,"{""ontology_name"": ""MacroFinancialAssistanceAssessment"", ""description"": ""Ontology for macro-financial assistance assessment and related decisions"", ""odrl_alignment"": {""core_entities"": [""Asset"", ""Party"", ""Permission"", ""Duty"", ""Constraint""], ""extensions"": [""LegalInstrument"", ""Regulation""]}, ""classes"": [{""name"": ""MacroFinancialAssistanceDecision"", ""type"": ""ODRL_core"", ""description"": ""A decision related to macro-financial assistance""}], ""relationships"": [{""source"": ""MacroFinancialAssistanceDecision"", ""relation"": ""appliesTo"", ""target"": ""MacroFinancialAssistanceReport"", ""description"": ""A decision applies to a report related to macro-financial assistance""}], ""rights_model"": {""permissions"": [{""action"": ""examine_progress"", ""asset"": ""MacroFinancialAssistanceReport"", ""party"": ""EuropeanParliament"", ""constraints"": [{""name"": ""effective_until"", ""value"": ""two_years_after_expiry_of_availability_period""}]}, {""action"": ""submit_ex_post_evaluation"", ""asset"": ""MacroFinancialAssistanceReport"", ""party"": ""EuropeanParliament"", ""constraints"": [{""name"": ""effective_after"", ""value"": ""two_years_after_expiry_of_availability_period""}]}], ""duties"": [{""action"": ""release_instalments"", ""party"": ""EuropeanUnion"", ""constraints"": [{""name"": ""based_on_conditions_in_Memo"", ""value"": ""conditions_laid_down_in_Memo_of_Understanding""}]}]}, ""legal_patterns"": [{""pattern_name"": ""MacroFinancialAssistanceEvaluation"", ""description"": ""Pattern for evaluating the results and efficiency of macro-financial assistance"", ""entities_involved"": [""EuropeanParliament"", ""EuropeanUnion""]}], ""example_instances"": [{""entity"": ""MacroFinancialAssistanceDecision"", ""example_value"": ""Article 9 This Decision shall enter into force on the third day following that of its publication in the official Journal of the European Union."", ""source_context"": ""Article 9 This Decision shall enter into force on the third day following that of its publication in the official Journal of the European Union.""}]}"
22,32017D1565_14,32017D1565,"{""ontology_name"": ""EU_Rights_Ontology"", ""description"": ""Representation of legal rights and obligations within the European Union context"", ""odrl_alignment"": {""core_entities"": [""Asset"", ""Party"", ""Permission"", ""Duty"", ""Constraint""], ""extensions"": [""LegalInstrument"", ""Regulation""]}, ""classes"": [{""name"": ""LegalInstrument"", ""type"": ""ODRL_core"", ""description"": ""A legal instrument that grants rights or obligations""}], ""relationships"": [{""source"": ""LegalInstrument"", ""relation"": ""appliesTo"", ""target"": ""Party"", ""description"": ""A legal instrument applies to a party""}], ""rights_model"": {""permissions"": [{""action"": ""use"", ""asset"": ""Council_Decision_2010_427_EU"", ""party"": ""TargetParty"", ""constraints"": [{""name"": ""effective_until"", ""value"": ""2010-07-26""}]}, {""action"": ""apply_levy"", ""asset"": ""Council_Regulation_2009_480_EU"", ""party"": ""TargetParty"", ""constraints"": [{""name"": ""valid_for"", ""value"": ""cereal_products""}]}], ""duties"": [{""action"": ""calculate_import_duty"", ""party"": ""ResponsibleParty"", ""constraints"": [{""name"": ""threshold"", ""value"": ""1000""}]}]}, ""legal_patterns"": [{""pattern_name"": ""Granting_of_Rights"", ""description"": ""A legal instrument grants rights to a party"", ""entities_involved"": [""LegalInstrument"", ""Party""]}, {""pattern_name"": ""Mandatory_Obligations"", ""description"": ""A party has a duty to perform an action"", ""entities_involved"": [""Party"", ""Duty""]}], ""example_instances"": [{""entity"": ""LegalInstrument"", ""example_value"": ""Council Decision 2010/427/EU"", ""source_context"": ""(4) Council Decision 2010/427/EU of 26 July 2010 establishing the organisation and functioning of the European External Action Service (OJ L 201, 3.8.2010, p. 30).""}, {""entity"": ""Party"", ""example_value"": ""TargetParty"", ""source_context"": ""use""}]}"
22,32017D1565_15,32017D1565,"{""ontology_name"": ""Moldova_MacroFinancialAssistance_Ontology"", ""description"": ""Ontology for the Moldova Macro Financial Assistance legal context"", ""odrl_alignment"": {""core_entities"": [""Asset"", ""Party"", ""Permission"", ""Duty"", ""Constraint""], ""extensions"": [""LegalInstrument"", ""Regulation""]}, ""classes"": [{""name"": ""MacroFinancialAssistance"", ""type"": ""ODRL_core"", ""description"": ""Macro financial assistance provided by the European Parliament, Council, and Commission to the Republic of Moldova""}], ""relationships"": [{""source"": ""MacroFinancialAssistance"", ""relation"": ""appliesTo"", ""target"": ""ElectoralSystemChanges"", ""description"": ""Macro financial assistance is contingent upon the changes in the electoral system in the Republic of Moldova""}], ""rights_model"": {""permissions"": [{""action"": ""respect_democratic_mechanisms"", ""asset"": ""MacroFinancialAssistance"", ""party"": ""RepublicOfMoldova"", ""constraints"": [{""name"": ""multi_party_parliamentary_system"", ""value"": ""true""}, {""name"": ""rule_of_law"", ""value"": ""true""}, {""name"": ""respect_human_rights"", ""value"": ""true""}]}], ""duties"": [{""action"": ""consider_recommendations"", ""party"": ""RepublicOfMoldova"", ""constraints"": [{""name"": ""consider_recommendations_from_international_partners"", ""value"": ""true""}]}]}, ""legal_patterns"": [{""pattern_name"": ""MacroFinancialAssistanceCondition"", ""description"": ""Macro financial assistance is conditional upon the Republic of Moldova respecting democratic mechanisms and considering recommendations from international partners"", ""entities_involved"": [""MacroFinancialAssistance"", ""RepublicOfMoldova"", ""InternationalPartners""]}], ""example_instances"": [{""entity"": ""MacroFinancialAssistance"", ""example_value"": ""he changes of the electoral system in the Republic of Moldova, the European Parliament, the Council and the Commission underline that a pre-condition for granting macro-financial assistance is that the beneficiary country respects effective democratic mechanisms, including a multi-party parliamentary system and the rule of law and guarantees respect for human rights."", ""source_context"": ""he changes of the electoral system in the Republic of Moldova, the European Parliament, the Council and the Commission underline that a pre-condition for granting macro-financial assistance is that the beneficiary country respects effective democratic mechanisms, including a multi-party parliamentary system and the rule of law and guarantees respect for human rights.""}]}"
22,32017D1372_0,32017D1372,"{""ontology_name"": ""EGF_Mobilization_Ontology"", ""description"": ""An ontology for the mobilization of the European Globalisation Adjustment Fund (EGF) as per Decision (EU) 2017/1372"", ""odrl_alignment"": {""core_entities"": [""Asset"", ""Party"", ""Permission"", ""Duty"", ""Constraint""], ""extensions"": [""LegalInstrument"", ""Regulation""]}, ""classes"": [{""name"": ""EGF_Mobilization"", ""type"": ""ODRL_core"", ""description"": ""A mobilization of the European Globalisation Adjustment Fund (EGF)""}], ""relationships"": [{""source"": ""EGF_Mobilization"", ""relation"": ""appliesTo"", ""target"": ""Spain"", ""description"": ""The EGF mobilization applies to Spain""}], ""rights_model"": {""permissions"": [{""action"": ""calculate_import_duty"", ""asset"": ""EGF_Mobilization"", ""party"": ""Spain"", ""constraints"": [{""name"": ""max_amount"", ""value"": ""EUR 150 million (2011 prices)""}]}], ""duties"": [{""action"": ""reintegration_into_labour_market"", ""party"": ""Spain"", ""constraints"": []}]}, ""legal_patterns"": [{""pattern_name"": ""EGF_Mobilization_Pattern"", ""description"": ""The mobilization of the EGF for specific redundancies in the mining sector"", ""entities_involved"": [""EGF_Mobilization"", ""Spain"", ""Mining_of_coal_and_lignite""]}], ""example_instances"": [{""entity"": ""EGF_Mobilization"", ""example_value"": ""DECISION (EU) 2017/1372 OF THE EUROPEAN PARLIAMENT AND OF THE COUNCIL of 14 July 2017 on the mobilisation of the European Globalisation Adjustment Fund following an application from Spain"", ""source_context"": ""THE EUROPEAN PARLIAMENT AND THE COUNCIL OF THE EUROPEAN UNION, Having regard to the Treaty on the Functioning of the European Union, Having regard to Regulation (EU) No 1309/2013 of the European Parliament and of the Council of 17 December 2013 on the European Globalisation Adjustment Fund (2014-2020) and repealing Regulation (EC) No 1927/2006 (1), and in particular Article 15(4) thereof, Having regard to the Interinstitutional Agreement of 2 December 2013 between the European Parliament, the Council and the Commission on budgetary discipline, on cooperation in budgetary matters and on sound financial management (2), and in particular point 13 thereof, Having regard to the proposal from the European Commission, Whereas:""}]}"
23,32017D1372_1,32017D1372,"{""ontology_name"": ""EGF_Mobilisation_Decision_Ontology"", ""description"": ""An ontology for the EGF Mobilisation Decision, including its application, permissions, duties, and constraints."", ""odrl_alignment"": {""core_entities"": [""Asset"", ""Party"", ""Permission"", ""Duty"", ""Constraint""], ""extensions"": [""LegalInstrument"", ""Regulation""]}, ""classes"": [{""name"": ""EGF_Mobilisation_Decision"", ""type"": ""ODRL_core"", ""description"": ""A decision to mobilise the European Globalisation Adjustment Fund (EGF)""}], ""relationships"": [{""source"": ""EGF_Mobilisation_Decision"", ""relation"": ""appliesTo"", ""target"": ""Spain"", ""description"": ""The EGF Mobilisation Decision applies to Spain""}], ""rights_model"": {""permissions"": [{""action"": ""calculate_financial_contribution"", ""asset"": ""EGF_Mobilisation_Decision"", ""party"": ""Spain"", ""constraints"": [{""name"": ""effective_date"", ""value"": ""14 July 2017""}]}], ""duties"": [{""action"": ""provide_financial_contribution"", ""party"": ""European_Globalisation_Adjustment_Fund"", ""constraints"": [{""name"": ""serious_impact_on_employment_and_local_economy"", ""value"": ""redundancies have a serious impact on employment and the local economy""}]}]}, ""legal_patterns"": [{""pattern_name"": ""EGF_Mobilisation_Pattern"", ""description"": ""The process of mobilising the EGF for a financial contribution"", ""entities_involved"": [""EGF_Mobilisation_Decision"", ""Spain"", ""European_Globalisation_Adjustment_Fund""]}], ""example_instances"": [{""entity"": ""EGF_Mobilisation_Decision"", ""example_value"": ""Article 1 For the general budget of the Union for the financial year 2017, the European Globalisation Adjustment Fund shall be mobilised to provide the amount of EUR 1 002 264 in commitment and payment appropriations."", ""source_context"": ""Article 1 For the general budget of the Union for the financial year 2017, the European Globalisation Adjustment Fund shall be mobilised to provide the amount of EUR 1 002 264 in commitment and payment appropriations.""}]}"
23,32017D1372_2,32017D1372,"{""ontology_name"": ""EU_MFF_2014_2020"", ""description"": ""Legal framework for the multiannual financial framework for the years 2014-2020"", ""odrl_alignment"": {""core_entities"": [""Asset"", ""Party"", ""Permission"", ""Duty"", ""Constraint""], ""extensions"": [""LegalInstrument"", ""Regulation""]}, ""classes"": [{""name"": ""LegalInstrument"", ""type"": ""ODRL_core"", ""description"": ""A legal instrument that defines the multiannual financial framework for the years 2014-2020""}], ""relationships"": [{""source"": ""LegalInstrument"", ""relation"": ""appliesTo"", ""target"": ""Asset"", ""description"": ""The LegalInstrument applies to the multiannual financial framework for the years 2014-2020""}], ""rights_model"": {""permissions"": [{""action"": ""calculate_import_duty"", ""asset"": ""Asset"", ""party"": ""TargetParty"", ""constraints"": [{""name"": ""valid_until"", ""value"": ""2020-12-31""}]}], ""duties"": [{""action"": ""calculate_export_duty"", ""party"": ""TargetParty"", ""constraints"": []}]}, ""legal_patterns"": [{""pattern_name"": ""DutyToCalculateExportDuty"", ""description"": ""The TargetParty is required to calculate the export duty"", ""entities_involved"": [""TargetParty""]}], ""example_instances"": [{""entity"": ""LegalInstrument"", ""example_value"": ""OJ L 347, 20.12.2013, p. 884"", ""source_context"": ""OJ L 347, 20.12.2013, p. 884""}]}"
23,32017D1324_0,32017D1324,"{""ontology_name"": ""PRIMADecision2017"", ""description"": ""ODRL-aligned ontology for the PRIMA Decision 2017/1324"", ""odrl_alignment"": {""core_entities"": [""Asset"", ""Party"", ""Permission"", ""Duty"", ""Constraint""], ""extensions"": [""LegalInstrument"", ""Regulation""]}, ""classes"": [{""name"": ""PRIMADecision2017"", ""type"": ""ODRL_core"", ""description"": ""PRIMA Decision 2017/1324""}], ""relationships"": [{""source"": ""PRIMADecision2017"", ""relation"": ""appliesTo"", ""target"": ""MemberStates"", ""description"": ""Member States are required to participate in the PRIMA partnership""}], ""rights_model"": {""permissions"": [{""action"": ""participate_in_prima"", ""asset"": ""PRIMADecision2017"", ""party"": ""MemberStates"", ""constraints"": [{""name"": ""validity_period"", ""value"": ""2017-07-04 to 2027-06-30""}]}], ""duties"": [{""action"": ""implement_prima"", ""party"": ""MemberStates"", ""constraints"": []}]}, ""legal_patterns"": [{""pattern_name"": ""MemberStatesParticipation"", ""description"": ""Member States must participate in the PRIMA partnership"", ""entities_involved"": [""MemberStates"", ""PRIMADecision2017""]}], ""example_instances"": [{""entity"": ""MemberStates"", ""example_value"": ""THE EUROPEAN PARLIAMENT AND THE COUNCIL OF THE EUROPEAN UNION"", ""source_context"": ""EUR-Lex text: THE EUROPEAN PARLIAMENT AND THE COUNCIL OF THE EUROPEAN UNION, Having regard to the Treaty on the Functioning of the European Union, and in particular Article 185 and the second paragraph of Article 188 thereof, Having regard to the proposal from the European Commission, After transmission of the draft legislative act to the national parliaments, Having regard to the opinion of the European Economic and Social Committee (1), Acting in accordance with the ordinary legislative procedure (2), Whereas:""}]}"
23,32017D1324_1,32017D1324,"{""ontology_name"": ""PRIMAResearchOntology"", ""description"": ""An ontology for legal rights and obligations related to the PRIMA Regulation and its implementation."", ""odrl_alignment"": {""core_entities"": [""Asset"", ""Party"", ""Permission"", ""Duty"", ""Constraint""], ""extensions"": [""LegalInstrument"", ""Regulation""]}, ""classes"": [{""name"": ""PRIMAProgramme"", ""type"": ""ODRL_core"", ""description"": ""A public-public partnership programme under the PRIMA Regulation.""}], ""relationships"": [{""source"": ""PRIMAProgramme"", ""relation"": ""appliesTo"", ""target"": ""CivilApplication"", ""description"": ""A PRIMA Programme applies to civil applications.""}], ""rights_model"": {""permissions"": [{""action"": ""calculate_import_duty"", ""asset"": ""PRIMAProgramme"", ""party"": ""ResearchInnovationParties"", ""constraints"": [{""name"": ""validity_period"", ""value"": ""until 2030""}]}], ""duties"": [{""action"": ""ensure_openness_and_transparency"", ""party"": ""ResearchInnovationParties"", ""constraints"": []}]}, ""legal_patterns"": [{""pattern_name"": ""InternationalCooperationPattern"", ""description"": ""International cooperation in research and innovation is a key aspect of the Union's global commitments and has an important role to play in the Union's partnership with European Neighbourhood countries."", ""entities_involved"": [""InternationalCooperation"", ""EuropeanNeighbourhoodCountries""]}], ""example_instances"": [{""entity"": ""PRIMAProgramme"", ""example_value"": ""Article 19(2) of Regulation (EU) No 1291/2013"", ""source_context"": ""Article 19(2) of Regulation (EU) No 1291/2013: 'research and innovation activities carried out under the Partnership for Research and Innovation in the Mediterranean Area (PRIMA) are to have an exclusive focus on civil applications.'""}]}"
23,32017D1324_2,32017D1324,"{""ontology_name"": ""MediterraneanResearchAndInnovation"", ""description"": ""Legal framework for research and innovation in the Mediterranean area"", ""odrl_alignment"": {""core_entities"": [""Asset"", ""Party"", ""Permission"", ""Duty"", ""Constraint""], ""extensions"": [""LegalInstrument"", ""Regulation""]}, ""classes"": [{""name"": ""ResearchAndInnovationAction"", ""type"": ""ODRL_core"", ""description"": ""A research and innovation action that must comply with legal obligations and ethical principles""}], ""relationships"": [{""source"": ""ResearchAndInnovationAction"", ""relation"": ""appliesTo"", ""target"": ""LegalInstrument""}], ""rights_model"": {""permissions"": [{""action"": ""respect_fundamental_rights"", ""asset"": ""ResearchAndInnovationAction"", ""party"": ""FundamentalRightsHolder"", ""constraints"": [{""name"": ""compliance_with_regulation_1290/2013"", ""value"": ""Regulation (EU) No 1290/2013 of the European Parliament and of the Council""}, {""name"": ""compliance_with_ethical_principles"", ""value"": ""Ethical principles, including avoiding any breach of research integrity""}]}, {""action"": ""comply_with_international_law"", ""asset"": ""ResearchAndInnovationAction"", ""party"": ""LegalObligationHolder"", ""constraints"": [{""name"": ""compliance_with_international_law"", ""value"": ""Legal obligation stemming from international law""}]}, {""action"": ""comply_with_commission_decisions"", ""asset"": ""ResearchAndInnovationAction"", ""party"": ""CommissionDecisionHolder"", ""constraints"": [{""name"": ""compliance_with_commission_notice_2013"", ""value"": ""Commission notice of 28 June 2013""}]}], ""duties"": [{""action"": ""contribute_to_root_causes_of_migration"", ""party"": ""MigrationPolicyHolder"", ""constraints"": []}, {""action"": ""focus_on_SMEs_and_sustainable_infrastructure"", ""party"": ""PolicyHolder"", ""constraints"": []}]}, ""legal_patterns"": [{""pattern_name"": ""ComplianceWithRegulationAndEthicalPrinciples"", ""description"": ""Actions must comply with Regulation (EU) No 1290/2013 and ethical principles"", ""entities_involved"": [""ResearchAndInnovationAction"", ""FundamentalRightsHolder"", ""LegalObligationHolder"", ""CommissionDecisionHolder""]}, {""pattern_name"": ""ComplianceWithInternationalLawAndCommissionDecisions"", ""description"": ""Actions must comply with international law and relevant Commission decisions"", ""entities_involved"": [""ResearchAndInnovationAction"", ""LegalObligationHolder"", ""CommissionDecisionHolder""]}, {""pattern_name"": ""ContributeToMigrationRootCauses"", ""description"": ""Actions must contribute to the root causes of migration"", ""entities_involved"": [""ResearchAndInnovationAction"", ""MigrationPolicyHolder""]}, {""pattern_name"": ""FocusOnSMEsAndSustainableInfrastructure"", ""description"": ""Actions must focus on SMEs and sustainable infrastructure"", ""entities_involved"": [""ResearchAndInnovationAction"", ""PolicyHolder""]}], ""example_instances"": [{""entity"": ""ResearchAndInnovationAction"", ""example_value"": ""PRIMA aims to implement a joint programme to foster research and innovation capacities and to develop knowledge and common innovative solutions for improving the efficiency, safety, security and sustainability of agro-food systems and of integrated water provision and management in the Mediterranean area."", ""source_context"": ""PRIMA aims to implement a joint programme to foster research and innovation capacities and to develop knowledge and common innovative solutions for improving the efficiency, safety, security and sustainability of agro-food systems and of integrated water provision and management in the Mediterranean area. PRIMA should contribute to the achievement of the recently agreed Sustainable Development Goals and to the forthcoming European Sustainable Development Strategy as well as to the goals of the Paris Agreement.""}]}"
24,32017D1324_3,32017D1324,"{""ontology_name"": ""PRIMA_Ontology"", ""description"": ""Legal framework for PRIMA (Partnership for Research and Innovation in the Mediterranean Area) as per the provided text."", ""odrl_alignment"": {""core_entities"": [""Asset"", ""Party"", ""Permission"", ""Duty"", ""Constraint""], ""extensions"": [""LegalInstrument"", ""Regulation""]}, ""classes"": [{""name"": ""PRIMAAsset"", ""type"": ""ODRL_core"", ""description"": ""Represents the legal resource or document related to PRIMA.""}, {""name"": ""PRIMAParty"", ""type"": ""ODRL_core"", ""description"": ""Represents the parties involved in the legal framework of PRIMA.""}], ""relationships"": [{""source"": ""PRIMAParty"", ""relation"": ""appliesTo"", ""target"": ""PRIMAAsset"", ""description"": ""A party is involved with a specific asset.""}], ""rights_model"": {""permissions"": [{""action"": ""use_PRIMA"", ""asset"": ""PRIMAAsset"", ""party"": ""PRIMAParty"", ""constraints"": [{""name"": ""validity_period"", ""value"": ""1985""}]}], ""duties"": [{""action"": ""contribute_funds"", ""party"": ""PRIMAParty"", ""constraints"": []}]}, ""legal_patterns"": [{""pattern_name"": ""PRIMAParticipationPattern"", ""description"": ""Participation of parties in PRIMA based on their contributions and commitments."", ""entities_involved"": [""PRIMAParty"", ""PRIMAAsset""]}], ""example_instances"": [{""entity"": ""PRIMAParty"", ""example_value"": ""any other Member State and any third country associated to Horizon 2020"", ""source_context"": ""In order to ensure the joint implementation of PRIMA, an implementation structure (PRIMA-IS) should be set up. PRIMA-IS should be the recipient of the Union financial contribution and it should ensure the efficient and transparent implementation of PRIMA.""}]}"
24,32017D1324_4,32017D1324,"{""ontology_name"": ""PRIMA_Financing_Ontology"", ""description"": ""Ontology for PRIMA financing rules and obligations"", ""odrl_alignment"": {""core_entities"": [""Asset"", ""Party"", ""Permission"", ""Duty"", ""Constraint""], ""extensions"": [""LegalInstrument"", ""Regulation""]}, ""classes"": [{""name"": ""PRIMA_Financing_Organization"", ""type"": ""ODRL_core"", ""description"": ""An organization that is eligible to participate in PRIMA and is approved by PRIMA-IS""}, {""name"": ""PRIMA_Financing_Contributor"", ""type"": ""ODRL_core"", ""description"": ""An organization that contributes financially to PRIMA""}, {""name"": ""PRIMA_Financing_Participant"", ""type"": ""ODRL_core"", ""description"": ""An organization that participates in PRIMA""}], ""relationships"": [{""source"": ""PRIMA_Financing_Organization"", ""relation"": ""appliesTo"", ""target"": ""PRIMA_Financing_Participant"", ""description"": ""An organization that is eligible to participate in PRIMA and is approved by PRIMA-IS""}, {""source"": ""PRIMA_Financing_Contributor"", ""relation"": ""appliesTo"", ""target"": ""PRIMA_Financing_Participant"", ""description"": ""An organization that contributes financially to PRIMA""}], ""rights_model"": {""permissions"": [{""action"": ""calculate_financial_commitment"", ""asset"": ""PRIMA_Financing_Organization"", ""party"": ""PRIMA_Financing_Contributor"", ""constraints"": [{""name"": ""financial_commitment"", ""value"": ""1000000""}]}, {""action"": ""approve_participation"", ""asset"": ""PRIMA_Financing_Organization"", ""party"": ""PRIMA_Financing_Participant"", ""constraints"": [{""name"": ""international_agreement"", ""value"": ""exists""}]}], ""duties"": [{""action"": ""contribute_financially"", ""party"": ""PRIMA_Financing_Contributor"", ""constraints"": [{""name"": ""financial_commitment"", ""value"": ""1000000""}]}, {""action"": ""implement_commitments"", ""party"": ""PRIMA_Financing_Contributor"", ""constraints"": []}]}, ""legal_patterns"": [{""pattern_name"": ""Financial_Participation_Pattern"", ""description"": ""A pattern for financial participation in PRIMA by eligible organizations"", ""entities_involved"": [""PRIMA_Financing_Organization"", ""PRIMA_Financing_Contributor"", ""PRIMA_Financing_Participant""]}], ""example_instances"": [{""entity"": ""PRIMA_Financing_Organization"", ""example_value"": ""Organization A"", ""source_context"": ""Any other third country not associated to Horizon 2020, in particular Southern Mediterranean countries, should be able to participate if it commits to contributing to the financing of PRIMA and if PRIMA-IS approves its participation.""}, {""entity"": ""PRIMA_Financing_Contributor"", ""example_value"": ""Organization B"", ""source_context"": ""A ceiling should be established for the Union financial contribution to PRIMA with funding from Horizon 2020. Under that ceiling, the Union financial contribution should be equal to the Participating States' contribution to PRIMA in order to achieve a high leverage effect and ensure a stronger integration of the Participating States' programmes.""}, {""entity"": ""PRIMA_Financing_Participant"", ""example_value"": ""Organization C"", ""source_context"": ""Furthermore, Participating States should contribute financially or in kind to activities implemented without the Union financial contribution and to the administrative budget of PRIMA-IS not covered by the Union financial contribution.""}]}"
24,32017D1324_5,32017D1324,"{""ontology_name"": ""PRIMA_Ontology"", ""description"": ""Legal rights and obligations related to the PRIMA initiative as per Regulation (EU) No 1291/2013"", ""odrl_alignment"": {""core_entities"": [""Asset"", ""Party"", ""Permission"", ""Duty"", ""Constraint""], ""extensions"": [""LegalInstrument"", ""Regulation""]}, ""classes"": [{""name"": ""PRIMA_Asset"", ""type"": ""ODRL_core"", ""description"": ""Represents the PRIMA initiative and its associated activities""}, {""name"": ""PRIMA_Party"", ""type"": ""ODRL_core"", ""description"": ""Represents the parties involved in the PRIMA initiative, including the European Commission, Member States, and other stakeholders""}], ""relationships"": [{""source"": ""PRIMA_Asset"", ""relation"": ""appliesTo"", ""target"": ""PRIMA_Party"", ""description"": ""PRIMA activities apply to the parties involved in the initiative""}], ""rights_model"": {""permissions"": [{""action"": ""calculate_import_duty"", ""asset"": ""PRIMA_Asset"", ""party"": ""PRIMA_Party"", ""constraints"": [{""name"": ""effective_until"", ""value"": ""2025-12-31""}]}], ""duties"": [{""action"": ""monitor_calls_for_proposals"", ""party"": ""PRIMA_Party"", ""constraints"": []}]}, ""legal_patterns"": [{""pattern_name"": ""PRIMA_Implementation_Pattern"", ""description"": ""PRIMA activities are implemented based on annual work plans and regular monitoring of activities and proposals"", ""entities_involved"": [""PRIMA_Asset"", ""PRIMA_Party""]}], ""example_instances"": [{""entity"": ""PRIMA_Asset"", ""example_value"": ""PRIMA (European Research Framework Programme initiative)"", ""source_context"": ""PRIMA should support all types of research and innovation activities, including research, development and innovation projects, innovative demonstrators and pilot plants, capacity building, training, awareness-raising and dissemination actions, and researcher mobility, addressing a wide range of Technology Readiness Levels and ensuring an appropriate balance between small and large projects.""}, {""entity"": ""PRIMA_Party"", ""example_value"": ""European Commission, Member States, and other stakeholders"", ""source_context"": ""PRIMA activities should be in line with the objectives and research and innovation priorities of Horizon 2020 and with the general principles and conditions laid down in Article 26 of Regulation (EU) No 1291/2013.""}]}"
24,32017D1324_6,32017D1324,"{""ontology_name"": ""PRIMA-IS_Ontology"", ""description"": ""Legal rights and obligations related to PRIMA-IS initiatives and activities"", ""odrl_alignment"": {""core_entities"": [""Asset"", ""Party"", ""Permission"", ""Duty"", ""Constraint""], ""extensions"": [""LegalInstrument"", ""Regulation""]}, ""classes"": [{""name"": ""PRIMAISProposal"", ""type"": ""ODRL_core"", ""description"": ""A proposal for funding actions under PRIMA-IS""}, {""name"": ""PRIMAISAction"", ""type"": ""ODRL_core"", ""description"": ""An action funded by PRIMA-IS""}], ""relationships"": [{""source"": ""PRIMAISProposal"", ""relation"": ""appliesTo"", ""target"": ""PRIMAISAction"", ""description"": ""A proposal applies to an action funded by PRIMA-IS""}], ""rights_model"": {""permissions"": [{""action"": ""calculate_import_duty"", ""asset"": ""PRIMAISAction"", ""party"": ""PRIMAIS"", ""constraints"": [{""name"": ""threshold"", ""value"": ""above threshold""}]}, {""action"": ""amend_annual_work_plan"", ""asset"": ""PRIMAISAction"", ""party"": ""PRIMAIS"", ""constraints"": [{""name"": ""case"", ""value"": ""justified""}]}, {""action"": ""select_proposals"", ""asset"": ""PRIMAISAction"", ""party"": ""PRIMAIS"", ""constraints"": [{""name"": ""method"", ""value"": ""open and competitive calls for proposals""}]}, {""action"": ""address_barriers"", ""asset"": ""PRIMAISAction"", ""party"": ""PRIMAIS"", ""constraints"": [{""name"": ""barrier"", ""value"": ""barriers preventing the participation of newcomers""}]}, {""action"": ""provide_funding"", ""asset"": ""PRIMAISAction"", ""party"": ""PRIMAIS"", ""constraints"": [{""name"": ""share"", ""value"": ""approximately 25 % of the Union financial contribution""}]}, {""action"": ""publish_proposals"", ""asset"": ""PRIMAISAction"", ""party"": ""PRIMAIS"", ""constraints"": [{""name"": ""platform"", ""value"": ""single portal for participants""}]}, {""action"": ""make_information_public"", ""asset"": ""PRIMAISAction"", ""party"": ""PRIMAIS"", ""constraints"": []}], ""duties"": [{""action"": ""terminate_contribute"", ""party"": ""Commission"", ""constraints"": [{""name"": ""inadequately"", ""value"": ""PRIMA is implemented inadequately""}, {""name"": ""partially"", ""value"": ""PRIMA is implemented partially""}, {""name"": ""late"", ""value"": ""PRIMA is implemented late""}, {""name"": ""not_contribute"", ""value"": ""Participating States do not contribute""}]}]}, ""legal_patterns"": [{""pattern_name"": ""FundingActions"", ""description"": ""PRIMA-IS provides financial support to participants for funded actions"", ""entities_involved"": [""PRIMAIS"", ""Participants"", ""FundedActions""]}, {""pattern_name"": ""ProposalManagement"", ""description"": ""PRIMA-IS manages proposals for funded actions"", ""entities_involved"": [""PRIMAIS"", ""Proposals"", ""FundedActions""]}, {""pattern_name"": ""FinancialManagement"", ""description"": ""Union financial contribution is managed in accordance with financial management principles"", ""entities_involved"": [""Union"", ""FinancialManagement"", ""PRIMAIS""]}], ""example_instances"": [{""entity"": ""PRIMAISProposal"", ""example_value"": ""PRIMA-IS should provide financial support mainly in the form of grants to participants, for actions funded by PRIMA-IS."", ""source_context"": ""PRIMA-IS should provide financial support mainly in the form of grants to participants, for actions funded by PRIMA-IS.""}, {""entity"": ""PRIMAISAction"", ""example_value"": ""PRIMA-IS should aim to provide, through the annual work plan, an appropriate share of its funding, approximately 25 % of the Union financial contribution, reflecting the commitments of Mediterranean Partner Countries to PRIMA, to legal entities established in targeted third countries considered to be Participating States."", ""source_context"": ""PRIMA-IS should aim to provide, through the annual work plan, an appropriate share of its funding, approximately 25 % of the Union financial contribution, reflecting the commitments of Mediterranean Partner Countries to PRIMA, to legal entities established in targeted third countries considered to be Participating States.""}]}"
24,32017D1324_7,32017D1324,"{""ontology_name"": ""PRIMA_Funding_Ontology"", ""description"": ""Ontology for PRIMA funding rules and conditions"", ""odrl_alignment"": {""core_entities"": [""Asset"", ""Party"", ""Permission"", ""Duty"", ""Constraint""], ""extensions"": [""LegalInstrument"", ""Regulation""]}, ""classes"": [{""name"": ""PRIMA_Funding_Access"", ""type"": ""ODRL_core"", ""description"": ""Access to funding under PRIMA""}, {""name"": ""PRIMA_Funding_Derogation"", ""type"": ""ODRL_core"", ""description"": ""Derogations from specific PRIMA rules""}], ""relationships"": [{""source"": ""PRIMA_Funding_Access"", ""relation"": ""appliesTo"", ""target"": ""PRIMA_Funding_Derogation"", ""description"": ""Derogations apply to specific funding access conditions""}], ""rights_model"": {""permissions"": [{""action"": ""terminate_union_contribution"", ""asset"": ""PRIMA_Funding_Access"", ""party"": ""PRIMA_Funding_Access_RightsHolder"", ""constraints"": [{""name"": ""effective_until"", ""value"": ""1985""}]}, {""action"": ""reduce_union_contribution"", ""asset"": ""PRIMA_Funding_Access"", ""party"": ""PRIMA_Funding_Access_RightsHolder"", ""constraints"": [{""name"": ""partial_contribution"", ""value"": ""partial""}]}, {""action"": ""suspend_union_contribution"", ""asset"": ""PRIMA_Funding_Access"", ""party"": ""PRIMA_Funding_Access_RightsHolder"", ""constraints"": [{""name"": ""partial_contribution"", ""value"": ""partial""}]}], ""duties"": [{""action"": ""contribute_to_PRIMA"", ""party"": ""PRIMA_Funding_Access_Assignee"", ""constraints"": [{""name"": ""contribution"", ""value"": ""full""}]}, {""action"": ""contribute_to_PRIMA_partially"", ""party"": ""PRIMA_Funding_Access_Assignee"", ""constraints"": [{""name"": ""contribution"", ""value"": ""partial""}]}]}, ""legal_patterns"": [{""pattern_name"": ""Derogation_Applicable_To_Funding_Access"", ""description"": ""Derogations apply to specific funding access conditions"", ""entities_involved"": [""PRIMA_Funding_Access"", ""PRIMA_Funding_Derogation""]}], ""example_instances"": [{""entity"": ""PRIMA_Funding_Access"", ""example_value"": ""Article 32"", ""source_context"": ""Article 32: In line with the overall aim of Horizon 2020 of achieving greater simplification, sets of rules that are different from those of Horizon 2020 should be avoided.""}, {""entity"": ""PRIMA_Funding_Derogation"", ""example_value"": ""Article 1(3) of Regulation (EU) No 1290/2013"", ""source_context"": ""Article 1(3) of Regulation (EU) No 1290/2013: Derogations from Article 1(3) of Regulation (EU) No 1290/2013 are necessary in order to ensure that, as a general rule, only legal entities established in a Participating State or created under Union law, or international European interest organisations, are eligible for funding.""}]}"
25,32017D1324_8,32017D1324,"{""ontology_name"": ""PRIMA-IS_Funding_Ontology"", ""description"": ""Ontology for PRIMA-IS funding rules and obligations"", ""odrl_alignment"": {""core_entities"": [""Asset"", ""Party"", ""Permission"", ""Duty"", ""Constraint""], ""extensions"": [""LegalInstrument"", ""Regulation""]}, ""classes"": [{""name"": ""PRIMAIS_Funding_Access"", ""type"": ""ODRL_core"", ""description"": ""Access to funding for eligible entities""}, {""name"": ""PRIMAIS_Funding_Monitoring"", ""type"": ""ODRL_core"", ""description"": ""Monitoring of entities receiving funding""}, {""name"": ""PRIMAIS_Funding_Administrative_Burden"", ""type"": ""ODRL_core"", ""description"": ""Administrative burden reduction for recipients""}], ""relationships"": [{""source"": ""PRIMAIS_Funding_Access"", ""relation"": ""appliesTo"", ""target"": ""PRIMAIS_Funding_Monitoring"", ""description"": ""Monitoring is required for entities that are eligible for funding""}, {""source"": ""PRIMAIS_Funding_Access"", ""relation"": ""appliesTo"", ""target"": ""PRIMAIS_Funding_Administrative_Burden"", ""description"": ""Administrative burden reduction is required for eligible entities""}], ""rights_model"": {""permissions"": [{""action"": ""calculate_import_duty"", ""asset"": ""PRIMAIS_Funding_Access"", ""party"": ""PRIMAIS_Funding_Access"", ""constraints"": [{""name"": ""proportionate_to_effects"", ""value"": ""strictly""}]}], ""duties"": [{""action"": ""conduct_audits"", ""party"": ""PRIMAIS_Funding_Access"", ""constraints"": [{""name"": ""appropriate_specificities"", ""value"": ""specificities_of_national_programmes""}]}]}, ""legal_patterns"": [{""pattern_name"": ""Eligibility_Determination"", ""description"": ""Determining eligibility for funding"", ""entities_involved"": [""PRIMAIS_Funding_Access"", ""PRIMAIS_Funding_Monitoring""]}, {""pattern_name"": ""Administrative_Burden_Reduction"", ""description"": ""Reduction of administrative burden for recipients"", ""entities_involved"": [""PRIMAIS_Funding_Access"", ""PRIMAIS_Funding_Administrative_Burden""]}], ""example_instances"": [{""entity"": ""PRIMAIS_Funding_Access"", ""example_value"": ""Article 35"", ""source_context"": ""For the purpose of simplification, the administrative burden should be strictly proportionate to the foreseeable effects on all parties.""}, {""entity"": ""PRIMAIS_Funding_Monitoring"", ""example_value"": ""Article 36"", ""source_context"": ""Audits of recipients of Union funds provided in accordance with this Decision should ensure a reduction of the administrative burden, in accordance with Regulation (EU) No 1291/2013.""}, {""entity"": ""PRIMAIS_Funding_Administrative_Burden"", ""example_value"": ""Article 37"", ""source_context"": ""The Union's financial interests should be protected through proportionate measures throughout the expenditure cycle, including the prevention, detection and investigation of irregularities, the recovery of funds lost, wrongly paid or incorrectly used and, where appropriate, administrative sanctions in accordance with Regulation (EU, Euratom) No 966/2012.""}]}"
25,32017D1324_9,32017D1324,"{""ontology_name"": ""MediterraneanResearchInnovation"", ""description"": ""Legal framework for the Union's participation in PRIMA"", ""odrl_alignment"": {""core_entities"": [""Asset"", ""Party"", ""Permission"", ""Duty"", ""Constraint""], ""extensions"": [""LegalInstrument"", ""Regulation""]}, ""classes"": [{""name"": ""PRIMAParticipation"", ""type"": ""ODRL_core"", ""description"": ""A legal instrument that allows the Union to participate in PRIMA""}], ""relationships"": [{""source"": ""PRIMAParticipation"", ""relation"": ""appliesTo"", ""target"": ""PRIMA"", ""description"": ""The Union's participation in PRIMA is governed by the PRIMAParticipation""}], ""rights_model"": {""permissions"": [{""action"": ""calculate_import_duty"", ""asset"": ""PRIMA"", ""party"": ""Union"", ""constraints"": [{""name"": ""scale"", ""value"": ""immense""}, {""name"": ""scope"", ""value"": ""complex, multidisciplinary and requires a multi-actor and cross-border approach""}]}], ""duties"": [{""action"": ""design_common_research_and_funding_strategies"", ""party"": ""Union"", ""constraints"": [{""name"": ""scale"", ""value"": ""required""}, {""name"": ""scope"", ""value"": ""cross-border""}]}]}, ""legal_patterns"": [{""pattern_name"": ""UnionParticipationInMediterraneanResearch"", ""description"": ""The Union's participation in PRIMA to address Mediterranean research challenges"", ""entities_involved"": [""Union"", ""PRIMA"", ""Mediterranean""]}], ""example_instances"": [{""entity"": ""PRIMAParticipation"", ""example_value"": ""Article 1 Participation in PRIMA 1. The Union shall participate in the Partnership for Research and Innovation in the Mediterranean Area (PRIMA), jointly undertaken by Croatia, Cyprus, France, Germany, Greece, Israel, Italy, Luxembourg, Malta, Portugal, Slovenia, Spain, Tunisia and Turkey."", ""source_context"": ""Article 1 Participation in PRIMA 1. The Union shall participate in the Partnership for Research and Innovation in the Mediterranean Area (PRIMA), jointly undertaken by Croatia, Cyprus, France, Germany, Greece, Israel, Italy, Luxembourg, Malta, Portugal, Slovenia, Spain, Tunisia and Turkey.""}]}"
25,32017D1324_10,32017D1324,"{""ontology_name"": ""PRIMADecisionOntology"", ""description"": ""Legal rights and obligations related to the PRIMA Decision"", ""odrl_alignment"": {""core_entities"": [""Asset"", ""Party"", ""Permission"", ""Duty"", ""Constraint""], ""extensions"": [""LegalInstrument"", ""Regulation""]}, ""classes"": [{""name"": ""PRIMADecision"", ""type"": ""ODRL_core"", ""description"": ""PRIMA Decision as an Asset""}], ""relationships"": [{""source"": ""PRIMADecision"", ""relation"": ""appliesTo"", ""target"": ""ParticipatingState"", ""description"": ""PRIMA Decision applies to Participating States""}], ""rights_model"": {""permissions"": [{""action"": ""join_prima"", ""asset"": ""PRIMADecision"", ""party"": ""ParticipatingState"", ""constraints"": [{""name"": ""effective_until"", ""value"": ""1985""}]}], ""duties"": [{""action"": ""fulfill_conditions"", ""party"": ""ParticipatingState"", ""constraints"": [{""name"": ""fulfill_conditions"", ""value"": ""Article 4(1) and Article 11(5)""}]}]}, ""legal_patterns"": [{""pattern_name"": ""JoiningPRIMA"", ""description"": ""Participating States joining PRIMA based on conditions"", ""entities_involved"": [""ParticipatingState"", ""PRIMADecision""]}], ""example_instances"": [{""entity"": ""ParticipatingState"", ""example_value"": ""Algeria, Egypt, Jordan, Lebanon and Morocco"", ""source_context"": ""2. Algeria, Egypt, Jordan, Lebanon and Morocco shall become Participating States subject to the conclusion of international agreements for scientific and technological cooperation with the Union setting out the terms and conditions of their participation in PRIMA.""}, {""entity"": ""ParticipatingState"", ""example_value"": ""Any Member State and any third country associated to Horizon 2020"", ""source_context"": ""3. Any Member State and any third country associated to Horizon 2020, other than one listed in paragraph 1 of this Article, may participate in PRIMA provided that it fulfils the condition laid down in point (c) of Article 4(1) and complies, in particular, with Article 11(5).""}]}"
25,32017D1324_11,32017D1324,"{""ontology_name"": ""PRIMA_Decision_Ontology"", ""description"": ""Legal rights and obligations related to the PRIMA Decision"", ""odrl_alignment"": {""core_entities"": [""Asset"", ""Party"", ""Permission"", ""Duty"", ""Constraint""], ""extensions"": [""LegalInstrument"", ""Regulation""]}, ""classes"": [{""name"": ""PRIMA_Decision"", ""type"": ""ODRL_core"", ""description"": ""PRIMA Decision as an Asset""}], ""relationships"": [{""source"": ""PRIMA_Decision"", ""relation"": ""appliesTo"", ""target"": ""PRIMA_Decision""}], ""rights_model"": {""permissions"": [{""action"": ""calculate_import_duty"", ""asset"": ""PRIMA_Decision"", ""party"": ""Assignee"", ""constraints"": [{""name"": ""amount"", ""value"": ""EUR 220 000 000""}]}], ""duties"": [{""action"": ""allocate_funds"", ""party"": ""Assignee"", ""constraints"": [{""name"": ""source"", ""value"": ""appropiations in the general budget of the Union""}, {""name"": ""program"", ""value"": ""Horizon 2020""}]}]}, ""legal_patterns"": [{""pattern_name"": ""FundingAllocationPattern"", ""description"": ""Pattern for allocating funds to PRIMA"", ""entities_involved"": [""Assignee"", ""PRIMA_Decision""]}], ""example_instances"": [{""entity"": ""PRIMA_Decision"", ""example_value"": ""Article 3 Union financial contribution to PRIMA"", ""source_context"": ""Article 3 of the text fragment""}]}"
25,32017D1324_12,32017D1324,"{""ontology_name"": ""Horizon_2020_Funding_Ontology"", ""description"": ""Ontology for the Horizon 2020 funding rules and obligations"", ""odrl_alignment"": {""core_entities"": [""Asset"", ""Party"", ""Permission"", ""Duty"", ""Constraint""], ""extensions"": [""LegalInstrument"", ""Regulation""]}, ""classes"": [{""name"": ""Horizon_2020_Funding_Agreement"", ""type"": ""ODRL_core"", ""description"": ""An agreement for funding under Horizon 2020""}], ""relationships"": [{""source"": ""Horizon_2020_Funding_Agreement"", ""relation"": ""appliesTo"", ""target"": ""PRIMA_IS"", ""description"": ""The agreement applies to the implementation of PRIMA by PRIMA-IS""}], ""rights_model"": {""permissions"": [{""action"": ""calculate_union_funding"", ""asset"": ""Horizon_2020_Funding_Agreement"", ""party"": ""Union"", ""constraints"": [{""name"": ""effective_until"", ""value"": ""1985""}]}, {""action"": ""cover_administrative_costs"", ""asset"": ""Horizon_2020_Funding_Agreement"", ""party"": ""PRIMA_IS"", ""constraints"": [{""name"": ""maximum_percentage"", ""value"": ""6%""}]}], ""duties"": [{""action"": ""demonstrate_compliance"", ""party"": ""Participating_States"", ""constraints"": [{""name"": ""compliance_with_Decision"", ""value"": ""this_Decision""}]}, {""action"": ""designate_entity"", ""party"": ""Participating_States"", ""constraints"": [{""name"": ""legal_personality"", ""value"": ""PRIMA_IS""}]}, {""action"": ""contribute_funding"", ""party"": ""Participating_States"", ""constraints"": [{""name"": ""national_resources"", ""value"": ""relevant_to_objectives_of_PRIMA""}]}, {""action"": ""demonstrate_capacity"", ""party"": ""PRIMA_IS"", ""constraints"": [{""name"": ""implementation_actions"", ""value"": ""necessary_actions_to_achieve_objectives_of_PRIMA""}]}]}, ""legal_patterns"": [{""pattern_name"": ""Funding_Demonstration_Pattern"", ""description"": ""Demonstration of compliance and funding commitment"", ""entities_involved"": [""Participating_States"", ""PRIMA_IS""]}], ""example_instances"": [{""entity"": ""Horizon_2020_Funding_Agreement"", ""example_value"": ""Article 3(1) of this Decision"", ""source_context"": ""Article 3(1) of this Decision: The Union financial contribution referred to in Article 3(1) shall be conditional upon the following:""}, {""entity"": ""Funding_Demonstration_Pattern"", ""example_value"": ""Article 4 Conditions for the Union financial contribution to PRIMA"", ""source_context"": ""Article 4 Conditions for the Union financial contribution to PRIMA: 1. The Union financial contribution referred to in Article 3(1) shall be conditional upon the following:""}]}"
26,32017D1324_13,32017D1324,"{""ontology_name"": ""PRIMA-IS_Funding_Ontology"", ""description"": ""An ontology for the legal framework governing PRIMA-IS funding and implementation"", ""odrl_alignment"": {""core_entities"": [""Asset"", ""Party"", ""Permission"", ""Duty"", ""Constraint""], ""extensions"": [""LegalInstrument"", ""Regulation""]}, ""classes"": [{""name"": ""PRIMAIS_Funding_Contribution"", ""type"": ""ODRL_core"", ""description"": ""A contribution made by a Participating State to PRIMA-IS""}, {""name"": ""PRIMAIS_Funding_Action"", ""type"": ""ODRL_core"", ""description"": ""An action taken by PRIMA-IS in accordance with the obligations set forth in the Decision""}], ""relationships"": [{""source"": ""PRIMAIS_Funding_Contribution"", ""relation"": ""appliesTo"", ""target"": ""PRIMAIS_Funding_Action"", ""description"": ""A contribution applies to the actions taken by PRIMA-IS""}], ""rights_model"": {""permissions"": [{""action"": ""receive_funding"", ""asset"": ""PRIMAIS_Funding_Contribution"", ""party"": ""ParticipatingState"", ""constraints"": [{""name"": ""amount"", ""value"": ""EUR 220 000 000""}]}, {""action"": ""allocate_funding"", ""asset"": ""PRIMAIS_Funding_Contribution"", ""party"": ""PRIMAIS_Funding_Action"", ""constraints"": [{""name"": ""allocation"", ""value"": ""indirect actions referred to in point (a) of Article 6(1)""}]}], ""duties"": [{""action"": ""fulfill_commitment"", ""party"": ""ParticipatingState"", ""constraints"": [{""name"": ""commitment"", ""value"": ""commitments undertaken by the Participating States, in particular through the first two annual work plans""}]}]}, ""legal_patterns"": [{""pattern_name"": ""Funding_Contribution_Assignment"", ""description"": ""The assignment of funding contributions to PRIMA-IS"", ""entities_involved"": [""ParticipatingState"", ""PRIMAIS_Funding_Contribution""]}, {""pattern_name"": ""Funding_Action_Monitoring"", ""description"": ""The monitoring of actions taken by PRIMA-IS in accordance with funding contributions"", ""entities_involved"": [""PRIMAIS_Funding_Action"", ""ParticipatingState""]}], ""example_instances"": [{""entity"": ""ParticipatingState"", ""example_value"": ""The Union financial contribution referred to in Article 3(1) shall also be conditional upon the implementation by PRIMA-IS of the objectives set out in Article 2, and of the activities referred to in Article 6; (b) the maintenance of an appropriate and efficient governance model in accordance with Article 12; (c) the compliance by PRIMA-IS with the reporting requirements set out in Article 60(5) of Regulation (EU, Euratom) No 966/2012; (d) the fulfilment by the Participating States of the commitments referred to in point (c) of paragraph 1 of this Article."", ""source_context"": ""During the implementation of PRIMA, the Union financial contribution referred to in Article 3(1) shall also be conditional upon the following: (a) the implementation by PRIMA-IS of the objectives set out in Article 2, and of the activities referred to in Article 6; (b) the maintenance of an appropriate and efficient governance model in accordance with Article 12; (c) the compliance by PRIMA-IS with the reporting requirements set out in Article 60(5) of Regulation (EU, Euratom) No 966/2012; (d) the fulfilment by the Participating States of the commitments referred to in point (c) of paragraph 1 of this Article.""}]}"
26,32017D1324_14,32017D1324,"{""ontology_name"": ""PRIMA-IS_Contributions_Ontology"", ""description"": ""Legal contributions and financial obligations related to PRIMA-IS"", ""odrl_alignment"": {""core_entities"": [""Asset"", ""Party"", ""Permission"", ""Duty"", ""Constraint""], ""extensions"": [""LegalInstrument"", ""Regulation""]}, ""classes"": [{""name"": ""Contribution"", ""type"": ""ODRL_core"", ""description"": ""A financial or in-kind contribution to PRIMA-IS""}], ""relationships"": [{""source"": ""Contribution"", ""relation"": ""appliesTo"", ""target"": ""PRIMA-IS"", ""description"": ""A Contribution is applicable to PRIMA-IS""}], ""rights_model"": {""permissions"": [{""action"": ""calculate_contribution_value"", ""asset"": ""Contribution"", ""party"": ""ParticipatingState"", ""constraints"": [{""name"": ""accounting_practices"", ""value"": ""usual accounting practices of the Participating States or the national funding bodies concerned""}, {""name"": ""accounting_standards"", ""value"": ""applicable accounting standards of the Participating State where the national funding bodies concerned are established""}, {""name"": ""international_standards"", ""value"": ""applicable International Accounting Standards and International Financial Reporting Standards""}]}, {""action"": ""certify_contribution"", ""asset"": ""Contribution"", ""party"": ""ParticipatingState"", ""constraints"": [{""name"": ""independence"", ""value"": ""independent auditor appointed by the Participating States or the national funding bodies concerned""}]}, {""action"": ""verify_contribution"", ""asset"": ""Contribution"", ""party"": ""PRIMA-IS"", ""constraints"": [{""name"": ""uncertainty"", ""value"": ""uncertainty arising from the certification""}]}, {""action"": ""audit_contribution"", ""asset"": ""Contribution"", ""party"": ""PRIMA-IS"", ""constraints"": [{""name"": ""remaining_uncertainty"", ""value"": ""remaining uncertainties""}]}], ""duties"": [{""action"": ""make_contributions"", ""party"": ""ParticipatingState"", ""constraints"": [{""name"": ""adoption"", ""value"": ""adoption of the annual work plan""}]}]}, ""legal_patterns"": [{""pattern_name"": ""ContributionCalculationPattern"", ""description"": ""Contribution calculation and certification process"", ""entities_involved"": [""Contribution"", ""ParticipatingState"", ""IndependentAuditor""]}, {""pattern_name"": ""ContributionVerificationPattern"", ""description"": ""Verification of contributions by PRIMA-IS"", ""entities_involved"": [""Contribution"", ""PRIMA-IS"", ""IndependentAuditor""]}], ""example_instances"": [{""entity"": ""Contribution"", ""example_value"": ""financial or in-kind contributions in implementing activities referred to in point (b) of Article 6(1)"", ""source_context"": ""nsist of the following: (b) financial or in-kind contributions in implementing activities referred to in point (b) of Article 6(1)""}, {""entity"": ""Contribution"", ""example_value"": ""financial or in-kind contributions to the administrative budget of PRIMA-IS not covered by the Union financial contribution as set out in point (b) of Article 3(3)"", ""source_context"": ""nsist of the following: (c) financial or in-kind contributions to the administrative budget of PRIMA-IS not covered by the Union financial contribution as set out in point (b) of Article 3(3)""}]}"
26,32017D1324_15,32017D1324,"{""ontology_name"": ""PRIMA_Contributions_Ontology"", ""description"": ""An ontology for the legal rights and obligations related to PRIMA contributions and activities"", ""odrl_alignment"": {""core_entities"": [""Asset"", ""Party"", ""Permission"", ""Duty"", ""Constraint""], ""extensions"": [""LegalInstrument"", ""Regulation""]}, ""classes"": [{""name"": ""Contribution"", ""type"": ""ODRL_core"", ""description"": ""A contribution made by a Participating State to PRIMA activities""}], ""relationships"": [{""source"": ""Contribution"", ""relation"": ""appliesTo"", ""target"": ""PRIMA_Activity"", ""description"": ""A Contribution applies to a specific PRIMA activity""}], ""rights_model"": {""permissions"": [{""action"": ""calculate_contribution_amount"", ""asset"": ""Contribution"", ""party"": ""ParticipatingState"", ""constraints"": [{""name"": ""contribution_date"", ""value"": ""1 January of the year the annual work plan is adopted""}, {""name"": ""contribution_date_2017"", ""value"": ""after 7 August 2017""}]}], ""duties"": [{""action"": ""implement_contribution"", ""party"": ""ParticipatingState"", ""constraints"": [{""name"": ""contribution_date_2017"", ""value"": ""after 7 August 2017""}]}]}, ""legal_patterns"": [{""pattern_name"": ""Contribution_Mandate"", ""description"": ""A Participating State must make contributions as per the annual work plan"", ""entities_involved"": [""Contribution"", ""ParticipatingState""]}, {""pattern_name"": ""Contribution_Date_Rule"", ""description"": ""Contribution dates are governed by specific conditions"", ""entities_involved"": [""Contribution"", ""ParticipatingState""]}], ""example_instances"": [{""entity"": ""Contribution"", ""example_value"": ""Contribution referred to in point (c) of paragraph 2 of this Article"", ""source_context"": ""Contribution referred to in point (c) of paragraph 2 of this Article counting as contributions from Participating States included in the annual work plan, may comprise contributions made as from 1 January of that year.""}]}"
26,32017D1324_16,32017D1324,"{""ontology_name"": ""PRIMA_Ontology"", ""description"": ""Legal rights and obligations related to the PRIMA program as defined in EUR-Lex text"", ""odrl_alignment"": {""core_entities"": [""Asset"", ""Party"", ""Permission"", ""Duty"", ""Constraint""], ""extensions"": [""LegalInstrument"", ""Regulation""]}, ""classes"": [{""name"": ""PRIMA_Asset"", ""type"": ""ODRL_core"", ""description"": ""An asset related to the PRIMA program""}, {""name"": ""PRIMA_Party"", ""type"": ""ODRL_core"", ""description"": ""A party involved in the PRIMA program""}], ""relationships"": [{""source"": ""PRIMA_Asset"", ""relation"": ""appliesTo"", ""target"": ""PRIMA_Party"", ""description"": ""An asset is applicable to a party""}], ""rights_model"": {""permissions"": [{""action"": ""use_activity"", ""asset"": ""PRIMA_Asset"", ""party"": ""PRIMA_Party"", ""constraints"": [{""name"": ""year"", ""value"": ""reference_year""}]}, {""action"": ""reimburse_administrative_costs"", ""party"": ""PRIMA_Party"", ""constraints"": [{""name"": ""date"", ""value"": ""from_1_January_of_the_reference_year""}, {""name"": ""financial_contribution"", ""value"": ""Union financial contribution""}]}, {""action"": ""reimburse_administrative_costs_2017"", ""party"": ""PRIMA_Party"", ""constraints"": [{""name"": ""date"", ""value"": ""from_7_August_2017""}, {""name"": ""financial_contribution"", ""value"": ""Union financial contribution""}]}], ""duties"": [{""action"": ""set_out_in_annual_work_plan"", ""party"": ""PRIMA_Party"", ""constraints"": []}]}, ""legal_patterns"": [{""pattern_name"": ""Annual_Work_Plans_Announcement"", ""description"": ""Announcement of annual work plans by PRIMA-IS and Commission"", ""entities_involved"": [""PRIMA_Party"", ""PRIMA_IS"", ""Commission""]}, {""pattern_name"": ""Activity_Launch"", ""description"": ""Launching of activities in the reference year"", ""entities_involved"": [""PRIMA_Party"", ""PRIMA_IS""]}, {""pattern_name"": ""Financial_Reimbursement"", ""description"": ""Reimbursement of administrative costs"", ""entities_involved"": [""PRIMA_Party"", ""PRIMA_IS"", ""Union financial contribution""]}], ""example_instances"": [{""entity"": ""PRIMA_Asset"", ""example_value"": ""Activities under the national programmes of the Participating States including transnational projects"", ""source_context"": ""tivities under the national programmes of the Participating States including transnational projects.""}, {""entity"": ""PRIMA_Party"", ""example_value"": ""PRIMA-IS"", ""source_context"": ""PRIMA-IS shall adopt the annual work plans by 31 March of the reference year, after obtaining approval from the Commission.""}]}"
26,32017D1324_17,32017D1324,"{""ontology_name"": ""PRIMA_Work_Plan_Ontology"", ""description"": ""Ontology for the PRIMA annual work plan and related activities"", ""odrl_alignment"": {""core_entities"": [""Asset"", ""Party"", ""Permission"", ""Duty"", ""Constraint""], ""extensions"": [""LegalInstrument"", ""Regulation""]}, ""classes"": [{""name"": ""Asset"", ""type"": ""ODRL_core"", ""description"": ""Represents the annual work plan and related activities""}], ""relationships"": [{""source"": ""Asset"", ""relation"": ""appliesTo"", ""target"": ""Party"", ""description"": ""The asset (annual work plan) applies to the parties (Participating States)""}], ""rights_model"": {""permissions"": [{""action"": ""calculate_in_kind_contributions"", ""asset"": ""Asset"", ""party"": ""ParticipatingStates"", ""constraints"": [{""name"": ""effective_until"", ""value"": ""2025""}]}, {""action"": ""launch_final_activities"", ""asset"": ""Asset"", ""party"": ""ParticipatingStates"", ""constraints"": [{""name"": ""duly_justified_cases"", ""value"": ""2025""}]}, {""action"": ""include_activities_in_work_plan"", ""asset"": ""Asset"", ""party"": ""ParticipatingStates"", ""constraints"": [{""name"": ""external_independent_evaluation"", ""value"": ""PRIMA""}]}, {""action"": ""implement_activities"", ""asset"": ""Asset"", ""party"": ""ParticipatingStates"", ""constraints"": [{""name"": ""common_principles"", ""value"": ""PRIMA-IS""}]}, {""action"": ""report_activities"", ""asset"": ""Asset"", ""party"": ""ParticipatingStates"", ""constraints"": [{""name"": ""indicators_inserted"", ""value"": ""each_activity""}]}], ""duties"": [{""action"": ""implement_activities_in_compliance_with_principles"", ""party"": ""ParticipatingStates"", ""constraints"": [{""name"": ""common_principles"", ""value"": ""PRIMA-IS""}]}]}, ""legal_patterns"": [{""pattern_name"": ""Annual_Work_Plan_Implementation"", ""description"": ""The annual work plan implementation process"", ""entities_involved"": [""Asset"", ""ParticipatingStates""]}], ""example_instances"": [{""entity"": ""Asset"", ""example_value"": ""referred to in Article 3(1). The annual work plan shall also include the estimated value of the Participating States' in-kind contributions referred to in point (b) of Article 5(2)."", ""source_context"": ""referred to in Article 3(1). The annual work plan shall also include the estimated value of the Participating States' in-kind contributions referred to in point (b) of Article 5(2).""}, {""entity"": ""ParticipatingStates"", ""example_value"": ""Activities to be funded by the Participating States without the Union financial contribution referred to in Article 3(1) may be included in the annual work plan only following the positive outcome of their external independent evaluation by international peer review with regard to the objectives of PRIMA, as organised by PRIMA-IS."", ""source_context"": ""Activities to be funded by the Participating States without the Union financial contribution referred to in Article 3(1) may be included in the annual work plan only following the positive outcome of their external independent evaluation by international peer review with regard to the objectives of PRIMA, as organised by PRIMA-IS.""}]}"
27,32017D1324_18,32017D1324,"{""ontology_name"": ""EU_Horizon2020"", ""description"": ""Legal framework for Horizon 2020 activities and related obligations"", ""odrl_alignment"": {""core_entities"": [""Asset"", ""Party"", ""Permission"", ""Duty"", ""Constraint""], ""extensions"": [""LegalInstrument"", ""Regulation""]}, ""classes"": [{""name"": ""LegalInstrument"", ""type"": ""ODRL_core"", ""description"": ""A legal instrument that defines the scope and obligations of the parties involved""}, {""name"": ""Regulation"", ""type"": ""ODRL_core"", ""description"": ""A formal legal instrument that establishes rules and obligations for the parties involved""}], ""relationships"": [{""source"": ""LegalInstrument"", ""relation"": ""appliesTo"", ""target"": ""Regulation"", ""description"": ""A legal instrument that applies to a specific regulation""}], ""rights_model"": {""permissions"": [{""action"": ""calculate_import_duty"", ""asset"": ""Proposal"", ""party"": ""ParticipatingState"", ""constraints"": [{""name"": ""threshold"", ""value"": ""above threshold""}]}, {""action"": ""select_proposal"", ""asset"": ""Proposal"", ""party"": ""PRIMAIS"", ""constraints"": [{""name"": ""ranking"", ""value"": ""according to evaluation results""}]}, {""action"": ""allocate_funding"", ""asset"": ""Proposal"", ""party"": ""ParticipatingState"", ""constraints"": [{""name"": ""mode"", ""value"": ""based on ranking and reserve amounts""}]}], ""duties"": [{""action"": ""monitor_and_report"", ""party"": ""PRIMAIS"", ""constraints"": [{""name"": ""activities"", ""value"": ""included in annual work plan""}]}, {""action"": ""communicate"", ""party"": ""PRIMAIS"", ""constraints"": [{""name"": ""communication"", ""value"": ""relating to PRIMA activities""}]}]}, ""legal_patterns"": [{""pattern_name"": ""ProposalSelectionAndFunding"", ""description"": ""The process of selecting proposals and allocating funding based on their ranking and mode of funding"", ""entities_involved"": [""Proposal"", ""PRIMAIS"", ""ParticipatingState""]}, {""pattern_name"": ""MonitoringAndReporting"", ""description"": ""The obligation of PRIMAIS to monitor and report on the implementation of activities"", ""entities_involved"": [""PRIMAIS"", ""Commission""]}], ""example_instances"": [{""entity"": ""Proposal"", ""example_value"": ""The proposal for a transnational project involving three different countries and established entities"", ""source_context"": ""The proposal for a transnational project involving three different countries and established entities, as per point (a) of condition (a)""}, {""entity"": ""PRIMAIS"", ""example_value"": ""PRIMAIS, the entity responsible for monitoring and reporting on the implementation of activities"", ""source_context"": ""PRIMAIS shall monitor and report to the Commission on the implementation of all activities included in the annual work plan.""}]}"
27,32017D1324_19,32017D1324,"{""ontology_name"": ""PRIMA_Participation_Distribution"", ""description"": ""Ontology for PRIMA participation and dissemination rules"", ""odrl_alignment"": {""core_entities"": [""Asset"", ""Party"", ""Permission"", ""Duty"", ""Constraint""], ""extensions"": [""LegalInstrument"", ""Regulation""]}, ""classes"": [{""name"": ""PRIMA_Participation"", ""type"": ""ODRL_core"", ""description"": ""A participation in PRIMA activities by a legal entity""}], ""relationships"": [{""source"": ""PRIMA_Participation"", ""relation"": ""appliesTo"", ""target"": ""PRIMA_Activity"", ""description"": ""A participation applies to a specific PRIMA activity""}], ""rights_model"": {""permissions"": [{""action"": ""label_or_co_label_activity"", ""asset"": ""PRIMA_Activity"", ""party"": ""PRIMA_Participation"", ""constraints"": [{""name"": ""PRIMA_Participation_Type"", ""value"": ""PRIMA_Participation""}]}], ""duties"": [{""action"": ""provide_funding"", ""party"": ""PRIMA_Participation"", ""constraints"": [{""name"": ""Minimum_Participants"", ""value"": ""3""}, {""name"": ""Participant_Countries"", ""value"": ""3 different countries""}]}, {""action"": ""participation_in_Participating_State"", ""party"": ""PRIMA_Participation"", ""constraints"": [{""name"": ""Participating_State_Participation"", ""value"": ""1 legal entity established in a Participating State""}]}]}, ""legal_patterns"": [{""pattern_name"": ""PRIMA_Participation_Distribution"", ""description"": ""Distribution of PRIMA participation and funding based on specific criteria"", ""entities_involved"": [""PRIMA_Participation"", ""PRIMA_Activity"", ""PRIMA_Participating_State""]}], ""example_instances"": [{""entity"": ""PRIMA_Participation"", ""example_value"": ""PRIMA_Participation"", ""source_context"": ""Article 7 Rules for participation and dissemination""}]}"
27,32017D1324_20,32017D1324,"{""ontology_name"": ""PRIMA_IS_Funding_Ontology"", ""description"": ""Ontology for PRIMA-IS funding rules and conditions"", ""odrl_alignment"": {""core_entities"": [""Asset"", ""Party"", ""Permission"", ""Duty"", ""Constraint""], ""extensions"": [""LegalInstrument"", ""Regulation""]}, ""classes"": [{""name"": ""LegalInstrument"", ""type"": ""ODRL_core"", ""description"": ""A legal instrument that defines the terms and conditions for funding by PRIMA-IS""}, {""name"": ""Party"", ""type"": ""ODRL_core"", ""description"": ""An individual or organization involved in the funding process""}, {""name"": ""Asset"", ""type"": ""ODRL_core"", ""description"": ""The funding provided by PRIMA-IS""}], ""relationships"": [{""source"": ""LegalInstrument"", ""relation"": ""appliesTo"", ""target"": ""Party"", ""description"": ""LegalInstrument applies to Parties""}, {""source"": ""LegalInstrument"", ""relation"": ""appliesTo"", ""target"": ""Asset"", ""description"": ""LegalInstrument applies to Asset""}], ""rights_model"": {""permissions"": [{""action"": ""calculate_funding_amount"", ""asset"": ""Asset"", ""party"": ""Party"", ""constraints"": [{""name"": ""participationEssential"", ""value"": ""true""}, {""name"": ""bilateralAgreement"", ""value"": ""true""}, {""name"": ""countrySpecificCondition"", ""value"": ""true""}]}], ""duties"": [{""action"": ""provideFinancialGuarantee"", ""party"": ""Party"", ""constraints"": [{""name"": ""PRIMAISModelGrantAgreement"", ""value"": ""true""}]}]}, ""legal_patterns"": [{""pattern_name"": ""FundingEligibilityCondition"", ""description"": ""Conditions for eligibility of legal entities for funding by PRIMA-IS"", ""entities_involved"": [""LegalInstrument"", ""Party"", ""Asset""]}], ""example_instances"": [{""entity"": ""LegalInstrument"", ""example_value"": ""Article 8 Agreements between the Union and PRIMA-IS"", ""source_context"": ""Without prejudice to Regulation (EU, Euratom) No 966/2012, to Delegated Regulation (EU) No 1268/2012 and to Regulation (EU) No 1290/2013, the applicable model grant agreement may lay down that also legal entities established in countries which are not Participating States and which receive funding from PRIMA-IS shall provide appropriate financial guarantees.""}]}"
27,32017D1324_21,32017D1324,"{""ontology_name"": ""EU_Regulation_2012"", ""description"": ""Legal framework for the implementation of PRIMA-IS as per Regulation (EU, Euratom) No 966/2012 and Delegated Regulation (EU) No 1268/2012"", ""odrl_alignment"": {""core_entities"": [""Asset"", ""Party"", ""Permission"", ""Duty"", ""Constraint""], ""extensions"": [""LegalInstrument"", ""Regulation""]}, ""classes"": [{""name"": ""PRIMAIS_Contract"", ""type"": ""ODRL_core"", ""description"": ""A contract between the Commission and PRIMA-IS for the implementation of PRIMA""}, {""name"": ""PRIMAIS_Contribution"", ""type"": ""ODRL_core"", ""description"": ""The contribution of PRIMA-IS to the implementation of PRIMA""}], ""relationships"": [{""source"": ""PRIMAIS_Contribution"", ""relation"": ""appliesTo"", ""target"": ""PRIMAIS_Contract"", ""description"": ""PRIMAIS_Contribution is a part of PRIMAIS_Contract""}], ""rights_model"": {""permissions"": [{""action"": ""calculate_import_duty"", ""asset"": ""PRIMAIS_Contribution"", ""party"": ""PRIMAIS"", ""constraints"": [{""name"": ""effective_until"", ""value"": ""1985""}]}, {""action"": ""calculate_export_duty"", ""asset"": ""PRIMAIS_Contribution"", ""party"": ""PRIMAIS"", ""constraints"": [{""name"": ""valid_for"", ""value"": ""cereal products""}]}], ""duties"": [{""action"": ""implement_PRIMA"", ""party"": ""PRIMAIS"", ""constraints"": [{""name"": ""actual_implementation"", ""value"": ""actual implementation of PRIMA""}]}]}, ""legal_patterns"": [{""pattern_name"": ""PRIMAIS_Implementation_Pattern"", ""description"": ""The pattern for the implementation of PRIMA by PRIMAIS"", ""entities_involved"": [""PRIMAIS"", ""PRIMA""]}], ""example_instances"": [{""entity"": ""PRIMAIS_Contribution"", ""example_value"": ""Article 9 Termination, reduction or suspension of the Union financial contribution"", ""source_context"": ""Article 9 Termination, reduction or suspension of the Union financial contribution""}]}"
27,32017D1324_22,32017D1324,"{""ontology_name"": ""EUR-Lex_ODRLOntology"", ""description"": ""An ontology for legal rights and obligations in EUR-Lex documents"", ""odrl_alignment"": {""core_entities"": [""Asset"", ""Party"", ""Permission"", ""Duty"", ""Constraint""], ""extensions"": [""LegalInstrument"", ""Regulation""]}, ""classes"": [{""name"": ""LegalInstrument"", ""type"": ""ODRL_core"", ""description"": ""A legal instrument that grants or imposes rights and obligations""}], ""relationships"": [{""source"": ""LegalInstrument"", ""relation"": ""appliesTo"", ""target"": ""Asset"", ""description"": ""A legal instrument applies to a specific asset""}], ""rights_model"": {""permissions"": [{""action"": ""terminate_union_contribution"", ""asset"": ""PRIMA"", ""party"": ""Commission"", ""constraints"": [{""name"": ""proportional_reduction"", ""value"": ""proportionally reduce the Union financial contribution""}, {""name"": ""suspension"", ""value"": ""suspend the Union financial contribution""}]}, {""action"": ""terminate_union_contribution"", ""asset"": ""PRIMA"", ""party"": ""Participating States"", ""constraints"": [{""name"": ""contribution_amount"", ""value"": ""amount of funding allocated by the Participating States to implement PRIMA""}]}, {""action"": ""carry_out_ex_post_audits"", ""asset"": ""PRIMA"", ""party"": ""PRIMA-IS"", ""constraints"": [{""name"": ""regulation"", ""value"": ""Regulation (EU) No 1291/2013""}]}, {""action"": ""carry_out_ex_post_audits"", ""asset"": ""PRIMA"", ""party"": ""Commission"", ""constraints"": [{""name"": ""rules"", ""value"": ""applicable rules, in particular the provisions of Regulations (EU, Euratom) No 966/2012, (EU) No 1290/2013 and (EU) No 1291/2013""}]}], ""duties"": [{""action"": ""ensure_financial_interests"", ""party"": ""Commission"", ""constraints"": [{""name"": ""preventive_measures"", ""value"": ""application of preventive measures against fraud, corruption and any other illegal activities""}, {""name"": ""effective_checks"", ""value"": ""effective checks""}, {""name"": ""recovery_of_amounts"", ""value"": ""recovery of the amounts wrongly paid""}, {""name"": ""administrative_sanctions"", ""value"": ""effective, proportionate and dissuasive administrative sanctions""}]}, {""action"": ""grant_access"", ""party"": ""PRIMA-IS"", ""constraints"": [{""name"": ""access_to_sites_and_prems"", ""value"": ""access to its sites and premises""}, {""name"": ""access_to_information"", ""value"": ""access to all the information, including information in electronic format""}]}, {""action"": ""carry_out_investigations"", ""party"": ""OLAF"", ""constraints"": [{""name"": ""investigation_provisions"", ""value"": ""provision of OLAF""}]}]}, ""legal_patterns"": [{""pattern_name"": ""FinancialContributionTermination"", ""description"": ""Termination of financial contribution based on participation contributions"", ""entities_involved"": [""Commission"", ""Participating States"", ""PRIMA""]}, {""pattern_name"": ""AuditCarryOut"", ""description"": ""Carry out audits by PRIMA-IS or Commission"", ""entities_involved"": [""PRIMA-IS"", ""Commission"", ""Regulation (EU) No 1291/2013""]}, {""pattern_name"": ""FinancialProtection"", ""description"": ""Protection of financial interests by preventive measures and sanctions"", ""entities_involved"": [""Commission"", ""OLAF"", ""PRIMA-IS""]}], ""example_instances"": [{""entity"": ""LegalInstrument"", ""example_value"": ""Article 10 Ex-post audits"", ""source_context"": ""Article 10 Ex-post audits 1. Ex-post audits of expenditure on indirect actions referred to in point (a) of Article 6(1) of this Decision shall be carried out by PRIMA-IS in accordance with Article 29 of Regulation (EU) No 1291/2013.""}, {""entity"": ""LegalInstrument"", ""example_value"": ""Article 11 Protection of the financial interests of the Union"", ""source_context"": ""Article 11 Protection of the financial interests of the Union 1. The Commission shall take appropriate measures to ensure that, when actions financed under this Decision are implemented, the financial interests of the Union are protected by the application of preventive measures against fraud, corruption and any other illegal activities, by effective checks and, if irregularities are detected, by the recovery of the amounts wrongly paid and, where appropriate, by effective, proportionate and dissuasive administrative sanctions.""}]}"
28,32017D1324_23,32017D1324,"{""ontology_name"": ""PRIMA_Audit_Ontology"", ""description"": ""Ontology for legal rights and obligations related to PRIMA audits and investigations"", ""odrl_alignment"": {""core_entities"": [""Asset"", ""Party"", ""Permission"", ""Duty"", ""Constraint""], ""extensions"": [""LegalInstrument"", ""Regulation""]}, ""classes"": [{""name"": ""AuditPermission"", ""type"": ""ODRL_core"", ""description"": ""Permission for conducting audits and investigations""}, {""name"": ""AuditDuty"", ""type"": ""ODRL_core"", ""description"": ""Duty to allow audits and investigations""}], ""relationships"": [{""source"": ""AuditPermission"", ""relation"": ""appliesTo"", ""target"": ""AuditPermissionTarget"", ""description"": ""AuditPermission applies to AuditPermissionTarget""}, {""source"": ""AuditDuty"", ""relation"": ""appliesTo"", ""target"": ""AuditDutyTarget"", ""description"": ""AuditDuty applies to AuditDutyTarget""}], ""rights_model"": {""permissions"": [{""action"": ""conduct_audit"", ""asset"": ""PRIMA_Decision"", ""party"": ""OLAF"", ""constraints"": [{""name"": ""effective_until"", ""value"": ""1985""}]}, {""action"": ""conduct_audit"", ""asset"": ""Grant_Decision"", ""party"": ""OLAF"", ""constraints"": [{""name"": ""valid_for"", ""value"": ""cereal products""}]}], ""duties"": [{""action"": ""allow_audit"", ""party"": ""Contractor"", ""constraints"": []}]}, ""legal_patterns"": [{""pattern_name"": ""AuditPermissionPattern"", ""description"": ""Pattern for granting permissions to conduct audits and investigations"", ""entities_involved"": [""AuditPermission"", ""AuditPermissionTarget""]}, {""pattern_name"": ""AuditDutyPattern"", ""description"": ""Pattern for imposing duties to allow audits and investigations"", ""entities_involved"": [""AuditDuty"", ""AuditDutyTarget""]}], ""example_instances"": [{""entity"": ""AuditPermission"", ""example_value"": ""OLAF may carry out investigations, including on-the-spot checks and inspections, in accordance with the provisions and procedures laid down in Council Regulation (Euratom, EC) No 2185/96 (9) and Regulation (EU, Euratom) No 883/2013 of the European Parliament and of the Council (10) with a view to establishing whether there has been fraud, corruption or any other illegal activity affecting the financial interests of the Union in connection with a grant agreement or grant decision or a contract funded, directly or indirectly, in accordance with this Decision."", ""source_context"": ""The European Anti-Fraud Office (OLAF) may carry out investigations, including on-the-spot checks and inspections, in accordance with the provisions and procedures laid down in Council Regulation (Euratom, EC) No 2185/96 (9) and Regulation (EU, Euratom) No 883/2013 of the European Parliament and of the Council (10) with a view to establishing whether there has been fraud, corruption or any other illegal activity affecting the financial interests of the Union in connection with a grant agreement or grant decision or a contract funded, directly or indirectly, in accordance with this Decision.""}, {""entity"": ""AuditDuty"", ""example_value"": ""Where the implementation of an action is outsourced or sub-delegated, in whole or in part, or where it requires the award of a procurement contract or financial support to a third party, the contract, grant agreement or grant decision shall include the contractor's or beneficiary's obligation to impose on any third party involved explicit acceptance of those powers of the Commission, PRIMA-IS, the Court of Auditors and OLAF."", ""source_context"": ""Where the implementation of an action is outsourced or sub-delegated, in whole or in part, or where it requires the award of a procurement contract or financial support to a third party, the contract, grant agreement or grant decision shall include the contractor's or beneficiary's obligation to impose on any third party involved explicit acceptance of those powers of the Commission, PRIMA-IS, the Court of Auditors and OLAF.""}]}"
28,32017D1324_24,32017D1324,"{""ontology_name"": ""PRIMA-IS_Ontology"", ""description"": ""Legal framework of PRIMA-IS including its governance structure, decision-making bodies, and operational responsibilities."", ""odrl_alignment"": {""core_entities"": [""Asset"", ""Party"", ""Permission"", ""Duty"", ""Constraint""], ""extensions"": [""LegalInstrument"", ""Regulation""]}, ""classes"": [{""name"": ""PRIMAISAsset"", ""type"": ""ODRL_core"", ""description"": ""Represents the overall structure and governance of PRIMA-IS.""}, {""name"": ""PRIMAISBoardOfTrustees"", ""type"": ""ODRL_core"", ""description"": ""Represents the decision-making body of PRIMA-IS.""}, {""name"": ""PRIMAISSteeringCommittee"", ""type"": ""ODRL_core"", ""description"": ""Represents the monitoring and advisory body of PRIMA-IS.""}, {""name"": ""PRIMAISScientificAdvisoryCommittee"", ""type"": ""ODRL_core"", ""description"": ""Represents the advisory body for scientific matters.""}, {""name"": ""PRIMAISSecretariat"", ""type"": ""ODRL_core"", ""description"": ""Represents the executive body of PRIMA-IS.""}], ""relationships"": [{""source"": ""PRIMAISBoardOfTrustees"", ""relation"": ""appliesTo"", ""target"": ""PRIMAISAsset"", ""description"": ""The Board of Trustees applies to the overall structure and governance of PRIMA-IS.""}, {""source"": ""PRIMAISBoardOfTrustees"", ""relation"": ""appliesTo"", ""target"": ""PRIMAISSteeringCommittee"", ""description"": ""The Board of Trustees applies to the Steering Committee for monitoring and advisory purposes.""}, {""source"": ""PRIMAISBoardOfTrustees"", ""relation"": ""appliesTo"", ""target"": ""PRIMAISScientificAdvisoryCommittee"", ""description"": ""The Board of Trustees applies to the Scientific Advisory Committee for scientific guidance.""}, {""source"": ""PRIMAISBoardOfTrustees"", ""relation"": ""appliesTo"", ""target"": ""PRIMAISSecretariat"", ""description"": ""The Board of Trustees applies to the Secretariat for executive responsibilities.""}], ""rights_model"": {""permissions"": [{""action"": ""adopt_annual_work_plan"", ""asset"": ""PRIMAISAsset"", ""party"": ""PRIMAISBoardOfTrustees"", ""constraints"": [{""name"": ""consensus_required"", ""value"": ""consensus""}, {""name"": ""majority_required"", ""value"": ""75%""}]}, {""action"": ""approve_participation"", ""asset"": ""PRIMAISAsset"", ""party"": ""PRIMAISBoardOfTrustees"", ""constraints"": [{""name"": ""relevance_to_objectives"", ""value"": ""relevant to achieving the objectives of PRIMA""}]}], ""duties"": [{""action"": ""monitor_work"", ""party"": ""PRIMAISSteeringCommittee"", ""constraints"": [{""name"": ""monitoring_frequency"", ""value"": ""regularly""}]}, {""action"": ""provide_guidance"", ""party"": ""PRIMAISSteeringCommittee"", ""constraints"": [{""name"": ""annual_budget"", ""value"": ""annual budget""}, {""name"": ""annual_work_plan"", ""value"": ""annual work plan""}]}]}, ""legal_patterns"": [{""pattern_name"": ""DecisionMakingPattern"", ""description"": ""Pattern for decision-making processes involving the Board of Trustees."", ""entities_involved"": [""PRIMAISBoardOfTrustees"", ""PRIMAISAsset""]}, {""pattern_name"": ""MonitoringAndAdvisoryPattern"", ""description"": ""Pattern for monitoring and advisory roles of the Steering Committee and Scientific Advisory Committee."", ""entities_involved"": [""PRIMAISSteeringCommittee"", ""PRIMAISScientificAdvisoryCommittee"", ""PRIMAISAsset""]}], ""example_instances"": [{""entity"": ""PRIMAISBoardOfTrustees"", ""example_value"": ""PRIMA-IS shall be governed by the Board of Trustees, in which all Participating States are represented."", ""source_context"": ""PRIMA-IS shall be governed by the Board of Trustees, in which all Participating States are represented.""}]}"
28,32017D1324_25,32017D1324,"{""ontology_name"": ""PRIMA-IS_Ontology"", ""description"": ""Legal rights, duties, and prohibitions related to PRIMA-IS and its components."", ""odrl_alignment"": {""core_entities"": [""Asset"", ""Party"", ""Permission"", ""Duty"", ""Constraint""], ""extensions"": [""LegalInstrument"", ""Regulation""]}, ""classes"": [{""name"": ""PRIMAISAsset"", ""type"": ""ODRL_core"", ""description"": ""Represents the PRIMA-IS organization and its components.""}, {""name"": ""TrusteesParty"", ""type"": ""ODRL_core"", ""description"": ""Represents the Board of Trustees as a party.""}, {""name"": ""ScientificAdvisoryParty"", ""type"": ""ODRL_core"", ""description"": ""Represents the Scientific Advisory Committee as a party.""}], ""relationships"": [{""source"": ""PRIMAISAsset"", ""relation"": ""appliesTo"", ""target"": ""TrusteesParty"", ""description"": ""The Trustees Party has the authority to establish the Secretariat and appoint the Scientific Advisory Committee.""}, {""source"": ""TrusteesParty"", ""relation"": ""appliesTo"", ""target"": ""PRIMAISAsset"", ""description"": ""The Trustees Party has the authority to establish the Secretariat and appoint the Scientific Advisory Committee.""}, {""source"": ""ScientificAdvisoryParty"", ""relation"": ""appliesTo"", ""target"": ""PRIMAISAsset"", ""description"": ""The Scientific Advisory Committee has the authority to advise the Trustees Party on strategic priorities and scientific aspects.""}], ""rights_model"": {""permissions"": [{""action"": ""implement_annual_work_plan"", ""asset"": ""PRIMAISAsset"", ""party"": ""TrusteesParty"", ""constraints"": [{""name"": ""effective_until"", ""value"": ""1985""}]}, {""action"": ""provide_support"", ""asset"": ""PRIMAISAsset"", ""party"": ""TrusteesParty"", ""constraints"": [{""name"": ""for_cereal_products"", ""value"": ""true""}]}, {""action"": ""monitor_and_report"", ""asset"": ""PRIMAISAsset"", ""party"": ""TrusteesParty"", ""constraints"": [{""name"": ""for_cereal_products"", ""value"": ""true""}]}, {""action"": ""manage_financial_contributions"", ""asset"": ""PRIMAISAsset"", ""party"": ""TrusteesParty"", ""constraints"": [{""name"": ""for_cereal_products"", ""value"": ""true""}]}, {""action"": ""increase_visibility"", ""asset"": ""PRIMAISAsset"", ""party"": ""TrusteesParty"", ""constraints"": [{""name"": ""for_cereal_products"", ""value"": ""true""}]}, {""action"": ""liaise_with_commission"", ""asset"": ""PRIMAISAsset"", ""party"": ""TrusteesParty"", ""constraints"": [{""name"": ""for_cereal_products"", ""value"": ""true""}]}, {""action"": ""ensure_transparency"", ""asset"": ""PRIMAISAsset"", ""party"": ""TrusteesParty"", ""constraints"": [{""name"": ""for_cereal_products"", ""value"": ""true""}]}], ""duties"": [{""action"": ""appoint_scientific_advisory_committee"", ""party"": ""TrusteesParty"", ""constraints"": [{""name"": ""number_of_members"", ""value"": ""10""}]}, {""action"": ""review_scientific_and_technical_aspects"", ""party"": ""ScientificAdvisoryParty"", ""constraints"": [{""name"": ""for_cereal_products"", ""value"": ""true""}]}, {""action"": ""deliver_opinion_on_annual_report"", ""party"": ""ScientificAdvisoryParty"", ""constraints"": [{""name"": ""for_cereal_products"", ""value"": ""true""}]}]}, ""legal_patterns"": [{""pattern_name"": ""PRIMAIS_Implementation_Pattern"", ""description"": ""The Trustees Party implements the annual work plan and provides support to other bodies of PRIMA-IS."", ""entities_involved"": [""TrusteesParty"", ""PRIMAISAsset"", ""ScientificAdvisoryParty""]}, {""pattern_name"": ""PRIMAIS_Scientific_Advisory_Pattern"", ""description"": ""The Scientific Advisory Committee advises the Trustees Party on strategic priorities and scientific aspects."", ""entities_involved"": [""ScientificAdvisoryParty"", ""TrusteesParty"", ""PRIMAISAsset""]}], ""example_instances"": [{""entity"": ""PRIMAISAsset"", ""example_value"": ""The Board of Trustees shall establish the Secretariat of PRIMA-IS as the executive body of PRIMA."", ""source_context"": ""The Board of Trustees shall establish the Secretariat of PRIMA-IS as the executive body of PRIMA.""}, {""entity"": ""TrusteesParty"", ""example_value"": ""The Trustees Party has the authority to establish the Secretariat and appoint the Scientific Advisory Committee."", ""source_context"": ""The Board of Trustees shall establish the Secretariat of PRIMA-IS as the executive body of PRIMA. The Secretariat shall: (a) implement the annual work plan; (b) provide support to the other bodies of PRIMA-IS; (c) monitor and report on the implementation of PRIMA; (d) manage the Union financial contribution referred to in Article 3(1) and the Participating States' financial contributions and report on their use; (e) increase the visibility of PRIMA through advocacy and communication; (f) liaise with the Commission in accordance with the delegation agreement referred to in Article 8; (g) ensure the transparency of PRIMA activities. The Board of Trustees shall appoint a Scientific Advisory Committee consisting of renowned independent experts, competent in areas relevant to PRIMA.""}, {""entity"": ""ScientificAdvisoryParty"", ""example_value"": ""The Scientific Advisory Committee shall: (a) advise the Board of Trustees on strategic priorities and needs; (b) advise the Board of Trustees on the content and scope of the draft annual work plan from a scientific and technical standpoint; (c) review the scientific and technical aspects of the implementation of PRIMA and deliver an opinion on its annual report."", ""source_context"": ""The Scientific Advisory Committee shall: (a) advise the Board of Trustees on strategic priorities and needs; (b) advise the Board of Trustees on the content and scope of the draft annual work plan from a scientific and technical standpoint; (c) review the scientific and technical aspects of the implementation of PRIMA and deliver an opinion on its annual report.""}]}"
28,32017D1324_26,32017D1324,"{""ontology_name"": ""PRIMA_Decision_Ontology"", ""description"": ""Legal rights and obligations related to the PRIMA Decision"", ""odrl_alignment"": {""core_entities"": [""Asset"", ""Party"", ""Permission"", ""Duty"", ""Constraint""], ""extensions"": [""LegalInstrument"", ""Regulation""]}, ""classes"": [{""name"": ""PRIMA_Decision"", ""type"": ""ODRL_core"", ""description"": ""A Decision related to the financial management of PRIMA""}], ""relationships"": [{""source"": ""PRIMA_Decision"", ""relation"": ""appliesTo"", ""target"": ""PRIMA"", ""description"": ""The Decision applies to the financial management of PRIMA""}], ""rights_model"": {""permissions"": [{""action"": ""include_information_in_reports"", ""asset"": ""PRIMA_Decision"", ""party"": ""Commission"", ""constraints"": [{""name"": ""date"", ""value"": ""30 June 2022""}, {""name"": ""date"", ""value"": ""31 December 2028""}]}], ""duties"": [{""action"": ""conduct_interim_evaluation"", ""party"": ""Commission"", ""constraints"": [{""name"": ""date"", ""value"": ""30 June 2022""}]}, {""action"": ""conduct_final_evaluation"", ""party"": ""Commission"", ""constraints"": [{""name"": ""date"", ""value"": ""30 June 2029""}]}]}, ""legal_patterns"": [{""pattern_name"": ""Evaluation_Pattern"", ""description"": ""Pattern for conducting interim and final evaluations of PRIMA"", ""entities_involved"": [""Commission"", ""Independent_Experts"", ""European_Parliament"", ""Council""]}], ""example_instances"": [{""entity"": ""PRIMA_Decision"", ""example_value"": ""Article 14 Evaluation"", ""source_context"": ""Article 14 Evaluation: By 30 June 2022 the Commission shall conduct an interim evaluation of PRIMA with the assistance of independent experts. The Commission shall prepare a report on that evaluation which includes the conclusions of the evaluation and observations by the Commission. The Commission shall submit that report to the European Parliament and to the Council by 31 December 2022.""}]}"
28,32017D1324_27,32017D1324,"{""ontology_name"": ""Horizon_2020_Rules"", ""description"": ""Legal rules for participation and dissemination in Horizon 2020 Framework Programme for Research and Innovation (2014-2020)"", ""odrl_alignment"": {""core_entities"": [""Asset"", ""Party"", ""Permission"", ""Duty"", ""Constraint""], ""extensions"": [""LegalInstrument"", ""Regulation""]}, ""classes"": [{""name"": ""Horizon_2020_Rule"", ""type"": ""ODRL_core"", ""description"": ""A specific rule or regulation related to Horizon 2020 Framework Programme for Research and Innovation (2014-2020)""}], ""relationships"": [{""source"": ""Horizon_2020_Rule"", ""relation"": ""appliesTo"", ""target"": ""PRIMA_Implementation_Structure"", ""description"": ""A Horizon 2020 rule applies to the PRIMA Implementation Structure""}], ""rights_model"": {""permissions"": [{""action"": ""calculate_import_duty"", ""asset"": ""PRIMA_Implementation_Structure"", ""party"": ""EU_Financial_Regulation"", ""constraints"": [{""name"": ""valid_for"", ""value"": ""2014-2020""}]}], ""duties"": [{""action"": ""implement_PRIMA"", ""party"": ""EU_Financial_Regulation"", ""constraints"": []}]}, ""legal_patterns"": [{""pattern_name"": ""EU_Financial_Regulation_Entrustment"", ""description"": ""EU Financial Regulation entrusts the Commission with implementing the PRIMA initiative"", ""entities_involved"": [""EU_Financial_Regulation"", ""Commission""]}], ""example_instances"": [{""entity"": ""EU_Financial_Regulation"", ""example_value"": ""Article 58(1)(c)(vi) of EU Financial Regulation"", ""source_context"": ""Article 58(1)(c)(vi) of EU Financial Regulation stipulates that the Commission may entrust implementation of the U""}]}"
29,32017D1324_28,32017D1324,"{""ontology_name"": ""EU_Financial_Guarantees_ODRL"", ""description"": ""An ontology for financial guarantees and responsibilities related to the EU Financial Regulation and the PRIMA initiative."", ""odrl_alignment"": {""core_entities"": [""Asset"", ""Party"", ""Permission"", ""Duty"", ""Constraint""], ""extensions"": [""LegalInstrument"", ""Regulation""]}, ""classes"": [{""name"": ""ImplementationStructure"", ""type"": ""ODRL_core"", ""description"": ""A body governed by private law with a public service mission, tasked with implementing the Union budget.""}, {""name"": ""FinancialGuarantor"", ""type"": ""ODRL_core"", ""description"": ""An entity providing financial guarantees for the Implementation Structure.""}], ""relationships"": [{""source"": ""ImplementationStructure"", ""relation"": ""appliesTo"", ""target"": ""FinancialGuarantor"", ""description"": ""The Implementation Structure is subject to the financial guarantees provided by the Financial Guarantor.""}], ""rights_model"": {""permissions"": [{""action"": ""provide_financial_guarantees"", ""asset"": ""ImplementationStructure"", ""party"": ""FinancialGuarantor"", ""constraints"": [{""name"": ""scope"", ""value"": ""any debt of the IS towards the Union related to all implementation tasks as foreseen in the Delegation Agreement""}]}], ""duties"": [{""action"": ""accept_joint_and_several_liability"", ""party"": ""FinancialGuarantor"", ""constraints"": [{""name"": ""proportionality"", ""value"": ""Taking into account the principle of proportionality, the financial guarantees requested from the IS may be limited to the maximum amount of the Union contribution.""}, {""name"": ""share_of_contribution"", ""value"": ""In accordance, the liability of each guarantor may be proportionate to the share of their contribution to PRIMA.""}]}]}, ""legal_patterns"": [{""pattern_name"": ""FinancialGuaranteesForImplementationTasks"", ""description"": ""Financial guarantees provided by the Financial Guarantor to the Implementation Structure for implementation tasks as foreseen in the Delegation Agreement."", ""entities_involved"": [""ImplementationStructure"", ""FinancialGuarantor""]}], ""example_instances"": [{""entity"": ""ImplementationStructure"", ""example_value"": ""The EU Financial Regulation in its Article 58(1)(c)(vi) stipulates that the Commission may entrust implementation of the Union budget to a body governed by private law with a public service mission (Implementation Structure  IS)."", ""source_context"": ""or the PRIMA Implementation Structure 1. In relation to the PRIMA initiative, the EU Financial Regulation in its Article 58(1)(c)(vi) stipulates that the Commission may entrust implementation of the Union budget to a body governed by private law with a public service mission (Implementation Structure  IS). Such a body must provide adequate financial guarantees.""}, {""entity"": ""FinancialGuarantor"", ""example_value"": ""The Commission Authorising Officer in charge of PRIMA will envisage that:  Taking into account the principle of proportionality, the financial guarantees requested from the IS may be limited to the maximum amount of the Union contribution.  In accordance, the liability of each guarantor may be proportionate to the share of their contribution to PRIMA."", ""source_context"": ""However, on the basis of a detailed risk assessment, in particular if the outcome of the ex-ante pillar assessment carried out to the IS in line with Article 61 of the Financial Regulation is deemed to be adequate, the Commission Authorising Officer in charge of PRIMA will envisage that:  Taking into account the principle of proportionality, the financial guarantees requested from the IS may be limited to the maximum amount of the Union contribution.  In accordance, the liability of each guarantor may be proportionate to the share of their contribution to PRIMA.""}]}"
29,32017D0951_0,32017D0951,"{""ontology_name"": ""EGF_Mobilization_Ontology"", ""description"": ""An ontology for the mobilization of the European Globalisation Adjustment Fund (EGF) as per Decision (EU) 2017/951"", ""odrl_alignment"": {""core_entities"": [""Asset"", ""Party"", ""Permission"", ""Duty"", ""Constraint""], ""extensions"": [""LegalInstrument"", ""Regulation""]}, ""classes"": [{""name"": ""EGF_Mobilization"", ""type"": ""ODRL_core"", ""description"": ""A mobilization of the European Globalisation Adjustment Fund (EGF)""}], ""relationships"": [{""source"": ""EGF_Mobilization"", ""relation"": ""appliesTo"", ""target"": ""Asset"", ""description"": ""An EGF Mobilization applies to an asset (EGF)""}], ""rights_model"": {""permissions"": [{""action"": ""calculate_import_duty"", ""asset"": ""EGF"", ""party"": ""Assignee"", ""constraints"": [{""name"": ""amount"", ""value"": ""EUR 150 million (2011 prices)""}]}], ""duties"": [{""action"": ""calculate_import_duty"", ""party"": ""Assignee"", ""constraints"": [{""name"": ""amount"", ""value"": ""EUR 150 million (2011 prices)""}]}]}, ""legal_patterns"": [{""pattern_name"": ""EGF_Mobilization_Pattern"", ""description"": ""A mobilization of the EGF as per Decision (EU) 2017/951"", ""entities_involved"": [""EGF_Mobilization"", ""EGF"", ""Assignee""]}], ""example_instances"": [{""entity"": ""EGF_Mobilization"", ""example_value"": ""DECISION (EU) 2017/951 OF THE EUROPEAN PARLIAMENT AND OF THE COUNCIL of 17 May 2017 on the mobilisation of the European Globalisation Adjustment Fund following an application from Finland"", ""source_context"": ""DECISION (EU) 2017/951 OF THE EUROPEAN PARLIAMENT AND OF THE COUNCIL of 17 May 2017 on the mobilisation of the European Globalisation Adjustment Fund following an application from Finland""}]}"
29,32017D0951_1,32017D0951,"{""ontology_name"": ""Globalisation_Adjustment_Fund_Ontology"", ""description"": ""An ontology for the Globalisation Adjustment Fund (EGF) decisions and mobilizations."", ""odrl_alignment"": {""core_entities"": [""Asset"", ""Party"", ""Permission"", ""Duty"", ""Constraint""], ""extensions"": [""LegalInstrument"", ""Regulation""]}, ""classes"": [{""name"": ""LegalInstrument"", ""type"": ""ODRL_core"", ""description"": ""A legal instrument that defines the terms and conditions for mobilizing the EGF.""}, {""name"": ""Regulation"", ""type"": ""ODRL_core"", ""description"": ""A legal instrument that sets out the rules and procedures for the EGF.""}], ""relationships"": [{""source"": ""LegalInstrument"", ""relation"": ""appliesTo"", ""target"": ""Regulation"", ""description"": ""A LegalInstrument applies to a Regulation.""}], ""rights_model"": {""permissions"": [{""action"": ""calculate_financial_contribution"", ""asset"": ""Globalisation_Adjustment_Fund"", ""party"": ""Finland"", ""constraints"": [{""name"": ""date_of_adoption"", ""value"": ""2017-05-17""}, {""name"": ""application_date"", ""value"": ""2017-05-17""}, {""name"": ""mobilization_date"", ""value"": ""2017-05-17""}]}], ""duties"": [{""action"": ""mobilize_egf"", ""party"": ""European_Globalisation_Adjustment_Fund"", ""constraints"": [{""name"": ""mobilization_date"", ""value"": ""2017-05-17""}]}]}, ""legal_patterns"": [{""pattern_name"": ""EGF_Mobilization_Pattern"", ""description"": ""A pattern for mobilizing the EGF based on an application and its compliance with the EGF requirements."", ""entities_involved"": [""EGF"", ""Finland"", ""European_Globalisation_Adjustment_Fund""]}], ""example_instances"": [{""entity"": ""LegalInstrument"", ""example_value"": ""Decision of the European Parliament and of the Council of 17 May 2017 (OJ L 122, 20.05.2017)"", ""source_context"": ""(4) The EGF should, therefore, be mobilised in order to provide a financial contribution of EUR 2 641 800 in respect of the application submitted by Finland. (5) In order to minimise the time taken to mobilise the EGF, this decision should apply from the date of its adoption, HAVE ADOPTED THIS DECISION:""}]}"
29,32017D0899_0,32017D0899,"{""ontology_name"": ""EU_SpectrumManagement_2017"", ""description"": ""Legal framework for the use of the 470-790 MHz frequency band in the European Union"", ""odrl_alignment"": {""core_entities"": [""Asset"", ""Party"", ""Permission"", ""Duty"", ""Constraint""], ""extensions"": [""LegalInstrument"", ""Regulation""]}, ""classes"": [{""name"": ""LegalInstrument"", ""type"": ""ODRL_core"", ""description"": ""A legal instrument that defines rights, permissions, and duties.""}], ""relationships"": [{""source"": ""LegalInstrument"", ""relation"": ""appliesTo"", ""target"": ""Asset"", ""description"": ""A legal instrument applies to an asset.""}], ""rights_model"": {""permissions"": [{""action"": ""use_470_790_mhz_band"", ""asset"": ""470-790 MHz frequency band"", ""party"": ""European Parliament and the Council"", ""constraints"": [{""name"": ""effective_until"", ""value"": ""2027-05-25""}]}], ""duties"": [{""action"": ""ensure_sufficient_spectrum"", ""party"": ""European Parliament and the Council"", ""constraints"": [{""name"": ""spectrum_for_broadband_services"", ""value"": ""1200 MHz""}, {""name"": ""spectrum_for_broadcasting_services"", ""value"": ""sufficient""}, {""name"": ""spectrum_for_PMSE"", ""value"": ""sufficient""}]}]}, ""legal_patterns"": [{""pattern_name"": ""SpectrumAllocationPattern"", ""description"": ""Pattern for allocating spectrum for broadband and broadcasting services."", ""entities_involved"": [""European Parliament and the Council"", ""470-790 MHz frequency band""]}], ""example_instances"": [{""entity"": ""LegalInstrument"", ""example_value"": ""DECISION (EU) 2017/899 OF THE EUROPEAN PARLIAMENT AND OF THE COUNCIL of 17 May 2017 on the use of the 470-790 MHz frequency band in the Union"", ""source_context"": ""THE EUROPEAN PARLIAMENT AND THE COUNCIL OF THE EUROPEAN UNION, Having regard to the Treaty on the Functioning of the European Union, and in particular Article 114 thereof, Having regard to the proposal from the European Commission, After transmission of the draft legislative act to the national parliaments, Having regard to the opinion of the European Economic and Social Committee (1), After consulting the Committee of the Regions, Acting in accordance with the ordinary legislative procedure (2), Whereas:""}]}"
29,32017D0899_1,32017D0899,"{""ontology_name"": ""Digital_Spectrum_Spectrum"", ""description"": ""Ontology for Digital Spectrum Management"", ""odrl_alignment"": {""core_entities"": [""Asset"", ""Party"", ""Permission"", ""Duty"", ""Constraint""], ""extensions"": [""LegalInstrument"", ""Regulation""]}, ""classes"": [{""name"": ""Digital_Spectrum"", ""type"": ""ODRL_core"", ""description"": ""Digital Spectrum Asset""}], ""relationships"": [{""source"": ""Digital_Spectrum"", ""relation"": ""appliesTo"", ""target"": ""Party"", ""description"": ""Digital Spectrum applies to Parties""}], ""rights_model"": {""permissions"": [{""action"": ""use_digital_spectrum"", ""asset"": ""Digital_Spectrum"", ""party"": ""Assignee"", ""constraints"": [{""name"": ""frequency_band"", ""value"": ""470-790 MHz""}, {""name"": ""target_speed"", ""value"": ""30 Mbps""}]}], ""duties"": [{""action"": ""deploy_wireless_networks"", ""party"": ""Assignee"", ""constraints"": [{""name"": ""target_speed"", ""value"": ""30 Mbps""}]}]}, ""legal_patterns"": [{""pattern_name"": ""Digital_Spectrum_Use_Pattern"", ""description"": ""Digital Spectrum use pattern"", ""entities_involved"": [""Digital_Spectrum"", ""Assignee""]}], ""example_instances"": [{""entity"": ""Digital_Spectrum"", ""example_value"": ""Article 1 of the Digital Single Market Act"", ""source_context"": ""The 700 MHz frequency band represents an opportunity for globally harmonised and coordinated spectrum for wireless broadband that offers economies of scale. It should allow new innovative digital services to be developed in urban and in rural or remote areas, such as eHealth and mHealth, supported by mobile phones, patient-monitoring devices and other wireless devices, as well as smart energy grids.""}]}"
30,32017D0899_2,32017D0899,"{""ontology_name"": ""WirelessNetworks700MHz"", ""description"": ""Legal framework for the assignment of the 700 MHz frequency band for wireless networks in the European Union"", ""odrl_alignment"": {""core_entities"": [""Asset"", ""Party"", ""Permission"", ""Duty"", ""Constraint""], ""extensions"": [""LegalInstrument"", ""Regulation""]}, ""classes"": [{""name"": ""WirelessNetwork700MHz"", ""type"": ""ODRL_core"", ""description"": ""A wireless network in the 700 MHz frequency band""}], ""relationships"": [{""source"": ""WirelessNetwork700MHz"", ""relation"": ""appliesTo"", ""target"": ""Region1"", ""description"": ""A wireless network in the 700 MHz frequency band applies to Region 1""}], ""rights_model"": {""permissions"": [{""action"": ""use_wireless_network"", ""asset"": ""WirelessNetwork700MHz"", ""party"": ""Region1"", ""constraints"": [{""name"": ""frequency_band"", ""value"": ""700 MHz""}]}], ""duties"": [{""action"": ""provide_coverage"", ""party"": ""Region1"", ""constraints"": [{""name"": ""coverage_areas"", ""value"": ""economically challenging rural, mountainous and insular areas, along major terrestrial transport paths, and for indoor use and for wide-range machine-type communications""}]}]}, ""legal_patterns"": [{""pattern_name"": ""WirelessNetworkAssignment"", ""description"": ""Assignment of the 700 MHz frequency band for wireless networks in the European Union"", ""entities_involved"": [""WirelessNetwork700MHz"", ""Region1""]}], ""example_instances"": [{""entity"": ""WirelessNetwork700MHz"", ""example_value"": ""t of wireless networks with universal indoor and outdoor coverage"", ""source_context"": ""t of wireless networks with universal indoor and outdoor coverage. That spectrum is currently used across the Union for digital terrestrial television (DTT) and wireless audio PMSE.""}]}"
30,32017D0899_3,32017D0899,"{""ontology_name"": ""5G_Spectrum_Security"", ""description"": ""An ontology for 5G spectrum security and coordination measures"", ""odrl_alignment"": {""core_entities"": [""Asset"", ""Party"", ""Permission"", ""Duty"", ""Constraint""], ""extensions"": [""LegalInstrument"", ""Regulation""]}, ""classes"": [{""name"": ""5G_Spectrum_Access"", ""type"": ""ODRL_core"", ""description"": ""Permission for access to the 700 MHz frequency band for mobile virtual network operators""}, {""name"": ""5G_Spectrum_Sharing"", ""type"": ""ODRL_core"", ""description"": ""Permission for spectrum-sharing within a common frequency band between bidirectional wireless broadband use and unidirectional television broadcasting or wireless audio PMSE use""}], ""relationships"": [{""source"": ""5G_Spectrum_Access"", ""relation"": ""appliesTo"", ""target"": ""5G_Spectrum_Sharing"", ""description"": ""5G Spectrum Access applies to 5G Spectrum Sharing""}], ""rights_model"": {""permissions"": [{""action"": ""access_700_mhz_band"", ""asset"": ""700_MHz_Frequency_Band"", ""party"": ""Mobile_Virtual_Network_Operators"", ""constraints"": [{""name"": ""geographical_coverage"", ""value"": ""as requested by Member States""}]}, {""action"": ""facilitate_joint_auctions"", ""asset"": ""Joint_Auctions"", ""party"": ""Commission"", ""constraints"": [{""name"": ""feasibility"", ""value"": ""where feasible""}]}], ""duties"": [{""action"": ""ensure_regulatory_predictability"", ""party"": ""Member_States"", ""constraints"": [{""name"": ""long_term"", ""value"": ""long-term""}]}]}, ""legal_patterns"": [{""pattern_name"": ""5G_Spectrum_Access_Pattern"", ""description"": ""Pattern for granting access to the 700 MHz frequency band for mobile virtual network operators"", ""entities_involved"": [""Member_States"", ""Mobile_Virtual_Network_Operators""]}, {""pattern_name"": ""5G_Spectrum_Sharing_Pattern"", ""description"": ""Pattern for spectrum-sharing within a common frequency band between bidirectional wireless broadband use and unidirectional television broadcasting or wireless audio PMSE use"", ""entities_involved"": [""Member_States"", ""Mobile_Virtual_Network_Operators"", ""DTT_and_PMSE_Sectors""]}], ""example_instances"": [{""entity"": ""Member_States"", ""example_value"": ""Member States should take account of the opportunity to ensure that mobile virtual network operators are able to increase their geographical coverage."", ""source_context"": ""Member States should take account of the opportunity to ensure that mobile virtual network operators are able to increase their geographical coverage.""}, {""entity"": ""Mobile_Virtual_Network_Operators"", ""example_value"": ""Where a Member State so requests, the Commission should, where feasible, facilitate the option of jointly organised auctions, thus contributing to pan-European structures."", ""source_context"": ""Where a Member State so requests, the Commission should, where feasible, facilitate the option of jointly organised auctions, thus contributing to pan-European structures.""}]}"
30,32017D0899_4,32017D0899,"{""ontology_name"": ""SpectrumResourcesRegulation"", ""description"": ""Regulation on spectrum resources for DTT and PMSE users"", ""odrl_alignment"": {""core_entities"": [""Asset"", ""Party"", ""Permission"", ""Duty"", ""Constraint""], ""extensions"": [""LegalInstrument"", ""Regulation""]}, ""classes"": [{""name"": ""SpectrumResource"", ""type"": ""ODRL_core"", ""description"": ""A spectrum resource that is subject to regulatory control and management""}, {""name"": ""RegulatoryAuthority"", ""type"": ""ODRL_core"", ""description"": ""An authority responsible for regulating spectrum resources""}], ""relationships"": [{""source"": ""RegulatoryAuthority"", ""relation"": ""hasPermissions"", ""target"": ""SpectrumResource"", ""description"": ""A RegulatoryAuthority grants Permissions to a SpectrumResource""}], ""rights_model"": {""permissions"": [{""action"": ""use_spectrum_resource"", ""asset"": ""SpectrumResource"", ""party"": ""DTT_and_PMSE_users"", ""constraints"": [{""name"": ""valid_until"", ""value"": ""2030""}, {""name"": ""valid_until"", ""value"": ""2025""}, {""name"": ""valid_until"", ""value"": ""2020""}, {""name"": ""valid_until"", ""value"": ""2015""}]}], ""duties"": [{""action"": ""ensure_sustainable_provision"", ""party"": ""RegulatoryAuthority"", ""constraints"": []}]}, ""legal_patterns"": [{""pattern_name"": ""RegulatoryPredictability"", ""description"": ""Regulatory predictability for sustainable provision of services"", ""entities_involved"": [""RegulatoryAuthority"", ""DTT_and_PMSE_users"", ""SpectrumResource""]}], ""example_instances"": [{""entity"": ""RegulatoryAuthority"", ""example_value"": ""Pascal Lamy, the Chairman of the high-level group on the future use of the UHF band (470-790 MHz)"", ""source_context"": ""In his report to the Commission, Pascal Lamy, the Chairman of the high-level group on the future use of the UHF band (470-790 MHz), recommended that the 700 MHz frequency band be made available for wireless broadband by 2020 (+/- two years).""}, {""entity"": ""DTT_and_PMSE_users"", ""example_value"": ""DTT and wireless audio PMSE users"", ""source_context"": ""The DTT and PMSE sectors therefore need long-term regulatory predictability with regard to the availability of sufficient spectrum, so that they can safeguard the sustainable provision and development of their services, in particular free-to-view television, while ensuring an appropriate environment for investments, so that Union and national audiovisual policy objectives such as social cohesion, media pluralism and cultural diversity are met.""}]}"
30,32017D0899_5,32017D0899,"{""ontology_name"": ""BroadcastingFrequencyBand"", ""description"": ""Ontology for regulating the use of the 700 MHz frequency band for wireless broadband electronic communications services."", ""odrl_alignment"": {""core_entities"": [""Asset"", ""Party"", ""Permission"", ""Duty"", ""Constraint""], ""extensions"": [""LegalInstrument"", ""Regulation""]}, ""classes"": [{""name"": ""BroadcastingFrequencyBandAsset"", ""type"": ""ODRL_core"", ""description"": ""Represents the 700 MHz frequency band for wireless broadband electronic communications services.""}, {""name"": ""MemberStateParty"", ""type"": ""ODRL_core"", ""description"": ""Represents a Member State as a party to the regulation.""}], ""relationships"": [{""source"": ""BroadcastingFrequencyBandAsset"", ""relation"": ""appliesTo"", ""target"": ""MemberStateParty"", ""description"": ""Member States are required to repurpose the 700 MHz frequency band in a timely manner.""}], ""rights_model"": {""permissions"": [{""action"": ""use_700_mhz_band"", ""asset"": ""BroadcastingFrequencyBandAsset"", ""party"": ""MemberStateParty"", ""constraints"": [{""name"": ""timely_migration"", ""value"": ""in a timely manner""}, {""name"": ""cross_border_issues"", ""value"": ""due to unresolved cross-border coordination issues resulting in harmful interferences""}, {""name"": ""technical_migration"", ""value"": ""ensuring, and the complexity of ensuring, the technical migration of a large amount of the population to advanced broadcasting standards""}, {""name"": ""financial_costs"", ""value"": ""financial costs of transition exceeding the expected revenue generated by award procedures""}, {""name"": ""force_majeure"", ""value"": ""force majeure""}]}], ""duties"": [{""action"": ""inform_other_member_states"", ""party"": ""MemberStateParty"", ""constraints"": []}]}, ""legal_patterns"": [{""pattern_name"": ""MemberStateDelayPattern"", ""description"": ""Member States may delay the use of the 700 MHz frequency band for up to two years with justified reasons."", ""entities_involved"": [""MemberStateParty""]}], ""example_instances"": [{""entity"": ""MemberStateParty"", ""example_value"": ""(14) Some Member States have already launched or completed a national process to authorise the use of the 700 MHz frequency band for bidirectional terrestrial wireless broadband electronic communications services."", ""source_context"": ""(14) Some Member States have already launched or completed a national process to authorise the use of the 700 MHz frequency band for bidirectional terrestrial wireless broadband electronic communications services.""}, {""entity"": ""MemberStateParty"", ""example_value"": ""(15) Member States should be able to delay, on the basis of duly justified reasons, allowing the use of the 700 MHz frequency band for terrestrial systems capable of providing wireless broadband electronic communications services beyond a common Union deadline of 2020 for up to two years."", ""source_context"": ""(15) Member States should be able to delay, on the basis of duly justified reasons, allowing the use of the 700 MHz frequency band for terrestrial systems capable of providing wireless broadband electronic communications services beyond a common Union deadline of 2020 for up to two years.""}]}"
30,32017D0899_6,32017D0899,"{""ontology_name"": ""WirelessFrequencyBandManagement"", ""description"": ""Ontology for managing the use of the 700 MHz frequency band in the European Union"", ""odrl_alignment"": {""core_entities"": [""Asset"", ""Party"", ""Permission"", ""Duty"", ""Constraint""], ""extensions"": [""LegalInstrument"", ""Regulation""]}, ""classes"": [{""name"": ""WirelessFrequencyBandUse"", ""type"": ""ODRL_core"", ""description"": ""A permission to use the 700 MHz frequency band for terrestrial wireless broadband electronic communications services""}, {""name"": ""MemberStateAction"", ""type"": ""ODRL_core"", ""description"": ""A duty for Member States to take necessary steps to minimise the duration and geographical extent of limitations on the use of the 700 MHz frequency band""}], ""relationships"": [{""source"": ""WirelessFrequencyBandUse"", ""relation"": ""appliesTo"", ""target"": ""MemberStateAction"", ""description"": ""Member States are required to take necessary steps to minimise the duration and geographical extent of limitations on the use of the 700 MHz frequency band""}], ""rights_model"": {""permissions"": [{""action"": ""use_700_mhz_band"", ""asset"": ""WirelessFrequencyBand"", ""party"": ""MemberState"", ""constraints"": [{""name"": ""duration"", ""value"": ""limited""}, {""name"": ""geographical_extent"", ""value"": ""limited""}]}], ""duties"": [{""action"": ""take_necessary_steps"", ""party"": ""MemberState"", ""constraints"": []}]}, ""legal_patterns"": [{""pattern_name"": ""MemberStateCooperationAndNotification"", ""description"": ""Member States cooperate with each other and notify the Commission of limitations on the use of the 700 MHz frequency band"", ""entities_involved"": [""MemberState"", ""Commission""]}], ""example_instances"": [{""entity"": ""WirelessFrequencyBandUse"", ""example_value"": ""Member States should take all necessary steps to minimise the duration and geographical extent of limitations on the use of the 700 MHz frequency band for terrestrial wireless broadband electronic communications services in some Member States"", ""source_context"": ""(16) The use of the 700 MHz frequency band by other applications in third countries, as allowed by international agreements or in parts of national territory outside the effective control of the Member State authorities, could limit the use of the 700 MHz frequency band for terrestrial wireless broadband electronic communications services in some Member States. This would prevent those Member States from complying with the common schedule set at Union level. The Member States concerned should take all necessary steps to minimise the duration and geographical extent of those limitations and seek the assistance of the Union, where necessary, under Article 10(2) of Decision No 243/2012/EU. They should also notify the Commission of such limitations pursuant to Article 6(2) and Article 7 of Decision No 676/2002/EC of the European Parliament and of the Council (4), and the information should be published in accordance with Article 5 of Decision No 676/2002/EC.""}]}"
31,32017D0899_7,32017D0899,"{""ontology_name"": ""DigitalCommunicationRegulations"", ""description"": ""Legal regulations for electronic communications services and spectrum use"", ""odrl_alignment"": {""core_entities"": [""Asset"", ""Party"", ""Permission"", ""Duty"", ""Constraint""], ""extensions"": [""LegalInstrument"", ""Regulation""]}, ""classes"": [{""name"": ""DigitalCommunicationAsset"", ""type"": ""ODRL_core"", ""description"": ""Represents a digital communication asset such as a spectrum band or service""}, {""name"": ""DigitalCommunicationParty"", ""type"": ""ODRL_core"", ""description"": ""Represents a party involved in digital communication, such as a Member State or a broadcasting operator""}], ""relationships"": [{""source"": ""DigitalCommunicationParty"", ""relation"": ""appliesTo"", ""target"": ""DigitalCommunicationAsset"", ""description"": ""A party applies to an asset, such as a Member State applying to a spectrum band""}], ""rights_model"": {""permissions"": [{""action"": ""apply_license"", ""asset"": ""DigitalCommunicationAsset"", ""party"": ""DigitalCommunicationParty"", ""constraints"": [{""name"": ""duration"", ""value"": ""duration of licences""}, {""name"": ""business_plan"", ""value"": ""business plan of the operators""}, {""name"": ""digital_agenda_objectives"", ""value"": ""contribution to meeting the Digital Agenda objectives""}, {""name"": ""innovative_services"", ""value"": ""promotion of innovative digital services""}, {""name"": ""socioeconomic_benefits"", ""value"": ""promotion of long-term socioeconomic benefits""}]}, {""action"": ""allow_alternative_use"", ""asset"": ""DigitalCommunicationAsset"", ""party"": ""DigitalCommunicationParty"", ""constraints"": [{""name"": ""national_needs"", ""value"": ""national needs for distribution of broadcasting services""}, {""name"": ""user_driven_initiatives"", ""value"": ""innovative user-driven initiatives""}]}, {""action"": ""ensure_no_interference"", ""asset"": ""DigitalCommunicationAsset"", ""party"": ""DigitalCommunicationParty"", ""constraints"": [{""name"": ""harmful_interference"", ""value"": ""digital terrestrial broadcasting in neighbouring Member States""}]}], ""duties"": [{""action"": ""promote_cooperation"", ""party"": ""DigitalCommunicationParty"", ""constraints"": [{""name"": ""audiovisual_and_internet_platforms"", ""value"": ""convergence of audiovisual and internet platforms""}, {""name"": ""shared_spectrum_use"", ""value"": ""shared spectrum use""}]}]}, ""legal_patterns"": [{""pattern_name"": ""ApplyLicensePattern"", ""description"": ""Member States apply for and receive licenses for spectrum bands"", ""entities_involved"": [""DigitalCommunicationParty"", ""DigitalCommunicationAsset""]}, {""pattern_name"": ""AllowAlternativeUsePattern"", ""description"": ""Member States allow alternative uses for spectrum bands"", ""entities_involved"": [""DigitalCommunicationParty"", ""DigitalCommunicationAsset""]}, {""pattern_name"": ""PromoteCooperationPattern"", ""description"": ""Member States promote cooperation between broadcasters and mobile operators"", ""entities_involved"": [""DigitalCommunicationParty"", ""DigitalCommunicationAsset""]}], ""example_instances"": [{""entity"": ""DigitalCommunicationParty"", ""example_value"": ""Member States"", ""source_context"": ""(19) It is important to achieve long-term regulatory predictability for DTT with regard to access to the sub-700 MHz frequency band, taking into account the outcome of the World Radiocommunication Conference in 2015.""}, {""entity"": ""DigitalCommunicationAsset"", ""example_value"": ""sub-700 MHz frequency band"", ""source_context"": ""Member States should apply a flexible approach where possible and should be able to allow the introduction of alternative uses such as terrestrial wireless broadband electronic communications services in the sub-700 MHz frequency band according to national needs for distribution of broadcasting services, including for innovative user-driven initiatives.""}]}"
31,32017D0899_8,32017D0899,"{""ontology_name"": ""Digital_Broadcasting_Roadmaps"", ""description"": ""Ontology for digital terrestrial broadcasting roadmaps and related permissions and duties"", ""odrl_alignment"": {""core_entities"": [""Asset"", ""Party"", ""Permission"", ""Duty"", ""Constraint""], ""extensions"": [""LegalInstrument"", ""Regulation""]}, ""classes"": [{""name"": ""DigitalBroadcastingRoadmap"", ""type"": ""ODRL_core"", ""description"": ""A digital terrestrial broadcasting roadmap adopted by a Member State""}], ""relationships"": [{""source"": ""DigitalBroadcastingRoadmap"", ""relation"": ""appliesTo"", ""target"": ""MemberState"", ""description"": ""A DigitalBroadcastingRoadmap applies to a Member State""}], ""rights_model"": {""permissions"": [{""action"": ""calculate_migration_costs"", ""asset"": ""DigitalBroadcastingRoadmap"", ""party"": ""MemberState"", ""constraints"": [{""name"": ""timeframe"", ""value"": ""2023-01-01 to 2025-12-31""}]}], ""duties"": [{""action"": ""upgrade_equipment"", ""party"": ""BroadcastingEquipmentManufacturer"", ""constraints"": [{""name"": ""technology"", ""value"": ""advanced video formats (e.g. HEVC) or signal transmission technologies (e.g. DVB-T2)""}]}]}, ""legal_patterns"": [{""pattern_name"": ""MemberState_Adoption_NationalRoadmap"", ""description"": ""Member States adopt national roadmaps for digital terrestrial broadcasting"", ""entities_involved"": [""MemberState"", ""DigitalBroadcastingRoadmap""]}], ""example_instances"": [{""entity"": ""DigitalBroadcastingRoadmap"", ""example_value"": ""Member States should adopt coherent national roadmaps to facilitate the use of the 700 MHz frequency band for terrestrial wireless broadband electronic communications services while ensuring continuity for the television broadcasting services that vacate the band."", ""source_context"": ""(20) Member States should adopt coherent national roadmaps to facilitate the use of the 700 MHz frequency band for terrestrial wireless broadband electronic communications services while ensuring continuity for the television broadcasting services that vacate the band.""}]}"
31,32017D0899_9,32017D0899,"{""ontology_name"": ""SpectrumEfficiencyOntology"", ""description"": ""An ontology for spectrum efficiency regulations and related actions"", ""odrl_alignment"": {""core_entities"": [""Asset"", ""Party"", ""Permission"", ""Duty"", ""Constraint""], ""extensions"": [""LegalInstrument"", ""Regulation""]}, ""classes"": [{""name"": ""SpectrumEfficiencyAsset"", ""type"": ""ODRL_core"", ""description"": ""Represents the 470-790 MHz frequency band for terrestrial systems capable of providing wireless broadband electronic communications services""}, {""name"": ""MemberState"", ""type"": ""ODRL_core"", ""description"": ""Represents a Member State""}, {""name"": ""Commission"", ""type"": ""ODRL_core"", ""description"": ""Represents the European Commission""}], ""relationships"": [{""source"": ""MemberState"", ""relation"": ""appliesTo"", ""target"": ""SpectrumEfficiencyAsset"", ""description"": ""Member States are required to allow the use of the 694-790 MHz (700 MHz) frequency band for terrestrial systems capable of providing wireless broadband electronic communications services""}, {""source"": ""Commission"", ""relation"": ""permits"", ""target"": ""MemberState"", ""description"": ""The Commission is allowed to provide guidance to a Member State on facilitating the transition in spectrum use""}, {""source"": ""Commission"", ""relation"": ""reportsTo"", ""target"": ""EuropeanParliament"", ""description"": ""The Commission is required to report to the European Parliament on developments in the use of the sub-700 MHz frequency band""}, {""source"": ""Commission"", ""relation"": ""reportsTo"", ""target"": ""Council"", ""description"": ""The Commission is required to report to the Council on developments in the use of the sub-700 MHz frequency band""}], ""rights_model"": {""permissions"": [{""action"": ""provide_guidance"", ""asset"": ""SpectrumEfficiencyAsset"", ""party"": ""Commission"", ""constraints"": [{""name"": ""delay"", ""value"": ""up to two years""}]}, {""action"": ""report_to_EuropeanParliament"", ""asset"": ""SpectrumEfficiencyAsset"", ""party"": ""Commission"", ""constraints"": [{""name"": ""reasons"", ""value"": ""duly justified reasons set out in the Annex to this Decision""}]}, {""action"": ""report_to_Council"", ""asset"": ""SpectrumEfficiencyAsset"", ""party"": ""Commission"", ""constraints"": []}], ""duties"": [{""action"": ""allow_use"", ""party"": ""MemberState"", ""constraints"": [{""name"": ""harmonised_conditions"", ""value"": ""established by the Commission pursuant to Article 4 of Decision No 676/2002/EC""}]}]}, ""legal_patterns"": [{""pattern_name"": ""SpectrumUseTransitionPattern"", ""description"": ""Pattern for the transition to more spectrum-efficient technologies"", ""entities_involved"": [""Commission"", ""MemberState"", ""SpectrumEfficiencyAsset""]}], ""example_instances"": [{""entity"": ""MemberState"", ""example_value"": ""Member States shall allow the use of the 694-790 MHz (700 MHz) frequency band for terrestrial systems capable of providing wireless broadband electronic communications services only under harmonised technical conditions established by the Commission pursuant to Article 4 of Decision No 676/2002/EC."", ""source_context"": ""(1) By 30 June 2020, Member States shall allow the use of the 694-790 MHz (700 MHz) frequency band for terrestrial systems capable of providing wireless broadband electronic communications services only under harmonised technical conditions established by the Commission pursuant to Article 4 of Decision No 676/2002/EC. Member States may, however, delay allowing the use of the 700 MHz frequency band for up to two years on the basis of one or more of the duly justified reasons set out in the Annex to this Decision.""}]}"
31,32017D0899_10,32017D0899,"{""ontology_name"": ""EUR-Lex_Spectrum_Decision_ODRL"", ""description"": ""ODRL-aligned ontology for the EUR-Lex text fragment related to the 700 MHz frequency band decision."", ""odrl_alignment"": {""core_entities"": [""Asset"", ""Party"", ""Permission"", ""Duty"", ""Constraint""], ""extensions"": [""LegalInstrument"", ""Regulation""]}, ""classes"": [{""name"": ""LegalInstrument"", ""type"": ""ODRL_core"", ""description"": ""A legal instrument that defines rights, permissions, duties, and constraints.""}], ""relationships"": [{""source"": ""LegalInstrument"", ""relation"": ""appliesTo"", ""target"": ""Asset"", ""description"": ""A legal instrument applies to an asset.""}], ""rights_model"": {""permissions"": [{""action"": ""use_700_mhz_frequency_band"", ""asset"": ""0_MHz_frequency_band"", ""party"": ""Member_State"", ""constraints"": [{""name"": ""geographical_area"", ""value"": ""geographical_areas_where_frequency_coordination_with_third_countries_remains_unresolved""}]}], ""duties"": [{""action"": ""organize_and_use_spectrum"", ""party"": ""Member_State"", ""constraints"": [{""name"": ""duration_and_geographical_scope"", ""value"": ""duration_and_geographical_scope_of_unresolved_coordination_issues""}]}]}, ""legal_patterns"": [{""pattern_name"": ""FrequencyCoordinationIssueResolution"", ""description"": ""Member States cooperate to resolve frequency coordination issues and report progress to the Commission."", ""entities_involved"": [""Member_State"", ""Commission""]}], ""example_instances"": [{""entity"": ""LegalInstrument"", ""example_value"": ""Decision on the 700 MHz frequency band"", ""source_context"": ""EUR-Lex text fragment""}]}"
31,32017D0899_11,32017D0899,"{""ontology_name"": ""Cyprus_Spectrum_Decision_Ontology"", ""description"": ""Ontology for the Cyprus Spectrum Decision, aligning with ODRL 2.2"", ""odrl_alignment"": {""core_entities"": [""Asset"", ""Party"", ""Permission"", ""Duty"", ""Constraint""], ""extensions"": [""LegalInstrument"", ""Regulation""]}, ""classes"": [{""name"": ""LegalInstrument"", ""type"": ""ODRL_core"", ""description"": ""A legal instrument that grants rights and obligations""}, {""name"": ""Regulation"", ""type"": ""ODRL_core"", ""description"": ""A legal instrument that sets out rules and obligations""}], ""relationships"": [{""source"": ""Regulation"", ""relation"": ""appliesTo"", ""target"": ""LegalInstrument""}], ""rights_model"": {""permissions"": [{""action"": ""prevent_effective_control"", ""asset"": ""Cyprus_Territory"", ""party"": ""Cyprus_Government"", ""constraints"": [{""name"": ""effective_until"", ""value"": ""1985""}]}, {""action"": ""organize_spectrum"", ""asset"": ""700_MHz_Frequency_Band"", ""party"": ""Member_States"", ""constraints"": [{""name"": ""applicable_law"", ""value"": ""applicable_Union_law""}]}, {""action"": ""transfer_or_lease_rights"", ""asset"": ""700_MHz_Frequency_Rights"", ""party"": ""Member_States"", ""constraints"": [{""name"": ""open_and_transparent_procedures"", ""value"": ""open_and_transparent_procedures""}]}, {""action"": ""authorise_or_amend_rights"", ""asset"": ""700_MHz_Frequency_Rights"", ""party"": ""Member_States"", ""constraints"": [{""name"": ""target_speed_and_quality_objectives"", ""value"": ""target_speed_and_quality_objectives""}, {""name"": ""national_priority_areas"", ""value"": ""national_priority_areas""}]}, {""action"": ""ensure_availability"", ""asset"": ""sub_700_MHz_Frequency_Band"", ""party"": ""Member_States"", ""constraints"": [{""name"": ""until_2030"", ""value"": ""2030""}]}], ""duties"": [{""action"": ""take_account"", ""party"": ""Member_States"", ""constraints"": [{""name"": ""need_to_achieve_target_speed_and_quality_objectives"", ""value"": ""need_to_achieve_target_speed_and_quality_objectives""}]}, {""action"": ""consult_stakeholders"", ""party"": ""Member_States"", ""constraints"": [{""name"": ""relevant_stakeholders"", ""value"": ""relevant_stakeholders""}]}]}, ""legal_patterns"": [{""pattern_name"": ""Control_Exclusion_Pattern"", ""description"": ""Cyprus is prevented from exercising effective control in part of its territory"", ""entities_involved"": [""Cyprus_Government"", ""Cyprus_Territory""]}, {""pattern_name"": ""Spectrum_Organization_Pattern"", ""description"": ""Member States are required to organize and use their spectrum for public order, public security, and defence"", ""entities_involved"": [""Member_States"", ""Spectrum""]}, {""pattern_name"": ""Frequency_Rights_Transfer_Pattern"", ""description"": ""Member States are required to allow the transfer or leasing of 700 MHz frequency rights"", ""entities_involved"": [""Member_States"", ""700_MHz_Frequency_Rights""]}, {""pattern_name"": ""Frequency_Rights_Authorization_Pattern"", ""description"": ""Member States are required to authorise or amend existing rights to use the 700 MHz frequency band"", ""entities_involved"": [""Member_States"", ""700_MHz_Frequency_Rights""]}, {""pattern_name"": ""Frequency_Rights_Sharing_Pattern"", ""description"": ""Member States are required to facilitate or encourage the sharing of network infrastructure or spectrum in accordance with Union law"", ""entities_involved"": [""Member_States"", ""700_MHz_Frequency_Rights""]}, {""pattern_name"": ""Frequency_Rights_Availability_Pattern"", ""description"": ""Member States are required to ensure availability of the sub-700 MHz frequency band for broadcasting services and wireless audio PMSE"", ""entities_involved"": [""Member_States"", ""sub_700_MHz_Frequency_Band""]}], ""example_instances"": [{""entity"": ""Cyprus_Territory"", ""example_value"": ""vernment of Cyprus is prevented from exercising effective control in part of its territory"", ""source_context"": ""vernment of Cyprus is prevented from exercising effective control in part of its territory.""}, {""entity"": ""700_MHz_Frequency_Rights"", ""example_value"": ""Member States shall allow the transfer or leasing of such rights in accordance with open and transparent procedures pursuant to the applicable Union law"", ""source_context"": ""Member States shall allow the transfer or leasing of such rights in accordance with open and transparent procedures pursuant to the applicable Union law.""}]}"
32,32017D0899_12,32017D0899,"{""ontology_name"": ""BroadcastingFrequencyUse"", ""description"": ""Coverage of broadcasting frequency use regulations and obligations"", ""odrl_alignment"": {""core_entities"": [""Asset"", ""Party"", ""Permission"", ""Duty"", ""Constraint""], ""extensions"": [""LegalInstrument"", ""Regulation""]}, ""classes"": [{""name"": ""BroadcastingFrequencyUse"", ""type"": ""ODRL_core"", ""description"": ""A use of the 700 MHz frequency band in accordance with EU regulations""}], ""relationships"": [{""source"": ""BroadcastingFrequencyUse"", ""relation"": ""appliesTo"", ""target"": ""MemberState"", ""description"": ""A use of the 700 MHz frequency band is applicable to a Member State""}], ""rights_model"": {""permissions"": [{""action"": ""use_700_mhz_frequency_band"", ""asset"": ""BroadcastingFrequencyUse"", ""party"": ""MemberState"", ""constraints"": [{""name"": ""effective_until"", ""value"": ""2018-06-30""}]}], ""duties"": [{""action"": ""adopt_and_make_public_national_plan"", ""party"": ""MemberState"", ""constraints"": [{""name"": ""include_information_on_measures"", ""value"": ""limit_impact_on_public_and_wpmse_use, facilitate_timely_availability_of_interoperable_television_broadcasting_network_equipment_and_receivers""}]}]}, ""legal_patterns"": [{""pattern_name"": ""NationalPlanAndScheduleAdoption"", ""description"": ""Member States adopt and make public their national plan and schedule"", ""entities_involved"": [""MemberState""]}, {""pattern_name"": ""CompensationForMigration"", ""description"": ""Member States provide compensation for the migration of spectrum use"", ""entities_involved"": [""MemberState"", ""Commission""]}], ""example_instances"": [{""entity"": ""MemberState"", ""example_value"": ""Article 5: Member States shall adopt and make public their national plan and schedule (national roadmap)"", ""source_context"": ""Article 5: As soon as possible and no later than 30 June 2018, Member States shall adopt and make public their national plan and schedule (national roadmap), including detailed steps for fulfilling their obligations under Articles 1 and 4.""}, {""entity"": ""MemberState"", ""example_value"": ""Article 6: Member States may, where appropriate and in accordance with Union law, ensure that adequate compensation for the direct cost, in particular for end users, of the migration or reallocation of spectrum use is provided promptly and in a transparent manner in order to, inter alia, facilitate transition to more spectrum-efficient technologies."", ""source_context"": ""Article 6: Member States may, where appropriate and in accordance with Union law, ensure that adequate compensation for the direct cost, in particular for end users, of the migration or reallocation of spectrum use is provided promptly and in a transparent manner in order to, inter alia, facilitate transition to more spectrum-efficient technologies.""}]}"
32,32017D0899_13,32017D0899,"{""ontology_name"": ""SpectrumUseTransition"", ""description"": ""Legal framework for the transition in spectrum use as per EU regulations"", ""odrl_alignment"": {""core_entities"": [""Asset"", ""Party"", ""Permission"", ""Duty"", ""Constraint""], ""extensions"": [""LegalInstrument"", ""Regulation""]}, ""classes"": [{""name"": ""SpectrumUseDecision"", ""type"": ""ODRL_core"", ""description"": ""A decision related to spectrum use""}], ""relationships"": [{""source"": ""SpectrumUseDecision"", ""relation"": ""appliesTo"", ""target"": ""MemberStates"", ""description"": ""The decision applies to the Member States""}], ""rights_model"": {""permissions"": [{""action"": ""calculate_import_duty"", ""asset"": ""SpectrumUseDecision"", ""party"": ""Commission"", ""constraints"": [{""name"": ""effective_until"", ""value"": ""2017-05-20""}]}], ""duties"": [{""action"": ""address"", ""party"": ""MemberStates"", ""constraints"": []}]}, ""legal_patterns"": [{""pattern_name"": ""SpectrumUseDecisionPattern"", ""description"": ""Pattern for spectrum use decisions"", ""entities_involved"": [""SpectrumUseDecision"", ""MemberStates""]}], ""example_instances"": [{""entity"": ""SpectrumUseDecision"", ""example_value"": ""Article 7 The Commission shall, in cooperation with the Member States, report to the European Parliament and to the Council on developments in the use of the sub-700 MHz frequency band, with a view to ensuring efficient use of spectrum, pursuant to the applicable Union law."", ""source_context"": ""Article 7""}, {""entity"": ""MemberStates"", ""example_value"": ""Article 9 This Decision is addressed to the Member States."", ""source_context"": ""Article 9""}]}"
32,32017D0899_14,32017D0899,"{""ontology_name"": ""Electronic_Communications_Directive_2002"", ""description"": ""Legal framework for electronic communications networks and services as per the Authorisation Directive 2002/2002/EC"", ""odrl_alignment"": {""core_entities"": [""Asset"", ""Party"", ""Permission"", ""Duty"", ""Constraint""], ""extensions"": [""LegalInstrument"", ""Regulation""]}, ""classes"": [{""name"": ""ElectronicCommunicationNetwork"", ""type"": ""ODRL_core"", ""description"": ""Electronic communication network subject to the directive""}, {""name"": ""ElectronicCommunicationService"", ""type"": ""ODRL_core"", ""description"": ""Electronic communication service subject to the directive""}, {""name"": ""ElectronicCommunicationNetworkOperator"", ""type"": ""ODRL_core"", ""description"": ""Party that operates an electronic communication network""}, {""name"": ""ElectronicCommunicationServiceProvider"", ""type"": ""ODRL_core"", ""description"": ""Party that provides an electronic communication service""}], ""relationships"": [{""source"": ""ElectronicCommunicationNetworkOperator"", ""relation"": ""appliesTo"", ""target"": ""ElectronicCommunicationNetwork"", ""description"": ""Electronic Communication Network Operator applies to Electronic Communication Network""}, {""source"": ""ElectronicCommunicationServiceProvider"", ""relation"": ""appliesTo"", ""target"": ""ElectronicCommunicationService"", ""description"": ""Electronic Communication Service Provider applies to Electronic Communication Service""}], ""rights_model"": {""permissions"": [{""action"": ""use_700_mhz_band"", ""asset"": ""ElectronicCommunicationNetwork"", ""party"": ""ElectronicCommunicationNetworkOperator"", ""constraints"": [{""name"": ""cross_border_issues"", ""value"": ""resolved""}, {""name"": ""technical_migration"", ""value"": ""completed""}, {""name"": ""financial_costs"", ""value"": ""within_budget""}]}], ""duties"": [{""action"": ""ensure_cross_border_coordination"", ""party"": ""ElectronicCommunicationNetworkOperator"", ""constraints"": [{""name"": ""cross_border_issues"", ""value"": ""resolved""}]}, {""action"": ""ensure_technical_migration"", ""party"": ""ElectronicCommunicationNetworkOperator"", ""constraints"": [{""name"": ""technical_migration"", ""value"": ""completed""}]}, {""action"": ""ensure_financial_procedures"", ""party"": ""ElectronicCommunicationNetworkOperator"", ""constraints"": [{""name"": ""financial_costs"", ""value"": ""within_budget""}]}]}, ""legal_patterns"": [{""pattern_name"": ""CrossBorderCoordinationIssues"", ""description"": ""Issues related to cross-border coordination"", ""entities_involved"": [""ElectronicCommunicationNetworkOperator""]}, {""pattern_name"": ""TechnicalMigration"", ""description"": ""Ensuring technical migration of population to advanced broadcasting standards"", ""entities_involved"": [""ElectronicCommunicationNetworkOperator""]}, {""pattern_name"": ""FinancialProcedures"", ""description"": ""Financial procedures related to award procedures"", ""entities_involved"": [""ElectronicCommunicationNetworkOperator""]}], ""example_instances"": [{""entity"": ""ElectronicCommunicationNetworkOperator"", ""example_value"": ""Electronic Communication Network Operator of XYZ Company"", ""source_context"": ""Article 1(1) of the Authorisation Directive 2002/2002/EC""}]}"
32,32017D0864_0,32017D0864,"{""ontology_name"": ""CulturalHeritage2017"", ""description"": ""Legal framework for the European Year of Cultural Heritage 2018"", ""odrl_alignment"": {""core_entities"": [""Asset"", ""Party"", ""Permission"", ""Duty"", ""Constraint""], ""extensions"": [""LegalInstrument"", ""Regulation""]}, ""classes"": [{""name"": ""Decision"", ""type"": ""ODRL_core"", ""description"": ""A decision made by the European Parliament and Council""}], ""relationships"": [{""source"": ""Decision"", ""relation"": ""appliesTo"", ""target"": ""CulturalHeritage2018""}], ""rights_model"": {""permissions"": [{""action"": ""calculate_import_duty"", ""asset"": ""CulturalHeritage2018"", ""party"": ""EuropeanParliamentAndCouncil"", ""constraints"": [{""name"": ""valid_until"", ""value"": ""2018-12-31""}]}], ""duties"": [{""action"": ""ensure_cultural_heritage_safeguarded"", ""party"": ""EuropeanParliamentAndCouncil"", ""constraints"": [{""name"": ""safeguarded_until"", ""value"": ""2018-12-31""}]}]}, ""legal_patterns"": [{""pattern_name"": ""CulturalHeritageAction"", ""description"": ""Action to safeguard and enhance cultural heritage"", ""entities_involved"": [""EuropeanParliamentAndCouncil"", ""CulturalHeritage2018""]}], ""example_instances"": [{""entity"": ""CulturalHeritage2018"", ""example_value"": ""DECISION (EU) 2017/864 OF THE EUROPEAN PARLIAMENT AND OF THE COUNCIL of 17 May 2017 on a European Year of Cultural Heritage (2018)"", ""source_context"": ""THE EUROPEAN PARLIAMENT AND THE COUNCIL OF THE EUROPEAN UNION, Having regard to the Treaty on the Functioning of the European Union, and in particular Article 167 thereof, Having regard to the proposal from the European Commission, After transmission of the draft legislative act to the national parliaments, Having regard to the opinion of the Committee of the Regions (1), Acting in accordance with the ordinary legislative procedure (2), Whereas:""}]}"
32,32017D0864_1,32017D0864,"{""ontology_name"": ""CulturalHeritageManagement"", ""description"": ""Legal framework for the conservation and safeguarding of cultural heritage"", ""odrl_alignment"": {""core_entities"": [""Asset"", ""Party"", ""Permission"", ""Duty"", ""Constraint""], ""extensions"": [""LegalInstrument"", ""Regulation""]}, ""classes"": [{""name"": ""CulturalHeritageManagement"", ""type"": ""ODRL_core"", ""description"": ""Legal framework for the conservation and safeguarding of cultural heritage""}], ""relationships"": [{""source"": ""CulturalHeritageManagement"", ""relation"": ""appliesTo"", ""target"": ""CulturalHeritage"", ""description"": ""Cultural Heritage Management applies to Cultural Heritage""}], ""rights_model"": {""permissions"": [{""action"": ""calculate_import_duty"", ""asset"": ""CulturalHeritage"", ""party"": ""CulturalHeritageManagementAuthority"", ""constraints"": [{""name"": ""valid_until"", ""value"": ""21 May 2014""}]}], ""duties"": [{""action"": ""preserve_cultural_heritage"", ""party"": ""CulturalHeritageManagementAuthority"", ""constraints"": [{""name"": ""geographical_scope"", ""value"": ""all forms and aspects of cultural heritage""}]}]}, ""legal_patterns"": [{""pattern_name"": ""CulturalHeritageManagementPattern"", ""description"": ""Cultural Heritage Management applies to all forms and aspects of cultural heritage"", ""entities_involved"": [""CulturalHeritageManagementAuthority"", ""CulturalHeritage""]}], ""example_instances"": [{""entity"": ""CulturalHeritageManagementAuthority"", ""example_value"": ""Council of the European Union"", ""source_context"": ""The Council, in its conclusions of 21 May 2014, stated that cultural heritage encompasses a broad spectrum of resources inherited from the past in all forms and aspects  tangible, intangible and digital (born digital and digitised), including monuments, sites, landscapes, skills, practices, knowledge and expressions of human creativity, as well as collections conserved and managed by public and private bodies such as museums, libraries and archives.""}]}"
33,32017D0864_2,32017D0864,"{""ontology_name"": ""CulturalHeritageRights"", ""description"": ""Legal rights and obligations related to cultural heritage"", ""odrl_alignment"": {""core_entities"": [""Asset"", ""Party"", ""Permission"", ""Duty"", ""Constraint""], ""extensions"": [""LegalInstrument"", ""Regulation""]}, ""classes"": [{""name"": ""CulturalHeritageAsset"", ""type"": ""ODRL_core"", ""description"": ""Represents cultural heritage assets such as museums, libraries, archives, films, and monuments.""}, {""name"": ""CulturalHeritageParty"", ""type"": ""ODRL_core"", ""description"": ""Represents parties involved in cultural heritage, including public and private bodies, individuals, and organizations.""}], ""relationships"": [{""source"": ""CulturalHeritageParty"", ""relation"": ""appliesTo"", ""target"": ""CulturalHeritageAsset"", ""description"": ""A party applies to an asset, such as a museum or library.""}], ""rights_model"": {""permissions"": [{""action"": ""use_cultural_asset"", ""asset"": ""CulturalHeritageAsset"", ""party"": ""CulturalHeritageParty"", ""constraints"": [{""name"": ""accessibility"", ""value"": ""accessible for persons with disabilities, elderly people, and those with reduced mobility or other types of temporary impairments""}]}], ""duties"": [{""action"": ""promote_cultural_expression"", ""party"": ""CulturalHeritageParty"", ""constraints"": []}]}, ""legal_patterns"": [{""pattern_name"": ""CulturalHeritagePromotion"", ""description"": ""Promoting cultural heritage through educational and public-awareness programs."", ""entities_involved"": [""CulturalHeritageParty"", ""CulturalHeritageAsset""]}, {""pattern_name"": ""CulturalHeritageAccessibility"", ""description"": ""Ensuring accessibility of cultural heritage sites for persons with disabilities, elderly people, and those with reduced mobility or other types of temporary impairments."", ""entities_involved"": [""CulturalHeritageParty"", ""CulturalHeritageAsset""]}], ""example_instances"": [{""entity"": ""CulturalHeritageParty"", ""example_value"": ""The European Union and its Member States"", ""source_context"": ""The text mentions the Union and the Member States are party to the 2005 Unesco Convention on the Protection and Promotion of the Diversity of Cultural Expressions.""}, {""entity"": ""CulturalHeritageAsset"", ""example_value"": ""The European Heritage Label sites"", ""source_context"": ""The text mentions sites that have been awarded the European Heritage Label have a strong European dimension.""}]}"
33,32017D0864_3,32017D0864,"{""ontology_name"": ""CulturalHeritageAccessControl"", ""description"": ""An ontology for defining access controls for cultural heritage sites and initiatives"", ""odrl_alignment"": {""core_entities"": [""Asset"", ""Party"", ""Permission"", ""Duty"", ""Constraint""], ""extensions"": [""LegalInstrument"", ""Regulation""]}, ""classes"": [{""name"": ""CulturalHeritageSite"", ""type"": ""ODRL_core"", ""description"": ""A cultural heritage site that has been awarded the European Heritage Label""}, {""name"": ""CulturalHeritagePolicy"", ""type"": ""ODRL_core"", ""description"": ""A policy that attributes equal dignity to all forms of cultural heritage""}], ""relationships"": [{""source"": ""CulturalHeritageSite"", ""relation"": ""appliesTo"", ""target"": ""CulturalHeritagePolicy""}], ""rights_model"": {""permissions"": [{""action"": ""use_cultural_heritage_site"", ""asset"": ""CulturalHeritageSite"", ""party"": ""CulturalHeritagePolicy"", ""constraints"": [{""name"": ""valid_until"", ""value"": ""1985""}]}], ""duties"": [{""action"": ""maintain_cultural_heritage_site"", ""party"": ""CulturalHeritagePolicy"", ""constraints"": []}]}, ""legal_patterns"": [{""pattern_name"": ""CulturalHeritageAccessAndMaintenance"", ""description"": ""A pattern where policies for the maintenance and use of cultural heritage sites are defined"", ""entities_involved"": [""CulturalHeritageSite"", ""CulturalHeritagePolicy""]}], ""example_instances"": [{""entity"": ""CulturalHeritageSite"", ""example_value"": ""Awarded the European Heritage Label"", ""source_context"": ""The text mentions that sites that have been awarded the European Heritage Label have a strong European dimension.""}, {""entity"": ""CulturalHeritagePolicy"", ""example_value"": ""New participatory and intercultural approaches to heritage policies and educational initiatives"", ""source_context"": ""The text mentions that new participatory and intercultural approaches to heritage policies and educational initiatives have the potential to increase trust, mutual recognition and social cohesion.""}]}"
33,32017D0864_4,32017D0864,"{""ontology_name"": ""CulturalHeritageRights"", ""description"": ""Legal rights and obligations related to cultural heritage"", ""odrl_alignment"": {""core_entities"": [""Asset"", ""Party"", ""Permission"", ""Duty"", ""Constraint""], ""extensions"": [""LegalInstrument"", ""Regulation""]}, ""classes"": [{""name"": ""CulturalHeritageAsset"", ""type"": ""ODRL_core"", ""description"": ""A cultural heritage asset, such as a place, building, product, or service""}, {""name"": ""CulturalHeritageParty"", ""type"": ""ODRL_core"", ""description"": ""An individual, organization, or authority involved in cultural heritage, such as a public authority, the cultural heritage sector, private actors, or civil society organizations""}], ""relationships"": [{""source"": ""CulturalHeritageParty"", ""relation"": ""appliesTo"", ""target"": ""CulturalHeritageAsset"", ""description"": ""A party is involved with a cultural heritage asset""}], ""rights_model"": {""permissions"": [{""action"": ""use_cultural_heritage_asset"", ""asset"": ""CulturalHeritageAsset"", ""party"": ""CulturalHeritageParty"", ""constraints"": [{""name"": ""geographical"", ""value"": ""worldwide""}]}], ""duties"": [{""action"": ""enhance_cultural_heritage"", ""party"": ""CulturalHeritageParty"", ""constraints"": [{""name"": ""historical_significance"", ""value"": ""significant_events""}]}]}, ""legal_patterns"": [{""pattern_name"": ""GovernanceAndCooperation"", ""description"": ""Participatory governance and cross-sectoral cooperation in cultural heritage management"", ""entities_involved"": [""PublicAuthorities"", ""CulturalHeritageSector"", ""PrivateActors"", ""CivilSocietyOrganizations""]}], ""example_instances"": [{""entity"": ""CulturalHeritageAsset"", ""example_value"": ""places, buildings, products and services"", ""source_context"": ""ces and by increasing accessibility to places, buildings, products and services, taking into account special needs and the implications of demographic change.""}, {""entity"": ""CulturalHeritageParty"", ""example_value"": ""public authorities, the cultural heritage sector, private actors and civil society organizations, such as NGOs and organisations in the voluntary sector"", ""source_context"": ""In addition, in its conclusions of 25 November 2014, the Council invited the Commission to consider presenting a proposal for a European Year of Cultural Heritage. Such governance and cooperation involve all stakeholders, including public authorities, the cultural heritage sector, private actors and civil society organizations, such as NGOs and organisations in the voluntary sector.""}]}"
33,32017D0864_5,32017D0864,"{""ontology_name"": ""CulturalHeritageYear2018"", ""description"": ""Legal framework for the European Year of Cultural Heritage 2018"", ""odrl_alignment"": {""core_entities"": [""Asset"", ""Party"", ""Permission"", ""Duty"", ""Constraint""], ""extensions"": [""LegalInstrument"", ""Regulation""]}, ""classes"": [{""name"": ""CulturalHeritageYear2018"", ""type"": ""ODRL_core"", ""description"": ""Legal framework for the European Year of Cultural Heritage 2018""}], ""relationships"": [{""source"": ""CulturalHeritageYear2018"", ""relation"": ""appliesTo"", ""target"": ""CulturalHeritage"", ""description"": ""The CulturalHeritageYear2018 applies to the CulturalHeritage field""}], ""rights_model"": {""permissions"": [{""action"": ""calculate_import_duty"", ""asset"": ""CulturalHeritage"", ""party"": ""MemberStates"", ""constraints"": [{""name"": ""spatial"", ""value"": ""Union, national, regional and local levels""}]}], ""duties"": [{""action"": ""provide_timely_information"", ""party"": ""Commission"", ""constraints"": [{""name"": ""spatial"", ""value"": ""Union, national, regional and local levels""}]}]}, ""legal_patterns"": [{""pattern_name"": ""CulturalHeritagePromotion"", ""description"": ""Promotion of the value of cultural heritage in external relations"", ""entities_involved"": [""CulturalHeritage"", ""MemberStates"", ""EuropeanParliament"", ""Council"", ""Commission"", ""CommitteeOfTheRegions""]}], ""example_instances"": [{""entity"": ""CulturalHeritage"", ""example_value"": ""Declaring a European Year of Cultural Heritage is an effective way of raising public awareness, disseminating information on good practices, promoting policy debate, research and innovation and improving the collection and analysis of qualitative evidence and quantitative data, including statistics, on the social and economic impact of cultural heritage."", ""source_context"": ""Declaring a European Year of Cultural Heritage is an effective way of raising public awareness, disseminating information on good practices, promoting policy debate, research and innovation and improving the collection and analysis of qualitative evidence and quantitative data, including statistics, on the social and economic impact of cultural heritage.""}]}"
33,32017D0864_6,32017D0864,"{""ontology_name"": ""CulturalHeritageProtection"", ""description"": ""Legal framework for the protection and promotion of cultural heritage within the EU"", ""odrl_alignment"": {""core_entities"": [""Asset"", ""Party"", ""Permission"", ""Duty"", ""Constraint""], ""extensions"": [""LegalInstrument"", ""Regulation""]}, ""classes"": [{""name"": ""CulturalHeritageAction"", ""type"": ""ODRL_core"", ""description"": ""A legal action related to the protection and promotion of cultural heritage""}], ""relationships"": [{""source"": ""CulturalHeritageAction"", ""relation"": ""appliesTo"", ""target"": ""CulturalHeritageAsset""}], ""rights_model"": {""permissions"": [{""action"": ""protect_cultural_treasure"", ""asset"": ""CulturalHeritageAsset"", ""party"": ""EU_RightsHolder"", ""constraints"": [{""name"": ""valid_until"", ""value"": ""1985""}]}], ""duties"": [{""action"": ""promote_cultural_treasure"", ""party"": ""EU_RightsHolder"", ""constraints"": []}]}, ""legal_patterns"": [{""pattern_name"": ""CulturalHeritagePromotion"", ""description"": ""Promotion of cultural heritage through EU initiatives and programs"", ""entities_involved"": [""EU_RightsHolder"", ""CulturalHeritageAsset""]}], ""example_instances"": [{""entity"": ""CulturalHeritageAsset"", ""example_value"": ""Cultural treasures in conflict zones"", ""source_context"": ""truction of cultural treasures in conflict zones, as highlighted by the High Representative of the Union for Foreign Affairs and Security Policy and the Commission in their joint communication of 8 June 2016 entitled Towards an EU strategy for international cultural relations.""}]}"
34,32017D0864_7,32017D0864,"{""ontology_name"": ""CulturalHeritageProtection"", ""description"": ""Legal framework for the European Year of Cultural Heritage"", ""odrl_alignment"": {""core_entities"": [""Asset"", ""Party"", ""Permission"", ""Duty"", ""Constraint""], ""extensions"": [""LegalInstrument"", ""Regulation""]}, ""classes"": [{""name"": ""CulturalHeritageProtection"", ""type"": ""ODRL_core"", ""description"": ""Legal framework for the European Year of Cultural Heritage""}], ""relationships"": [{""source"": ""CulturalHeritageProtection"", ""relation"": ""appliesTo"", ""target"": ""CulturalHeritageProtection""}], ""rights_model"": {""permissions"": [{""action"": ""calculate_import_duty"", ""asset"": ""CulturalHeritageAssets"", ""party"": ""CulturalHeritageRightsHolder"", ""constraints"": [{""name"": ""spatial"", ""value"": ""Europe""}]}], ""duties"": [{""action"": ""protect_financial_interests"", ""party"": ""Union"", ""constraints"": [{""name"": ""proportionate_measures"", ""value"": ""throughout the expenditure cycle""}]}]}, ""legal_patterns"": [{""pattern_name"": ""SupportNationalContributions"", ""description"": ""Supporting national contributions through flexible funding mechanisms"", ""entities_involved"": [""NationalContributions"", ""FlexibleFundingMechanisms""]}, {""pattern_name"": ""ProtectFinancialInterests"", ""description"": ""Protecting financial interests through measures"", ""entities_involved"": [""FinancialInterests"", ""Measures""]}], ""example_instances"": [{""entity"": ""NationalContributions"", ""example_value"": ""National contributions additional to co-financing at Union level, including through flexible funding mechanisms such as public-private partnerships or crowd-funding"", ""source_context"": ""(24) National contributions additional to co-financing at Union level, including through flexible funding mechanisms such as public-private partnerships or crowd-funding, can be considered in order to support the objectives of the European Year of Cultural Heritage.""}]}"
34,32017D0864_8,32017D0864,"{""ontology_name"": ""EU_Cultural_Heritage_Decision_Ontology"", ""description"": ""An ontology for the EU Decision on the European Year of Cultural Heritage, aligned with ODRL principles."", ""odrl_alignment"": {""core_entities"": [""Asset"", ""Party"", ""Permission"", ""Duty"", ""Constraint""], ""extensions"": [""LegalInstrument"", ""Regulation""]}, ""classes"": [{""name"": ""Decision"", ""type"": ""ODRL_core"", ""description"": ""A decision made by the Union, specifying the European Year of Cultural Heritage.""}, {""name"": ""Party"", ""type"": ""ODRL_core"", ""description"": ""An individual, organization, or authority involved in the decision.""}, {""name"": ""Asset"", ""type"": ""ODRL_core"", ""description"": ""The subject, document, product, or legal resource.""}], ""relationships"": [{""source"": ""Decision"", ""relation"": ""appliesTo"", ""target"": ""Asset"", ""description"": ""The Decision applies to the Asset (the European Year of Cultural Heritage).""}, {""source"": ""Party"", ""relation"": ""responsibleFor"", ""target"": ""Decision"", ""description"": ""A Party is responsible for the Decision.""}], ""rights_model"": {""permissions"": [{""action"": ""designate_year_as_cultural_year"", ""asset"": ""EuropeanYear"", ""party"": ""Union"", ""constraints"": [{""name"": ""effectiveUntil"", ""value"": ""2018""}]}], ""duties"": [{""action"": ""promote_cultural_heritage"", ""party"": ""Union"", ""constraints"": [{""name"": ""responsibleFor"", ""value"": ""efforts of the Union, the Member States and regional and local authorities""}]}]}, ""legal_patterns"": [{""pattern_name"": ""DesignateYearPattern"", ""description"": ""The Union designates a year as the European Year of Cultural Heritage."", ""entities_involved"": [""Union"", ""EuropeanYear""]}, {""pattern_name"": ""PromoteCulturalHeritagePattern"", ""description"": ""The Union promotes the efforts to protect, safeguard, reuse, enhance, valorise and promote Europe's cultural heritage."", ""entities_involved"": [""Union"", ""Efforts""]}], ""example_instances"": [{""entity"": ""Decision"", ""example_value"": ""Article 1 of the Decision"", ""source_context"": ""Article 1: The year 2018 shall be designated as the European Year of Cultural Heritage (European Year).""}]}"
34,32017D0864_9,32017D0864,"{""ontology_name"": ""CulturalHeritageYear2023"", ""description"": ""Legal framework for the European Year on Cultural Heritage 2023"", ""odrl_alignment"": {""core_entities"": [""Asset"", ""Party"", ""Permission"", ""Duty"", ""Constraint""], ""extensions"": [""LegalInstrument"", ""Regulation""]}, ""classes"": [{""name"": ""CulturalHeritageYear2023"", ""type"": ""ODRL_core"", ""description"": ""Legal framework for the European Year on Cultural Heritage 2023""}], ""relationships"": [{""source"": ""CulturalHeritageYear2023"", ""relation"": ""appliesTo"", ""target"": ""SmallAndMediumSizeEnterprises"", ""description"": ""The European Year applies to small and medium-sized enterprises in the cultural and creative sectors""}], ""rights_model"": {""permissions"": [{""action"": ""promote_cultural_heritage"", ""asset"": ""CulturalHeritage"", ""party"": ""CulturalHeritageYear2023"", ""constraints"": [{""name"": ""valid_until"", ""value"": ""2023-12-31""}]}], ""duties"": [{""action"": ""highlight_contribution"", ""party"": ""CulturalHeritageYear2023"", ""constraints"": [{""name"": ""accessibility"", ""value"": ""all""}]}]}, ""legal_patterns"": [{""pattern_name"": ""PromoteCulturalHeritage"", ""description"": ""Promote cultural heritage through people-centred, inclusive, forward-looking, more integrated, sustainable and cross-sectoral approaches"", ""entities_involved"": [""CulturalHeritageYear2023"", ""CulturalHeritage"", ""PublicAuthorities"", ""CulturalHeritageSector"", ""PrivateActors"", ""CivilSocietyOrganisations""]}, {""pattern_name"": ""HighlightContribution"", ""description"": ""Highlight the positive contribution of cultural heritage to society and the economy"", ""entities_involved"": [""CulturalHeritageYear2023"", ""CulturalHeritage"", ""ResearchAndInnovation"", ""SpecialisedSkills"", ""KnowledgeManagement""]}], ""example_instances"": [{""entity"": ""CulturalHeritageYear2023"", ""example_value"": ""Article 2 of the text"", ""source_context"": ""The specific objectives of the European Year shall be to: (a) encourage approaches to cultural heritage that are people-centred, inclusive, forward-looking, more integrated, sustainable and cross-sectoral;""}]}"
34,32017D0864_10,32017D0864,"{""ontology_name"": ""CulturalHeritageActions"", ""description"": ""Representation of actions related to cultural heritage within the European Year framework"", ""odrl_alignment"": {""core_entities"": [""Asset"", ""Party"", ""Permission"", ""Duty"", ""Constraint""], ""extensions"": []}, ""classes"": [{""name"": ""CulturalHeritageAction"", ""type"": ""ODRL_core"", ""description"": ""A specific action related to cultural heritage""}], ""relationships"": [{""source"": ""CulturalHeritageAction"", ""relation"": ""appliesTo"", ""target"": ""CulturalHeritageEvent"", ""description"": ""A CulturalHeritageAction applies to a CulturalHeritageEvent""}], ""rights_model"": {""permissions"": [{""action"": ""promote_debate_and_raise_awareness"", ""asset"": ""CulturalHeritageEvent"", ""party"": ""Citizen"", ""constraints"": [{""name"": ""target_group"", ""value"": ""children, young and elderly people, local communities and hard-to-reach groups""}]}], ""duties"": [{""action"": ""highlight_symbolic_events"", ""party"": ""Union"", ""constraints"": [{""name"": ""year"", ""value"": ""2018""}]}]}, ""legal_patterns"": [{""pattern_name"": ""PromotionOfCulturalHeritage"", ""description"": ""Promotion of cultural heritage through various activities and events"", ""entities_involved"": [""CulturalHeritageEvent"", ""Citizen"", ""Union""]}], ""example_instances"": [{""entity"": ""CulturalHeritageEvent"", ""example_value"": ""Article 3 Content of measures (a) initiatives and events to promote debate and raise awareness of the importance and value of cultural heritage and to facilitate engagement with citizens and stakeholders"", ""source_context"": ""Article 3 Content of measures (a) initiatives and events to promote debate and raise awareness of the importance and value of cultural heritage and to facilitate engagement with citizens and stakeholders""}]}"
34,32017D0864_11,32017D0864,"{""ontology_name"": ""European_Year_2023"", ""description"": ""Legal rights and obligations related to the European Year 2023"", ""odrl_alignment"": {""core_entities"": [""Asset"", ""Party"", ""Permission"", ""Duty"", ""Constraint""], ""extensions"": [""LegalInstrument"", ""Regulation""]}, ""classes"": [{""name"": ""EuropeanYear2023"", ""type"": ""ODRL_core"", ""description"": ""Legal instrument related to the European Year 2023""}], ""relationships"": [{""source"": ""EuropeanYear2023"", ""relation"": ""appliesTo"", ""target"": ""Party"", ""description"": ""The European Year 2023 applies to Parties (e.g., Member States, national coordinators)""}], ""rights_model"": {""permissions"": [{""action"": ""promote_activities"", ""asset"": ""EuropeanYear2023"", ""party"": ""MemberState"", ""constraints"": [{""name"": ""effective_until"", ""value"": ""2023""}]}], ""duties"": [{""action"": ""coordinate_activities"", ""party"": ""NationalCoordinator"", ""constraints"": [{""name"": ""coordinate_at_national_level"", ""value"": ""true""}]}]}, ""legal_patterns"": [{""pattern_name"": ""PromotionAndCoordinationPattern"", ""description"": ""Pattern for promoting and coordinating activities related to the European Year 2023"", ""entities_involved"": [""EuropeanYear2023"", ""MemberState"", ""NationalCoordinator""]}], ""example_instances"": [{""entity"": ""EuropeanYear2023"", ""example_value"": ""Article 2. The Commission and the Member States, at Union and national level respectively, may identify activities other than those referred to in paragraph 1, provided that they contribute to achieving the objectives of the European Year set out in Article 2."", ""source_context"": ""The Commission and the Member States, at Union and national level respectively, may identify activities other than those referred to in paragraph 1, provided that they contribute to achieving the objectives of the European Year set out in Article 2.""}]}"
35,32017D0864_12,32017D0864,"{""ontology_name"": ""European_Year_Coordination_Ontology"", ""description"": ""Ontology for the European Year Coordination and related activities"", ""odrl_alignment"": {""core_entities"": [""Asset"", ""Party"", ""Permission"", ""Duty"", ""Constraint""], ""extensions"": [""LegalInstrument"", ""Regulation""]}, ""classes"": [{""name"": ""European_Year_Coordination"", ""type"": ""ODRL_core"", ""description"": ""A coordination activity related to the European Year""}], ""relationships"": [{""source"": ""European_Year_Coordination"", ""relation"": ""appliesTo"", ""target"": ""National_Coordinators"", ""description"": ""National coordinators are involved in the coordination activities""}, {""source"": ""European_Year_Coordination"", ""relation"": ""appliesTo"", ""target"": ""European_Year_Participants"", ""description"": ""Participants are involved in the coordination activities""}], ""rights_model"": {""permissions"": [{""action"": ""convene_meetings"", ""asset"": ""European_Year_Coordination"", ""party"": ""National_Coordinators"", ""constraints"": [{""name"": ""meeting_frequency"", ""value"": ""regularly""}]}, {""action"": ""exchange_information"", ""asset"": ""European_Year_Coordination"", ""party"": ""National_Coordinators"", ""constraints"": [{""name"": ""information_exchange"", ""value"": ""at national and Union level""}]}], ""duties"": [{""action"": ""implement_actions"", ""party"": ""National_Coordinators"", ""constraints"": [{""name"": ""financial_protection"", ""value"": ""by the application of preventive measures against fraud, corruption and any other illegal activities""}]}]}, ""legal_patterns"": [{""pattern_name"": ""Coordination_and_Participation"", ""description"": ""Coordination activities and participation of stakeholders"", ""entities_involved"": [""National_Coordinators"", ""European_Year_Participants""]}], ""example_instances"": [{""entity"": ""National_Coordinators"", ""example_value"": ""Article 5 Coordination at Union level"", ""source_context"": ""on of relevant activities at national level. Article 5 Coordination at Union level 1. The Commission shall regularly convene meetings of the national coordinators in order to coordinate the running of the European Year. Those meetings shall also serve as opportunities to exchange information regarding the implementation of the European Year at national and Union level;""}]}"
35,32017D0864_13,32017D0864,"{""ontology_name"": ""EU_Financial_Penalties_Audits"", ""description"": ""Legal framework for financial penalties, audits, and investigations related to EU funds"", ""odrl_alignment"": {""core_entities"": [""Asset"", ""Party"", ""Permission"", ""Duty"", ""Constraint""], ""extensions"": [""LegalInstrument"", ""Regulation""]}, ""classes"": [{""name"": ""AuditPermission"", ""type"": ""ODRL_core"", ""description"": ""Permission for the Commission, its representatives, and the Court of Auditors to conduct audits and inspections""}, {""name"": ""InvestigationPermission"", ""type"": ""ODRL_core"", ""description"": ""Permission for OLAF to conduct investigations, including on-the-spot checks and inspections""}, {""name"": ""CooperationAgreementDuty"", ""type"": ""ODRL_core"", ""description"": ""Duty for cooperation agreements to contain provisions empowering the Commission, the Court of Auditors, and OLAF to conduct audits and investigations""}], ""relationships"": [{""source"": ""AuditPermission"", ""relation"": ""appliesTo"", ""target"": ""GrantBeneficiary""}, {""source"": ""InvestigationPermission"", ""relation"": ""appliesTo"", ""target"": ""GrantBeneficiary""}, {""source"": ""CooperationAgreementDuty"", ""relation"": ""appliesTo"", ""target"": ""CooperationAgreement""}], ""rights_model"": {""permissions"": [{""action"": ""conduct_audit"", ""asset"": ""GrantBeneficiary"", ""party"": ""Commission, Court of Auditors, OLAF"", ""constraints"": [{""name"": ""audit_scope"", ""value"": ""all grant beneficiaries, contractors and subcontractors that have received Union funds under this Decision""}]}, {""action"": ""conduct_inspection"", ""asset"": ""GrantBeneficiary"", ""party"": ""Commission, Court of Auditors, OLAF"", ""constraints"": [{""name"": ""audit_scope"", ""value"": ""all grant beneficiaries, contractors and subcontractors that have received Union funds under this Decision""}]}], ""duties"": [{""action"": ""include_provisions"", ""party"": ""CooperationAgreement"", ""constraints"": [{""name"": ""empowerment"", ""value"": ""Commission, Court of Auditors, OLAF to conduct audits and investigations, in accordance with their respective competences""}]}]}, ""legal_patterns"": [{""pattern_name"": ""AuditAndInvestigationPermission"", ""description"": ""Permission for the Commission, its representatives, and the Court of Auditors to conduct audits and investigations"", ""entities_involved"": [""AuditPermission"", ""InvestigationPermission""]}, {""pattern_name"": ""CooperationAgreementDuty"", ""description"": ""Duty for cooperation agreements to contain provisions empowering the Commission, the Court of Auditors, and OLAF to conduct audits and investigations"", ""entities_involved"": [""CooperationAgreementDuty""]}], ""example_instances"": [{""entity"": ""AuditPermission"", ""example_value"": ""conduct_audit(GrantBeneficiary)"", ""source_context"": ""The Commission or its representatives and the Court of Auditors shall have the power of audit, on the basis of documents and of on-the-spot checks and inspections, over all grant beneficiaries, contractors and subcontractors that have received Union funds under this Decision.""}, {""entity"": ""InvestigationPermission"", ""example_value"": ""conduct_inspection(GrantBeneficiary)"", ""source_context"": ""The European Anti-Fraud Office (OLAF) may carry out investigations, including on-the-spot checks and inspections, in accordance with the provisions and procedures laid down in Regulation (EU, Euratom) No 883/2013 of the European Parliament and of the Council (9) and Council Regulation (Euratom, EC) No 2185/96 (10) and with a view to establishing whether there has been fraud, corruption or any other illegal activity affecting the financial interests of the Union in connection with a grant agreement or grant decision or a contract funded under this Decision.""}, {""entity"": ""CooperationAgreementDuty"", ""example_value"": ""include_provisions(CooperationAgreement)"", ""source_context"": ""Without prejudice to paragraphs 1, 2 and 3, cooperation agreements with third countries and with international organisations, contracts, grant agreements and grant decisions resulting from the implementation of this Decision shall contain provisions expressly empowering the Commission, the Court of Auditors and OLAF to conduct such audits and investigations, in accordance with their respective competences.""}]}"
35,32017D0864_14,32017D0864,"{""ontology_name"": ""Cultural_Heritage_Decision_Ontology"", ""description"": ""An ontology for the Decision on cultural heritage initiatives, aligning with ODRL principles."", ""odrl_alignment"": {""core_entities"": [""Asset"", ""Party"", ""Permission"", ""Duty"", ""Constraint""], ""extensions"": [""LegalInstrument"", ""Regulation""]}, ""classes"": [{""name"": ""Decision"", ""type"": ""ODRL_core"", ""description"": ""A decision document that grants permissions and/or imposes duties.""}], ""relationships"": [{""source"": ""Decision"", ""relation"": ""appliesTo"", ""target"": ""Party"", ""description"": ""A Decision applies to a Party (e.g., the European Parliament, the Council, etc.).""}], ""rights_model"": {""permissions"": [{""action"": ""use_decision"", ""asset"": ""Decision"", ""party"": ""European Parliament"", ""constraints"": [{""name"": ""validity_period"", ""value"": ""2017-01-01 to 2018-12-31""}]}, {""action"": ""apply_authorisation"", ""asset"": ""Decision"", ""party"": ""European Parliament"", ""constraints"": [{""name"": ""multiannual_financial_framework"", ""value"": ""multiannual financial framework""}]}], ""duties"": [{""action"": ""submit_report"", ""party"": ""Commission"", ""constraints"": [{""name"": ""report_date"", ""value"": ""2019-12-31""}]}]}, ""legal_patterns"": [{""pattern_name"": ""Decision_Approval"", ""description"": ""A Decision is approved by the European Parliament and the Council."", ""entities_involved"": [""European Parliament"", ""Council""]}, {""pattern_name"": ""Decision_Implementation"", ""description"": ""A Decision is implemented by the Commission through a report submission."", ""entities_involved"": [""Commission"", ""European Parliament"", ""Council""]}], ""example_instances"": [{""entity"": ""Decision"", ""example_value"": ""of this Decision for the period from 1 January 2017 to 31 December 2018 shall be EUR 8 million."", ""source_context"": ""of this Decision for the period from 1 January 2017 to 31 December 2018 shall be EUR 8 million.""}, {""entity"": ""Decision"", ""example_value"": ""The annual appropriations shall be authorised by the European Parliament and the Council within the limits of the multiannual financial framework."", ""source_context"": ""The annual appropriations shall be authorised by the European Parliament and the Council within the limits of the multiannual financial framework.""}, {""entity"": ""Decision"", ""example_value"": ""By 31 December 2019, the Commission shall submit a report to the European Parliament, the Council, the European Economic and Social Committee and the Committee of the Regions on the implementation, results and overall assessment of the initiatives provided for in this Decision."", ""source_context"": ""By 31 December 2019, the Commission shall submit a report to the European Parliament, the Council, the European Economic and Social Committee and the Committee of the Regions on the implementation, results and overall assessment of the initiatives provided for in this Decision.""}]}"
35,32017D0864_15,32017D0864,"{""ontology_name"": ""CulturalHeritageFundingODRL"", ""description"": ""An ontology for the legal rights and obligations related to the European Year of Cultural Heritage funding."", ""odrl_alignment"": {""core_entities"": [""Asset"", ""Party"", ""Permission"", ""Duty"", ""Constraint""], ""extensions"": [""LegalInstrument"", ""Regulation""]}, ""classes"": [{""name"": ""CulturalHeritageFunding"", ""type"": ""ODRL_core"", ""description"": ""A funding arrangement for the European Year of Cultural Heritage.""}], ""relationships"": [{""source"": ""CulturalHeritageFunding"", ""relation"": ""appliesTo"", ""target"": ""Asset"", ""description"": ""The funding arrangement applies to the financial envelope for the European Year of Cultural Heritage.""}], ""rights_model"": {""permissions"": [{""action"": ""calculate_funding_amount"", ""asset"": ""CulturalHeritageFunding"", ""party"": ""EuropeanParliamentAndCouncil"", ""constraints"": [{""name"": ""amount"", ""value"": ""EUR 8 million""}]}, {""action"": ""allocate_existing_resources"", ""asset"": ""CulturalHeritageFunding"", ""party"": ""EuropeanParliamentAndCouncil"", ""constraints"": [{""name"": ""source"", ""value"": ""existing resources in the 2017 budget""}]}, {""action"": ""allocate_reallocated_resources"", ""asset"": ""CulturalHeritageFunding"", ""party"": ""EuropeanParliamentAndCouncil"", ""constraints"": [{""name"": ""source"", ""value"": ""other existing resources""}]}], ""duties"": [{""action"": ""authorise_funding_amount"", ""party"": ""BudgetaryAuthority"", ""constraints"": [{""name"": ""amount"", ""value"": ""EUR 8 million""}]}]}, ""legal_patterns"": [{""pattern_name"": ""FundingAllocationPattern"", ""description"": ""The process of allocating funds for the European Year of Cultural Heritage."", ""entities_involved"": [""EuropeanParliamentAndCouncil"", ""BudgetaryAuthority""]}], ""example_instances"": [{""entity"": ""CulturalHeritageFunding"", ""example_value"": ""In accordance with Article 9 of the Decision, the financial envelope for the implementation of the European Year of Cultural Heritage (2018) is set at EUR 8 million."", ""source_context"": ""JOINT STATEMENT BY THE EUROPEAN PARLIAMENT AND THE COUNCIL In accordance with Article 9 of the Decision, the financial envelope for the implementation of the European Year of Cultural Heritage (2018) is set at EUR 8 million.""}]}"
35,32017D0864_16,32017D0864,"{""ontology_name"": ""EU_Budget_Authorization_Ontology"", ""description"": ""An ontology for EU budget authorization rules and regulations"", ""odrl_alignment"": {""core_entities"": [""Asset"", ""Party"", ""Permission"", ""Duty"", ""Constraint""], ""extensions"": [""LegalInstrument"", ""Regulation""]}, ""classes"": [{""name"": ""Authorization"", ""type"": ""ODRL_core"", ""description"": ""An authorization for the amount of appropriations in the annual budget""}], ""relationships"": [{""source"": ""Authorization"", ""relation"": ""appliesTo"", ""target"": ""AnnualBudget"", ""description"": ""Authorization applies to the annual budget""}], ""rights_model"": {""permissions"": [{""action"": ""calculate_appropriations_amount"", ""asset"": ""AnnualBudget"", ""party"": ""EU_authority"", ""constraints"": [{""name"": ""within_TFEU_article_314"", ""value"": ""Article 314 TFEU""}]}], ""duties"": [{""action"": ""calculate_appropriations_amount"", ""party"": ""EU_authority"", ""constraints"": []}]}, ""legal_patterns"": [{""pattern_name"": ""EU_Budget_Approval"", ""description"": ""The process of authorizing appropriations within the annual budget"", ""entities_involved"": [""EU_authority"", ""AnnualBudget""]}], ""example_instances"": [{""entity"": ""AnnualBudget"", ""example_value"": ""Article 314 TFEU"", ""source_context"": ""Article 314 TFEU, Article 314 of the Treaty on the Functioning of the European Union""}]}"
36,32017D0741_0,32017D0741,"{""ontology_name"": ""EU_Solidarity_Fund_Ontology"", ""description"": ""Ontology for the EU Solidarity Fund decisions and applications"", ""odrl_alignment"": {""core_entities"": [""Asset"", ""Party"", ""Permission"", ""Duty"", ""Constraint""], ""extensions"": [""LegalInstrument"", ""Regulation""]}, ""classes"": [{""name"": ""SolidarityFundDecision"", ""type"": ""ODRL_core"", ""description"": ""A decision to mobilize the European Union Solidarity Fund""}, {""name"": ""SolidarityFundApplication"", ""type"": ""ODRL_core"", ""description"": ""An application to mobilize the European Union Solidarity Fund""}], ""relationships"": [{""source"": ""SolidarityFundDecision"", ""relation"": ""appliesTo"", ""target"": ""SolidarityFundApplication"", ""description"": ""A decision applies to a specific application""}], ""rights_model"": {""permissions"": [{""action"": ""calculate_import_duty"", ""asset"": ""SolidarityFundDecision"", ""party"": ""United_Kingdom"", ""constraints"": [{""name"": ""spatial"", ""value"": ""United_Kingdom""}]}, {""action"": ""calculate_import_duty"", ""asset"": ""SolidarityFundDecision"", ""party"": ""Cyprus"", ""constraints"": [{""name"": ""spatial"", ""value"": ""Cyprus""}]}, {""action"": ""calculate_import_duty"", ""asset"": ""SolidarityFundDecision"", ""party"": ""Portugal"", ""constraints"": [{""name"": ""spatial"", ""value"": ""Portugal""}]}], ""duties"": [{""action"": ""calculate_export_duty"", ""party"": ""United_Kingdom"", ""constraints"": [{""name"": ""spatial"", ""value"": ""United_Kingdom""}]}, {""action"": ""calculate_export_duty"", ""party"": ""Cyprus"", ""constraints"": [{""name"": ""spatial"", ""value"": ""Cyprus""}]}, {""action"": ""calculate_export_duty"", ""party"": ""Portugal"", ""constraints"": [{""name"": ""spatial"", ""value"": ""Portugal""}]}]}, ""legal_patterns"": [{""pattern_name"": ""SolidarityFundApplication"", ""description"": ""Application to mobilize the European Union Solidarity Fund"", ""entities_involved"": [""SolidarityFundDecision"", ""SolidarityFundApplication""]}], ""example_instances"": [{""entity"": ""SolidarityFundDecision"", ""example_value"": ""DECISION (EU) 2017/741 OF THE EUROPEAN PARLIAMENT AND OF THE COUNCIL of 5 April 2017 on the mobilisation of the European Union Solidarity Fund to provide assistance to the United Kingdom, Cyprus and Portugal"", ""source_context"": ""EUR-Lex text: 28.4.2017 EN Official Journal of the European Union L 111/6 DECISION (EU) 2017/741 OF THE EUROPEAN PARLIAMENT AND OF THE COUNCIL of 5 April 2017 on the mobilisation of the European Union Solidarity Fund to provide assistance to the United Kingdom, Cyprus and Portugal""}]}"
36,32017D0741_1,32017D0741,"{""ontology_name"": ""EU_Solidarity_Fund_Mobilization"", ""description"": ""Legal framework for mobilizing the European Union Solidarity Fund for drought and fire damage in Portugal, Cyprus, and the United Kingdom."", ""odrl_alignment"": {""core_entities"": [""Asset"", ""Party"", ""Permission"", ""Duty"", ""Constraint""], ""extensions"": [""LegalInstrument"", ""Regulation""]}, ""classes"": [{""name"": ""SolidarityFund"", ""type"": ""ODRL_core"", ""description"": ""An asset representing the European Union Solidarity Fund.""}, {""name"": ""Application"", ""type"": ""ODRL_core"", ""description"": ""A party (e.g., Portugal, Cyprus, United Kingdom) applying to mobilize the Solidarity Fund.""}, {""name"": ""Decision"", ""type"": ""ODRL_core"", ""description"": ""A party (e.g., European Parliament, Council) making a decision to mobilize the Solidarity Fund.""}], ""relationships"": [{""source"": ""Decision"", ""relation"": ""appliesTo"", ""target"": ""SolidarityFund"", ""description"": ""A decision applies to the Solidarity Fund.""}, {""source"": ""Application"", ""relation"": ""appliesTo"", ""target"": ""SolidarityFund"", ""description"": ""An application applies to the Solidarity Fund.""}], ""rights_model"": {""permissions"": [{""action"": ""provide_funding_to_uk"", ""asset"": ""SolidarityFund"", ""party"": ""Application (United Kingdom)"", ""constraints"": [{""name"": ""date_of_decision"", ""value"": ""5 April 2017""}]}, {""action"": ""provide_funding_to_cy"", ""asset"": ""SolidarityFund"", ""party"": ""Application (Cyprus)"", ""constraints"": [{""name"": ""date_of_decision"", ""value"": ""5 April 2017""}]}, {""action"": ""provide_funding_to_pt"", ""asset"": ""SolidarityFund"", ""party"": ""Application (Portugal)"", ""constraints"": [{""name"": ""date_of_decision"", ""value"": ""5 April 2017""}]}], ""duties"": [{""action"": ""mobilize_fund"", ""party"": ""Decision (European Parliament, Council)"", ""constraints"": [{""name"": ""date_of_decision"", ""value"": ""5 April 2017""}]}]}, ""legal_patterns"": [{""pattern_name"": ""Application_Mobilization"", ""description"": ""A party applies to mobilize the Solidarity Fund, which is then decided upon by a decision-making body."", ""entities_involved"": [""Application"", ""Decision""]}], ""example_instances"": [{""entity"": ""Decision"", ""example_value"": ""Decision (European Parliament, Council) to mobilize the Solidarity Fund"", ""source_context"": ""Article 1, Article 2 of the Decision""}]}"
36,32017D0742_0,32017D0742,"{""ontology_name"": ""EGF_Mobilization_Ontology"", ""description"": ""An ontology for the mobilization of the European Globalisation Adjustment Fund (EGF/2017/000 TA 2017  Technical assistance at the initiative of the Commission)"", ""odrl_alignment"": {""core_entities"": [""Asset"", ""Party"", ""Permission"", ""Duty"", ""Constraint""], ""extensions"": [""LegalInstrument"", ""Regulation""]}, ""classes"": [{""name"": ""EGF_Mobilization"", ""type"": ""ODRL_core"", ""description"": ""A mobilization of the European Globalisation Adjustment Fund (EGF/2017/000 TA 2017  Technical assistance at the initiative of the Commission)""}], ""relationships"": [{""source"": ""EGF_Mobilization"", ""relation"": ""appliesTo"", ""target"": ""EGF"", ""description"": ""The EGF Mobilization applies to the European Globalisation Adjustment Fund""}], ""rights_model"": {""permissions"": [{""action"": ""use_egf"", ""asset"": ""EGF"", ""party"": ""EuropeanParliamentAndCouncil"", ""constraints"": [{""name"": ""maximum_amount"", ""value"": ""EUR 150 million (2011 prices)""}, {""name"": ""technical_assistance_percentage"", ""value"": ""0.5%""}]}], ""duties"": [{""action"": ""reintegration_assistance"", ""party"": ""WorkersAndSelfEmployedPersons"", ""constraints"": [{""name"": ""reintegration_assistance"", ""value"": ""Support for workers made redundant and self-employed persons""}]}]}, ""legal_patterns"": [{""pattern_name"": ""EGF_Mobilization_Pattern"", ""description"": ""A pattern for the mobilization of the EGF for technical assistance at the initiative of the Commission"", ""entities_involved"": [""EuropeanParliamentAndCouncil"", ""WorkersAndSelfEmployedPersons"", ""TechnicalAssistance""]}], ""example_instances"": [{""entity"": ""EGF_Mobilization"", ""example_value"": ""DECISION (EU) 2017/742 OF THE EUROPEAN PARLIAMENT AND OF THE COUNCIL of 5 April 2017 on the mobilisation of the European Globalisation Adjustment Fund (EGF/2017/000 TA 2017  Technical assistance at the initiative of the Commission)"", ""source_context"": ""THE EUROPEAN PARLIAMENT AND THE COUNCIL OF THE EUROPEAN UNION, Having regard to the proposal from the European Commission, Whereas:""}]}"
36,32017D0742_1,32017D0742,"{""ontology_name"": ""EU_Globalization_Adjustment_Fund"", ""description"": ""Ontology for the European Globalization Adjustment Fund (EGF) within the European Union"", ""odrl_alignment"": {""core_entities"": [""Asset"", ""Party"", ""Permission"", ""Duty"", ""Constraint""], ""extensions"": [""LegalInstrument"", ""Regulation""]}, ""classes"": [{""name"": ""LegalInstrument"", ""type"": ""ODRL_core"", ""description"": ""A legal instrument that defines the use of the EGF""}], ""relationships"": [{""source"": ""LegalInstrument"", ""relation"": ""appliesTo"", ""target"": ""Asset"", ""description"": ""The LegalInstrument applies to the Asset (EGF)""}], ""rights_model"": {""permissions"": [{""action"": ""use_egf"", ""asset"": ""EuropeanGlobalizationAdjustmentFund"", ""party"": ""Commission"", ""constraints"": [{""name"": ""percentage"", ""value"": ""0.5%""}, {""name"": ""amount"", ""value"": ""EUR 310 000""}]}], ""duties"": [{""action"": ""provide_technical_assistance"", ""party"": ""Commission"", ""constraints"": []}]}, ""legal_patterns"": [{""pattern_name"": ""EGF_Mobilization"", ""description"": ""The EGF is mobilized to provide a specified amount for technical assistance at the initiative of the Commission"", ""entities_involved"": [""EuropeanGlobalizationAdjustmentFund"", ""Commission""]}], ""example_instances"": [{""entity"": ""LegalInstrument"", ""example_value"": ""Article 1 of the Decision"", ""source_context"": ""Article 1: For the general budget of the European Union for the financial year 2017, the European Globalisation Adjustment Fund shall be mobilised to provide the sum of EUR 310 000 in commitment and payment appropriations.""}]}"
36,32017D0684_0,32017D0684,"{""ontology_name"": ""EnergyExchangeMechanism"", ""description"": ""Ontology for the Energy Exchange Mechanism Decision"", ""odrl_alignment"": {""core_entities"": [""Asset"", ""Party"", ""Permission"", ""Duty"", ""Constraint""], ""extensions"": [""LegalInstrument"", ""Regulation""]}, ""classes"": [{""name"": ""Decision"", ""type"": ""ODRL_core"", ""description"": ""A decision made by the European Parliament and Council""}], ""relationships"": [{""source"": ""Decision"", ""relation"": ""appliesTo"", ""target"": ""Asset"", ""description"": ""A decision applies to an asset (in this case, the internal energy market)""}], ""rights_model"": {""permissions"": [{""action"": ""use_information_exchange_mechanism"", ""asset"": ""internal_energy_market"", ""party"": ""MemberStates"", ""constraints"": [{""name"": ""valid_until"", ""value"": ""2027-04-12""}]}], ""duties"": [{""action"": ""implement_energy_security_measures"", ""party"": ""MemberStates"", ""constraints"": []}]}, ""legal_patterns"": [{""pattern_name"": ""EnergySecurityAndExchange"", ""description"": ""Pattern involving energy security measures and the information exchange mechanism"", ""entities_involved"": [""MemberStates"", ""ThirdCountries""]}], ""example_instances"": [{""entity"": ""Decision"", ""example_value"": ""DECISION (EU) 2017/684 OF THE EUROPEAN PARLIAMENT AND OF THE COUNCIL of 5 April 2017"", ""source_context"": ""THE EUROPEAN PARLIAMENT AND THE COUNCIL OF THE EUROPEAN UNION, Having regard to the Treaty on the Functioning of the European Union, and in particular Article 194(2) thereof, Having regard to the proposal from the European Commission, After transmission of the draft legislative act to the national parliaments, Having regard to the opinion of the European Economic and Social Committee (1), After consulting the Committee of the Regions, Acting in accordance with the ordinary legislative procedure (2), Whereas:""}]}"
37,32017D0684_1,32017D0684,"{""ontology_name"": ""EnergyUnionStrategy2015"", ""description"": ""Legal strategy for ensuring compliance of intergovernmental agreements with Union law related to energy security"", ""odrl_alignment"": {""core_entities"": [""Asset"", ""Party"", ""Permission"", ""Duty"", ""Constraint""], ""extensions"": [""LegalInstrument"", ""Regulation""]}, ""classes"": [{""name"": ""EnergyUnionStrategy"", ""type"": ""ODRL_core"", ""description"": ""A strategy adopted by the Commission to ensure energy security""}], ""relationships"": [{""source"": ""EnergyUnionStrategy"", ""relation"": ""appliesTo"", ""target"": ""Asset"", ""description"": ""The strategy applies to intergovernmental agreements related to energy security""}], ""rights_model"": {""permissions"": [{""action"": ""ensure_compliance_with_union_law"", ""asset"": ""intergovernmental_agreement"", ""party"": ""MemberStates"", ""constraints"": [{""name"": ""compliance_with_union_law"", ""value"": ""full""}]}], ""duties"": [{""action"": ""ensure_compliance_with_union_law"", ""party"": ""MemberStates"", ""constraints"": [{""name"": ""compliance_with_union_law"", ""value"": ""full""}]}]}, ""legal_patterns"": [{""pattern_name"": ""FullCompliancePattern"", ""description"": ""Ensuring full compliance of intergovernmental agreements with Union law"", ""entities_involved"": [""EnergyUnionStrategy"", ""MemberStates"", ""intergovernmental_agreement""]}], ""example_instances"": [{""entity"": ""EnergyUnionStrategy"", ""example_value"": ""rategy, as adopted by the Commission on 25 February 2015, is to give consumers secure, sustainable, competitive and affordable energy."", ""source_context"": ""rategy, as adopted by the Commission on 25 February 2015, is to give consumers secure, sustainable, competitive and affordable energy.""}]}"
37,32017D0684_2,32017D0684,"{""ontology_name"": ""EU_InterGovernmental_Agreements_ODRL"", ""description"": ""ODRL-aligned ontology for EU intergovernmental agreements"", ""odrl_alignment"": {""core_entities"": [""Asset"", ""Party"", ""Permission"", ""Duty"", ""Constraint""], ""extensions"": [""LegalInstrument"", ""Regulation""]}, ""classes"": [{""name"": ""InterGovernmentalAgreement"", ""type"": ""ODRL_core"", ""description"": ""InterGovernmentalAgreement class""}], ""relationships"": [{""source"": ""InterGovernmentalAgreement"", ""relation"": ""appliesTo"", ""target"": ""MemberState"", ""description"": ""Member State applies to InterGovernmentalAgreement""}, {""source"": ""InterGovernmentalAgreement"", ""relation"": ""appliesTo"", ""target"": ""ThirdCountry"", ""description"": ""ThirdCountry applies to InterGovernmentalAgreement""}], ""rights_model"": {""permissions"": [{""action"": ""inform_commission_of_intention"", ""asset"": ""InterGovernmentalAgreement"", ""party"": ""MemberState"", ""constraints"": [{""name"": ""timely_inform"", ""value"": ""as soon as possible""}]}, {""action"": ""keep_informed_of_progress"", ""asset"": ""InterGovernmentalAgreement"", ""party"": ""MemberState"", ""constraints"": [{""name"": ""regularly_informed"", ""value"": ""regularly""}]}, {""action"": ""participate_as_observer"", ""asset"": ""InterGovernmentalAgreement"", ""party"": ""MemberState"", ""constraints"": [{""name"": ""participation_as_observer"", ""value"": ""as an observer""}]}, {""action"": ""request_participation_as_observer"", ""asset"": ""InterGovernmentalAgreement"", ""party"": ""MemberState"", ""constraints"": [{""name"": ""request_participation_as_observer"", ""value"": ""request to participate as an observer""}]}, {""action"": ""advise_on_avoiding_incompatibility"", ""asset"": ""InterGovernmentalAgreement"", ""party"": ""MemberState"", ""constraints"": [{""name"": ""legal_assessment"", ""value"": ""legal assessment of the Commission of the draft""}]}, {""action"": ""draw_attention_to_policy_objectives"", ""asset"": ""InterGovernmentalAgreement"", ""party"": ""MemberState"", ""constraints"": [{""name"": ""draw_attention_to_policy_objectives"", ""value"": ""draw the attention of the Member State concerned to the relevant Union energy policy objectives, solidarity between Member States and Union policy positions adopted in Council or European Council conclusions""}]}], ""duties"": [{""action"": ""ensure_compliance_with_law"", ""party"": ""MemberState"", ""constraints"": [{""name"": ""avoid_non_compliance"", ""value"": ""avoid any non-compliance with Union law""}]}]}, ""legal_patterns"": [{""pattern_name"": ""InformCommissionPattern"", ""description"": ""Member State informs Commission of intention to enter into negotiations"", ""entities_involved"": [""MemberState"", ""InterGovernmentalAgreement"", ""Commission""]}, {""pattern_name"": ""KeepInformedPattern"", ""description"": ""Member State keeps Commission informed of progress of negotiations"", ""entities_involved"": [""MemberState"", ""InterGovernmentalAgreement"", ""Commission""]}, {""pattern_name"": ""ParticipateAsObserverPattern"", ""description"": ""Member State invites Commission to participate as observer in negotiations"", ""entities_involved"": [""MemberState"", ""InterGovernmentalAgreement"", ""Commission""]}, {""pattern_name"": ""RequestParticipationAsObserverPattern"", ""description"": ""Member State requests Commission to participate as observer in negotiations"", ""entities_involved"": [""MemberState"", ""InterGovernmentalAgreement"", ""Commission""]}, {""pattern_name"": ""AdviseOnAvoidingIncompatibilityPattern"", ""description"": ""Member State advises Commission on avoiding incompatibility with Union law"", ""entities_involved"": [""MemberState"", ""InterGovernmentalAgreement"", ""Commission""]}, {""pattern_name"": ""DrawAttentionToPolicyObjectivesPattern"", ""description"": ""Member State draws attention to Union policy objectives, solidarity and policy positions"", ""entities_involved"": [""MemberState"", ""InterGovernmentalAgreement"", ""Commission""]}], ""example_instances"": [{""entity"": ""MemberState"", ""example_value"": ""Member States should inform the Commission of their intention to enter into negotiations with regard to new intergovernmental agreements or amendments to intergovernmental agreements as soon as possible."", ""source_context"": ""(8) In order to avoid any non-compliance with Union law and to enhance transparency, Member States should inform the Commission of their intention to enter into negotiations with regard to new intergovernmental agreements or amendments to intergovernmental agreements as soon as possible.""}, {""entity"": ""InterGovernmentalAgreement"", ""example_value"": ""Member States should have the possibility to invite the Commission to participate in the negotiations as an observer."", ""source_context"": ""(8) In order to avoid any non-compliance with Union law and to enhance transparency, Member States should inform the Commission of their intention to enter into negotiations with regard to new intergovernmental agreements or amendments to intergovernmental agreements as soon as possible. The Commission should be kept informed regularly of the progress of the negotiations. Member States should have the possibility to invite the Commission to participate in the negotiations as an observer. The Commission should be able to request to participate in the negotiations as an observer.""}]}"
37,32017D0684_3,32017D0684,"{""ontology_name"": ""GasOilInterAgreementAssessment"", ""description"": ""Legal framework for intergovernmental agreements and amendments related to gas and oil within the EU"", ""odrl_alignment"": {""core_entities"": [""Asset"", ""Party"", ""Permission"", ""Duty"", ""Constraint""], ""extensions"": [""LegalInstrument"", ""Regulation""]}, ""classes"": [{""name"": ""Asset"", ""type"": ""ODRL_core"", ""description"": ""Represents the intergovernmental agreement or amendment""}, {""name"": ""Party"", ""type"": ""ODRL_core"", ""description"": ""Represents a Member State or the Commission""}], ""relationships"": [{""source"": ""Asset"", ""relation"": ""appliesTo"", ""target"": ""Party"", ""description"": ""Asset is applied to by a Party""}], ""rights_model"": {""permissions"": [{""action"": ""calculate_compliance_issues"", ""asset"": ""Asset"", ""party"": ""Party"", ""constraints"": [{""name"": ""exante_notification_required"", ""value"": ""true""}, {""name"": ""assessment_time"", ""value"": ""sufficient_time""}, {""name"": ""model_clauses"", ""value"": ""based_on_model_clauses""}]}, {""action"": ""inform_assessment"", ""asset"": ""Asset"", ""party"": ""Party"", ""constraints"": [{""name"": ""assessment_informed"", ""value"": ""informed_in_detail""}]}], ""duties"": [{""action"": ""conclude_compliant_agreement"", ""party"": ""Party"", ""constraints"": []}]}, ""legal_patterns"": [{""pattern_name"": ""NotificationAndAssessmentPattern"", ""description"": ""Member States notify the Commission of draft intergovernmental agreements and the Commission assesses them"", ""entities_involved"": [""Member State"", ""Commission""]}, {""pattern_name"": ""ExclusionPattern"", ""description"": ""Member States refrain from concluding intergovernmental agreements until the Commission's assessment is informed"", ""entities_involved"": [""Member State"", ""Commission""]}], ""example_instances"": [{""entity"": ""Asset"", ""example_value"": ""draft intergovernmental agreement or amendment"", ""source_context"": ""(10) In order to ensure compliance with Union law, and with due regard to the fact that intergovernmental agreements and amendments in the area of gas or oil currently have the largest relative repercussions on the proper functioning of the internal energy market and on the security of energy supply of the Union, Member States should, on an ex-ante basis, notify draft intergovernmental agreements relating to gas or oil to the Commission before they become legally binding on the parties.""}, {""entity"": ""Party"", ""example_value"": ""Member State, Commission"", ""source_context"": ""(10) In order to ensure compliance with Union law, and with due regard to the fact that intergovernmental agreements and amendments in the area of gas or oil currently have the largest relative repercussions on the proper functioning of the internal energy market and on the security of energy supply of the Union, Member States should, on an ex-ante basis, notify draft intergovernmental agreements relating to gas or oil to the Commission before they become legally binding on the parties. (11) The Commission should have sufficient time for such an assessment in order to provide for as much legal certainty as possible while avoiding undue delays.""}]}"
37,32017D0684_4,32017D0684,"{""ontology_name"": ""EnergyUnionAgreementsODRL"", ""description"": ""ODRL ontology for Energy Union Agreements"", ""odrl_alignment"": {""core_entities"": [""Asset"", ""Party"", ""Permission"", ""Duty"", ""Constraint""], ""extensions"": [""LegalInstrument"", ""Regulation""]}, ""classes"": [{""name"": ""EnergyUnionAgreement"", ""type"": ""ODRL_core"", ""description"": ""An intergovernmental agreement related to energy matters""}], ""relationships"": [{""source"": ""EnergyUnionAgreement"", ""relation"": ""appliesTo"", ""target"": ""MemberState"", ""description"": ""Member States are responsible for taking necessary steps to eliminate incompatibility""}, {""source"": ""EnergyUnionAgreement"", ""relation"": ""appliesTo"", ""target"": ""Commission"", ""description"": ""Commission is responsible for assessing compatibility and informing Member States""}], ""rights_model"": {""permissions"": [{""action"": ""notify_intergovernmental_agreement"", ""asset"": ""EnergyUnionAgreement"", ""party"": ""MemberState"", ""constraints"": [{""name"": ""intergovernmental_agreement_type"", ""value"": ""purchase, trade, sale, transit, storage, supply of energy in or to at least one Member State, or the construction or operation of energy infrastructure with a physical connection to at least one Member State""}]}, {""action"": ""inform_commission"", ""asset"": ""EnergyUnionAgreement"", ""party"": ""Commission"", ""constraints"": [{""name"": ""intergovernmental_agreement_status"", ""value"": ""in force or applied provisionally""}]}], ""duties"": [{""action"": ""take_steps_to_eliminate_incompatibility"", ""party"": ""MemberState"", ""constraints"": [{""name"": ""incompatibility_identified"", ""value"": ""by the Commission""}]}]}, ""legal_patterns"": [{""pattern_name"": ""MemberStateNotificationPattern"", ""description"": ""Member States notify the Commission of intergovernmental agreements"", ""entities_involved"": [""MemberState"", ""EnergyUnionAgreement""]}, {""pattern_name"": ""CommissionAssessmentPattern"", ""description"": ""Commission assesses the compatibility of intergovernmental agreements"", ""entities_involved"": [""Commission"", ""EnergyUnionAgreement""]}, {""pattern_name"": ""MemberStateActionPattern"", ""description"": ""Member States take necessary steps to eliminate incompatibility"", ""entities_involved"": [""MemberState"", ""EnergyUnionAgreement""]}], ""example_instances"": [{""entity"": ""EnergyUnionAgreement"", ""example_value"": ""Article 14 of the Decision"", ""source_context"": ""The Decision should apply to intergovernmental agreements. Intergovernmental agreements express, in particular in their content, and regardless of their formal designation, the intention of the parties that the agreement should have binding force, entirely or in part. Only intergovernmental agreements that concern the purchase, trade, sale, transit, storage or supply of energy in or to at least one Member State, or the construction or operation of energy infrastructure with a physical connection to at least one Member State should be covered by this Decision.""}]}"
37,32017D0684_5,32017D0684,"{""ontology_name"": ""LegalInstrumentManagement"", ""description"": ""An ontology for managing legal instruments and their relationships"", ""odrl_alignment"": {""core_entities"": [""Asset"", ""Party"", ""Permission"", ""Duty"", ""Constraint""], ""extensions"": [""LegalInstrument""]}, ""classes"": [{""name"": ""LegalInstrument"", ""type"": ""ODRL_core"", ""description"": ""A legal instrument, such as an intergovernmental agreement or non-binding instrument""}], ""relationships"": [{""source"": ""LegalInstrument"", ""relation"": ""appliesTo"", ""target"": ""Party"", ""description"": ""A legal instrument applies to a party""}], ""rights_model"": {""permissions"": [{""action"": ""apply_non_binding_instrument"", ""asset"": ""LegalInstrument"", ""party"": ""Assignee"", ""constraints"": [{""name"": ""effective_until"", ""value"": ""1985""}]}], ""duties"": [{""action"": ""implement_non_binding_instrument"", ""party"": ""Assignee"", ""constraints"": [{""name"": ""incompatible_with_union_law"", ""value"": ""true""}]}]}, ""legal_patterns"": [{""pattern_name"": ""NonBindingInstrumentSubmission"", ""description"": ""Member States submit non-binding instruments to the Commission for transparency and implementation"", ""entities_involved"": [""MemberState"", ""NonBindingInstrument"", ""Commission""]}], ""example_instances"": [{""entity"": ""LegalInstrument"", ""example_value"": ""Decision (EU) 2023/567"", ""source_context"": ""(15) It is the legally binding force of an instrument, or of parts thereof, not its formal designation, that qualifies it as an intergovernmental agreement or, in the absence of legally binding force, as a non-binding instrument for the purposes of this Decision.""}]}"
38,32017D0684_6,32017D0684,"{""ontology_name"": ""EUR-Lex_Decision_Ontology"", ""description"": ""An ontology for legal decisions concerning the European Atomic Energy Community"", ""odrl_alignment"": {""core_entities"": [""Asset"", ""Party"", ""Permission"", ""Duty"", ""Constraint""], ""extensions"": [""LegalInstrument"", ""Regulation""]}, ""classes"": [{""name"": ""Decision"", ""type"": ""ODRL_core"", ""description"": ""A decision that outlines obligations and restrictions for parties involved""}], ""relationships"": [{""source"": ""Decision"", ""relation"": ""appliesTo"", ""target"": ""Party"", ""description"": ""A decision applies to a party""}], ""rights_model"": {""permissions"": [{""action"": ""communicate_agreements"", ""asset"": ""Decision"", ""party"": ""MemberState"", ""constraints"": [{""name"": ""confidentiality"", ""value"": ""MemberState considers an intergovernmental agreement to be confidential""}]}, {""action"": ""provide_summary"", ""asset"": ""Decision"", ""party"": ""MemberState"", ""constraints"": [{""name"": ""confidentiality"", ""value"": ""MemberState provides a summary of the intergovernmental agreement""}]}, {""action"": ""make_information_available"", ""asset"": ""Decision"", ""party"": ""Commission"", ""constraints"": [{""name"": ""confidentiality"", ""value"": ""MemberState requests confidentiality""}]}], ""duties"": [{""action"": ""guarantee_confidentiality"", ""party"": ""Commission"", ""constraints"": [{""name"": ""confidentiality"", ""value"": ""MemberState requests confidentiality""}]}]}, ""legal_patterns"": [{""pattern_name"": ""CommunicationOfAgreements"", ""description"": ""Member States communicate intergovernmental agreements to the Commission on a voluntary basis"", ""entities_involved"": [""MemberState"", ""Commission""]}, {""pattern_name"": ""ProvideSummary"", ""description"": ""Member States provide summaries of intergovernmental agreements to the Commission"", ""entities_involved"": [""MemberState"", ""Commission""]}, {""pattern_name"": ""MakeInformationAvailable"", ""description"": ""Commission makes information available to other Member States in secure electronic form"", ""entities_involved"": [""Commission"", ""MemberState""]}, {""pattern_name"": ""GuaranteeConfidentiality"", ""description"": ""Commission guarantees the application of confidentiality clauses"", ""entities_involved"": [""Commission"", ""MemberState""]}], ""example_instances"": [{""entity"": ""Decision"", ""example_value"": ""This Decision should not create obligations as regards agreements between undertakings."", ""source_context"": ""or which concern matters that fall within the scope of the Treaty establishing the European Atomic Energy Community, should not be covered by this Decision. (18)""}]}"
38,32017D0684_7,32017D0684,"{""ontology_name"": ""EnergyAgreementModelClauses"", ""description"": ""Model clauses and guidance for intergovernmental agreements in the energy sector"", ""odrl_alignment"": {""core_entities"": [""Asset"", ""Party"", ""Permission"", ""Duty"", ""Constraint""], ""extensions"": [""LegalInstrument"", ""Regulation""]}, ""classes"": [{""name"": ""ModelClause"", ""type"": ""ODRL_core"", ""description"": ""A model clause or guidance for intergovernmental agreements in the energy sector""}], ""relationships"": [{""source"": ""ModelClause"", ""relation"": ""appliesTo"", ""target"": ""InterGovernmentalAgreement""}], ""rights_model"": {""permissions"": [{""action"": ""use_model_clause"", ""asset"": ""InterGovernmentalAgreement"", ""party"": ""MemberState"", ""constraints"": [{""name"": ""conflict_with_union_law"", ""value"": ""internal_energy_market_rules, union_competition_law, international_agreements""}]}], ""duties"": [{""action"": ""ensure_transparency_and_compatibility"", ""party"": ""MemberState"", ""constraints"": []}]}, ""legal_patterns"": [{""pattern_name"": ""AvoidConflictsAndEnhanceCoordination"", ""description"": ""Pattern for avoiding conflicts between intergovernmental agreements and Union law, and enhancing coordination between Member States and the Commission"", ""entities_involved"": [""MemberState"", ""Commission""]}], ""example_instances"": [{""entity"": ""InterGovernmentalAgreement"", ""example_value"": ""The use of model clauses should aim to avoid conflicts between intergovernmental agreements and Union law, in particular internal energy market rules and Union competition law, and conflicts with international agreements concluded by the Union."", ""source_context"": ""The use of such model clauses should aim to avoid conflicts between intergovernmental agreements and Union law, in particular internal energy market rules and Union competition law, and conflicts with international agreements concluded by the Union.""}]}"
38,32017D0684_8,32017D0684,"{""ontology_name"": ""Energy_Decision_ODRL"", ""description"": ""ODRL-aligned ontology for the Energy Decision"", ""odrl_alignment"": {""core_entities"": [""Asset"", ""Party"", ""Permission"", ""Duty"", ""Constraint""], ""extensions"": [""LegalInstrument"", ""Regulation""]}, ""classes"": [{""name"": ""EnergyDecision"", ""type"": ""ODRL_core"", ""description"": ""Represents the Energy Decision as an Asset""}], ""relationships"": [{""source"": ""EnergyDecision"", ""relation"": ""appliesTo"", ""target"": ""MemberState"", ""description"": ""Member States are required to apply the Decision""}, {""source"": ""EnergyDecision"", ""relation"": ""appliesTo"", ""target"": ""Commission"", ""description"": ""The Commission is required to apply the Decision""}], ""rights_model"": {""permissions"": [{""action"": ""exchange_information_between_member_states_and_commission"", ""asset"": ""EnergyDecision"", ""party"": ""MemberState"", ""constraints"": [{""name"": ""effective_until"", ""value"": ""Not specified in the text""}]}], ""duties"": [{""action"": ""ensure_compliance_with_union_law"", ""party"": ""Commission"", ""constraints"": [{""name"": ""sufficient_and_effective"", ""value"": ""Not specified in the text""}]}]}, ""legal_patterns"": [{""pattern_name"": ""ExchangeOfInformationPattern"", ""description"": ""Exchange of information between Member States and the Commission"", ""entities_involved"": [""MemberState"", ""Commission""]}], ""example_instances"": [{""entity"": ""EnergyDecision"", ""example_value"": ""Article 1 of the Decision"", ""source_context"": ""Article 1 of the Decision: This Decision establishes a mechanism for the exchange of information between Member States and the Commission with regard to intergovernmental agreements in the field of energy as defined in Article 2, in order to ensure the functioning of the internal energy market and enhance the security of energy supply in the Union.""}]}"
38,32017D0684_9,32017D0684,"{""ontology_name"": ""LegalAgreementNotificationOntology"", ""description"": ""An ontology for legal agreements and notification procedures"", ""odrl_alignment"": {""core_entities"": [""Asset"", ""Party"", ""Permission"", ""Duty"", ""Constraint""], ""extensions"": [""LegalInstrument"", ""Regulation""]}, ""classes"": [{""name"": ""LegalAgreement"", ""type"": ""ODRL_core"", ""description"": ""A legally binding agreement between Member States and third countries or international organizations""}, {""name"": ""NotificationProcedure"", ""type"": ""ODRL_core"", ""description"": ""A procedure for notifying the Commission of intended negotiations or agreements""}], ""relationships"": [{""source"": ""LegalAgreement"", ""relation"": ""appliesTo"", ""target"": ""NotificationProcedure""}], ""rights_model"": {""permissions"": [{""action"": ""notify_intergovernmental_agreement"", ""asset"": ""LegalAgreement"", ""party"": ""MemberState"", ""constraints"": [{""name"": ""date"", ""value"": ""2017-05-02""}]}], ""duties"": [{""action"": ""inform_commission"", ""party"": ""MemberState"", ""constraints"": [{""name"": ""date"", ""value"": ""2017-05-02""}]}]}, ""legal_patterns"": [{""pattern_name"": ""NotificationProcedureForIntergovernmentalAgreements"", ""description"": ""A procedure for notifying the Commission of intended negotiations or agreements"", ""entities_involved"": [""MemberState"", ""LegalAgreement"", ""NotificationProcedure""]}], ""example_instances"": [{""entity"": ""LegalAgreement"", ""example_value"": ""intergovernmental agreement"", ""source_context"": ""Article 2 Definitions (1) intergovernmental agreement means any legally binding agreement, regardless of its formal designation, between one or more Member States and one or more third countries, or between one or more Member States and an international organization, which concerns: (a) the purchase, trade, sale, transit, storage or supply of energy in or to at least one Member State; or (b) the construction or operation of energy infrastructure with a physical connection to at least one Member State;""}, {""entity"": ""NotificationProcedure"", ""example_value"": ""notify_intergovernmental_agreement"", ""source_context"": ""Article 3 Notification obligations with respect to intergovernmental agreements 1. When a Member State intends to enter into negotiations with a third country or an international organization in order to amend an intergovernmental agreement or to conclude a new intergovernmental agreement, the Member State shall inform the Commission""}]}"
38,32017D0684_10,32017D0684,"{""ontology_name"": ""InterGovernmentalAgreementODRL"", ""description"": ""ODRL ontology for Inter-Governmental Agreements"", ""odrl_alignment"": {""core_entities"": [""Asset"", ""Party"", ""Permission"", ""Duty"", ""Constraint""], ""extensions"": [""LegalInstrument"", ""Regulation""]}, ""classes"": [{""name"": ""InterGovernmentalAgreement"", ""type"": ""ODRL_core"", ""description"": ""An intergovernmental agreement between Member States and third countries or international organizations""}], ""relationships"": [{""source"": ""InterGovernmentalAgreement"", ""relation"": ""appliesTo"", ""target"": ""MemberState"", ""description"": ""Member State is informed and kept informed of negotiations and progress""}, {""source"": ""InterGovernmentalAgreement"", ""relation"": ""appliesTo"", ""target"": ""Commission"", ""description"": ""Commission is informed of progress and provided with draft agreements for ex-ante assessment""}], ""rights_model"": {""permissions"": [{""action"": ""inform_member_state"", ""asset"": ""InterGovernmentalAgreement"", ""party"": ""MemberState"", ""constraints"": [{""name"": ""inform_moment"", ""value"": ""earliest possible moment before the envisaged opening of the negotiations""}]}, {""action"": ""inform_commission"", ""asset"": ""InterGovernmentalAgreement"", ""party"": ""Commission"", ""constraints"": [{""name"": ""inform_moment"", ""value"": ""before the closure of formal negotiations""}]}], ""duties"": [{""action"": ""notify_draft_agreement"", ""party"": ""MemberState"", ""constraints"": [{""name"": ""draft_elements"", ""value"": ""all the main elements of a draft intergovernmental agreement""}, {""name"": ""draft_elements"", ""value"": ""all the main elements of a draft amendment to an intergovernmental agreement""}]}]}, ""legal_patterns"": [{""pattern_name"": ""InformMemberStateBeforeNegotiations"", ""description"": ""Member State is informed before the opening of negotiations"", ""entities_involved"": [""MemberState"", ""InterGovernmentalAgreement""]}, {""pattern_name"": ""InformCommissionAfterNegotiations"", ""description"": ""Commission is informed after the main elements of a draft agreement are agreed upon"", ""entities_involved"": [""Commission"", ""InterGovernmentalAgreement""]}, {""pattern_name"": ""NotifyDraftAgreement"", ""description"": ""Member State notifies Commission of draft agreement for ex-ante assessment"", ""entities_involved"": [""MemberState"", ""InterGovernmentalAgreement"", ""Commission""]}], ""example_instances"": [{""entity"": ""InterGovernmentalAgreement"", ""example_value"": ""Inter-Governmental Agreement on Gas or Oil"", ""source_context"": ""Article 2: As soon as an agreement has been reached by the parties on all the main elements of a draft intergovernmental agreement relating to gas or oil, but before the closure of formal negotiations, the Member State concerned shall notify to the Commission the draft agreement or amendment, including any annexes thereto, for ex-ante assessment in accordance with Article 5.""}, {""entity"": ""MemberState"", ""example_value"": ""Member State concerned"", ""source_context"": ""Article 3: Where a Member State negotiates an intergovernmental agreement or amendment relating to electricity and has been unable, on the basis of its own assessment, to reach a firm conclusion as to the compatibility of the intergovernmental agreement or amendment under negotiation with Union law, it shall notify to the Commission the draft agreement or amendment, including any annexes thereto, for ex-ante assessment in accordance with Article 5, as soon as an agreement has been reached by the parties on all the main elements of that""}]}"
39,32017D0684_11,32017D0684,"{""ontology_name"": ""LegalAgreementNotificationOntology"", ""description"": ""An ontology for legal agreements and notifications related to intergovernmental agreements and amendments."", ""odrl_alignment"": {""core_entities"": [""Asset"", ""Party"", ""Permission"", ""Duty"", ""Constraint""], ""extensions"": [""LegalInstrument"", ""Regulation""]}, ""classes"": [{""name"": ""LegalAgreement"", ""type"": ""ODRL_core"", ""description"": ""A legal agreement or amendment, including any annexes thereto.""}, {""name"": ""MemberState"", ""type"": ""ODRL_core"", ""description"": ""A member state party to the intergovernmental agreement or amendment.""}, {""name"": ""Commission"", ""type"": ""ODRL_core"", ""description"": ""The European Commission, which may issue opinions and provide notifications.""}], ""relationships"": [{""source"": ""LegalAgreement"", ""relation"": ""appliesTo"", ""target"": ""MemberState"", ""description"": ""A Member State may apply the obligations of the LegalAgreement.""}, {""source"": ""LegalAgreement"", ""relation"": ""appliesTo"", ""target"": ""Commission"", ""description"": ""The Commission may apply the obligations of the LegalAgreement.""}], ""rights_model"": {""permissions"": [{""action"": ""notify_to_commission"", ""asset"": ""LegalAgreement"", ""party"": ""MemberState"", ""constraints"": [{""name"": ""effective_until"", ""value"": ""1985""}]}], ""duties"": [{""action"": ""notify_to_commission"", ""party"": ""MemberState"", ""constraints"": [{""name"": ""ratification"", ""value"": ""ratified_intergovernmental_agreement_or_amendment""}]}]}, ""legal_patterns"": [{""pattern_name"": ""NotificationPattern"", ""description"": ""Member States notify the Commission of intergovernmental agreements or amendments."", ""entities_involved"": [""MemberState"", ""LegalAgreement"", ""Commission""]}], ""example_instances"": [{""entity"": ""LegalAgreement"", ""example_value"": ""Article 5(1) and (2) of the intergovernmental agreement"", ""source_context"": ""Article 5(1) and (2) of the intergovernmental agreement, including any annexes thereto, for ex-ante assessment in accordance with Article 5, as soon as an agreement has been reached by the parties on all the main elements of that draft, but before the closure of formal negotiations.""}]}"
39,32017D0684_12,32017D0684,"{""ontology_name"": ""LegalFrameworkOntology"", ""description"": ""An ontology for legal framework related to intergovernmental agreements and notifications"", ""odrl_alignment"": {""core_entities"": [""Asset"", ""Party"", ""Permission"", ""Duty"", ""Constraint""], ""extensions"": [""LegalInstrument"", ""Regulation""]}, ""classes"": [{""name"": ""LegalFramework"", ""type"": ""ODRL_core"", ""description"": ""A legal framework governing intergovernmental agreements and notifications""}], ""relationships"": [{""source"": ""LegalFramework"", ""relation"": ""appliesTo"", ""target"": ""MemberState"", ""description"": ""A LegalFramework applies to a MemberState""}], ""rights_model"": {""permissions"": [{""action"": ""provide_advice_on_avoid_incompatibility"", ""asset"": ""LegalFramework"", ""party"": ""Commission"", ""constraints"": [{""name"": ""date_of_notification"", ""value"": ""date of notification of the complete draft intergovernmental agreement or amendment""}, {""name"": ""5_weeks"", ""value"": ""5 weeks""}]}, {""action"": ""provide_advice_on_avoid_incompatibility"", ""asset"": ""LegalFramework"", ""party"": ""MemberState"", ""constraints"": [{""name"": ""date_of_request"", ""value"": ""date of request for assistance in negotiations""}]}, {""action"": ""provide_advice_on_avoid_incompatibility"", ""asset"": ""LegalFramework"", ""party"": ""Commission"", ""constraints"": [{""name"": ""written_approval"", ""value"": ""written approval of the Member State concerned""}]}], ""duties"": [{""action"": ""inform_member_state_of_doubts"", ""party"": ""Commission"", ""constraints"": [{""name"": ""5_weeks"", ""value"": ""5 weeks""}]}]}, ""legal_patterns"": [{""pattern_name"": ""NotificationAndAssistancePattern"", ""description"": ""Pattern for notification of complete draft intergovernmental agreement and subsequent assistance and advice"", ""entities_involved"": [""LegalFramework"", ""MemberState"", ""Commission""]}], ""example_instances"": [{""entity"": ""LegalFramework"", ""example_value"": ""Article 4 Assistance from the Commission"", ""source_context"": ""Where a Member State gives the Commission notice of negotiations pursuant to Article 3(1), the Commission services may provide it with advice on how to avoid incompatibility with Union law of the intergovernmental agreement or of the amendment to an intergovernmental agreement under negotiation.""}, {""entity"": ""LegalFramework"", ""example_value"": ""Article 5 Assessment by the Commission"", ""source_context"": ""The Commission shall, within 5 weeks of the date of notification of the complete draft intergovernmental agreement or amendment, including any annexes thereto, pursuant to Article 3(2), inform the Member State concerned of any doubts it may have as to the compatibility with Union law of the draft intergov""}]}"
39,32017D0684_13,32017D0684,"{""ontology_name"": ""EU_Notification_Ontology"", ""description"": ""An ontology for EU notification obligations and assessments related to intergovernmental agreements and amendments."", ""odrl_alignment"": {""core_entities"": [""Asset"", ""Party"", ""Permission"", ""Duty"", ""Constraint""], ""extensions"": [""LegalInstrument"", ""Regulation""]}, ""classes"": [{""name"": ""Notification_Obligation"", ""type"": ""ODRL_core"", ""description"": ""A notification obligation imposed on a Member State by the Commission.""}, {""name"": ""Opinion_Obligation"", ""type"": ""ODRL_core"", ""description"": ""An obligation for the Commission to provide an opinion on the compatibility of an intergovernmental agreement or amendment with Union law.""}], ""relationships"": [{""source"": ""Notification_Obligation"", ""relation"": ""appliesTo"", ""target"": ""Member_State"", ""description"": ""A notification obligation applies to a Member State.""}, {""source"": ""Opinion_Obligation"", ""relation"": ""appliesTo"", ""target"": ""Member_State"", ""description"": ""An opinion obligation applies to a Member State.""}], ""rights_model"": {""permissions"": [{""action"": ""inform_member_state"", ""asset"": ""Draft_Intergovernmental_Agreement_or_Amendment"", ""party"": ""Commission"", ""constraints"": [{""name"": ""time_period"", ""value"": ""12 weeks""}]}, {""action"": ""inform_member_state_doubts"", ""asset"": ""Draft_Intergovernmental_Agreement_or_Amendment"", ""party"": ""Commission"", ""constraints"": [{""name"": ""time_period"", ""value"": ""12 weeks""}]}], ""duties"": [{""action"": ""take_account_of_opinion"", ""party"": ""Member_State"", ""constraints"": []}]}, ""legal_patterns"": [{""pattern_name"": ""Notification_Obligation_Pattern"", ""description"": ""The Commission's obligation to inform a Member State of any doubts or its opinion on the compatibility of a draft intergovernmental agreement or amendment."", ""entities_involved"": [""Commission"", ""Member_State"", ""Draft_Intergovernmental_Agreement_or_Amendment""]}, {""pattern_name"": ""Opinion_Obligation_Pattern"", ""description"": ""The Commission's obligation to provide an opinion on the compatibility of a draft intergovernmental agreement or amendment with Union law."", ""entities_involved"": [""Commission"", ""Member_State"", ""Draft_Intergovernmental_Agreement_or_Amendment""]}], ""example_instances"": [{""entity"": ""Notification_Obligation"", ""example_value"": ""Article 3(2) of the text"", ""source_context"": ""Article 3(2) of the text: 'inform the Member State concerned of any doubts it may have as to the compatibility with Union law of the draft intergovernmental agreement or amendment.'""}, {""entity"": ""Opinion_Obligation"", ""example_value"": ""Article 2 of the text"", ""source_context"": ""Article 2 of the text: 'Where the Commission informs the Member State concerned pursuant to paragraph 1 that it has doubts, it shall provide the Member State concerned with its opinion on the compatibility with Union law, in particular with internal energy market rules and Union competition law, of the draft intergovernmental agreement or amendment within 12 weeks of the date of notification referred to in paragraph 1.'""}]}"
39,32017D0684_14,32017D0684,"{""ontology_name"": ""EnergyAgreementNotification"", ""description"": ""Ontology for Notification obligations and assessment by the Commission regarding intergovernmental agreements and electricity"", ""odrl_alignment"": {""core_entities"": [""Asset"", ""Party"", ""Permission"", ""Duty"", ""Constraint""], ""extensions"": [""LegalInstrument"", ""Regulation""]}, ""classes"": [{""name"": ""NotificationRequirement"", ""type"": ""ODRL_core"", ""description"": ""A requirement for Member States to notify intergovernmental agreements to the Commission""}, {""name"": ""AssessmentRequirement"", ""type"": ""ODRL_core"", ""description"": ""A requirement for the Commission to assess intergovernmental agreements""}], ""relationships"": [{""source"": ""NotificationRequirement"", ""relation"": ""appliesTo"", ""target"": ""MemberState"", ""description"": ""Member States are required to notify intergovernmental agreements to the Commission""}, {""source"": ""AssessmentRequirement"", ""relation"": ""appliesTo"", ""target"": ""MemberState"", ""description"": ""Member States are required to allow the Commission to assess intergovernmental agreements""}], ""rights_model"": {""permissions"": [{""action"": ""notify_intergovernmental_agreement"", ""asset"": ""InterGovernmentalAgreement"", ""party"": ""MemberState"", ""constraints"": [{""name"": ""notification_date"", ""value"": ""2017-08-03""}]}], ""duties"": [{""action"": ""notify_intergovernmental_agreement"", ""party"": ""MemberState"", ""constraints"": [{""name"": ""notification_date"", ""value"": ""2017-08-03""}]}]}, ""legal_patterns"": [{""pattern_name"": ""NotificationRequirementPattern"", ""description"": ""Pattern for notification requirements"", ""entities_involved"": [""NotificationRequirement"", ""MemberState""]}, {""pattern_name"": ""AssessmentRequirementPattern"", ""description"": ""Pattern for assessment requirements"", ""entities_involved"": [""AssessmentRequirement"", ""MemberState""]}], ""example_instances"": [{""entity"": ""NotificationRequirement"", ""example_value"": ""Article 6 Notification obligations and assessment by the Commission with respect to existing intergovernmental agreements and to new intergovernmental agreements relating to electricity"", ""source_context"": ""Article 6 Notification obligations and assessment by the Commission with respect to existing intergovernmental agreements and to new intergovernmental agreements relating to electricity""}, {""entity"": ""AssessmentRequirement"", ""example_value"": ""Article 7 Notification with respect to non-binding"", ""source_context"": ""Article 7 Notification with respect to non-binding""}]}"
39,32017D0684_15,32017D0684,"{""ontology_name"": ""Union_Competition_Law_ODRL"", ""description"": ""ODRL-aligned ontology for Union Competition Law"", ""odrl_alignment"": {""core_entities"": [""Asset"", ""Party"", ""Permission"", ""Duty"", ""Constraint""], ""extensions"": [""LegalInstrument"", ""Regulation""]}, ""classes"": [{""name"": ""Notification"", ""type"": ""ODRL_core"", ""description"": ""A notification action by the Commission to Member States""}, {""name"": ""NonBindingInstrument"", ""type"": ""ODRL_core"", ""description"": ""A non-binding instrument or amendment to a non-binding instrument""}, {""name"": ""InterGovernmentalAgreement"", ""type"": ""ODRL_core"", ""description"": ""An intergovernmental agreement or amendment""}], ""relationships"": [{""source"": ""Notification"", ""relation"": ""appliesTo"", ""target"": ""NonBindingInstrument""}, {""source"": ""Notification"", ""relation"": ""appliesTo"", ""target"": ""InterGovernmentalAgreement""}], ""rights_model"": {""permissions"": [{""action"": ""notify_member_states"", ""asset"": ""NonBindingInstrument"", ""party"": ""MemberState"", ""constraints"": [{""name"": ""time"", ""value"": ""9 months""}]}, {""action"": ""notify_member_states_existing"", ""asset"": ""InterGovernmentalAgreement"", ""party"": ""MemberState"", ""constraints"": [{""name"": ""time"", ""value"": ""3 August 2017""}]}], ""duties"": [{""action"": ""notify_member_states_existing"", ""party"": ""MemberState"", ""constraints"": [{""name"": ""confidentiality"", ""value"": ""MemberState shall make such an indication with regard to the existing agreements referred to in Article 6(2) by 3 August 2017.""}]}]}, ""legal_patterns"": [{""pattern_name"": ""NotificationPattern"", ""description"": ""Pattern for notifying Member States about notifications"", ""entities_involved"": [""Notification"", ""MemberState""]}, {""pattern_name"": ""ExistingNotificationPattern"", ""description"": ""Pattern for notifying Member States about existing non-binding instruments"", ""entities_involved"": [""Notification"", ""MemberState""]}, {""pattern_name"": ""ConfidentialityPattern"", ""description"": ""Pattern for confidentiality notifications"", ""entities_involved"": [""Notification"", ""MemberState""]}], ""example_instances"": [{""entity"": ""Notification"", ""example_value"": ""Union competition law, the Commission shall inform the Member States concerned accordingly within 9 months of the notification of those agreements."", ""source_context"": ""Union competition law, the Commission shall inform the Member States concerned accordingly within 9 months of the notification of those agreements.""}, {""entity"": ""NonBindingInstrument"", ""example_value"": ""Member States may also notify to the Commission existing non-binding instruments, including any annexes and amendments thereto."", ""source_context"": ""Member States may also notify to the Commission existing non-binding instruments, including any annexes and amendments thereto.""}, {""entity"": ""InterGovernmentalAgreement"", ""example_value"": ""Where a Member State has identified as confidential in accordance with paragraph 1 an existing intergovernmental agreement, an amendment thereto or a new intergovernmental agreement, that Member State shall make available a summary of the information."", ""source_context"": ""Where a Member State has identified as confidential in accordance with paragraph 1 an existing intergovernmental agreement, an amendment thereto or a new intergovernmental agreement, that Member State shall make available a summary of the information.""}]}"
40,32017D0684_16,32017D0684,"{""ontology_name"": ""EU_Government_Agreement_Ontology"", ""description"": ""An ontology for EU Government Agreements, Amendments, and New Agreements"", ""odrl_alignment"": {""core_entities"": [""Asset"", ""Party"", ""Permission"", ""Duty"", ""Constraint""], ""extensions"": [""LegalInstrument"", ""Regulation""]}, ""classes"": [{""name"": ""Agreement"", ""type"": ""ODRL_core"", ""description"": ""Represents an intergovernmental agreement, amendment, or new intergovernmental agreement""}], ""relationships"": [{""source"": ""Agreement"", ""relation"": ""appliesTo"", ""target"": ""MemberState"", ""description"": ""Member State is responsible for making available a summary of the information submitted""}, {""source"": ""Agreement"", ""relation"": ""appliesTo"", ""target"": ""Commission"", ""description"": ""Commission is responsible for making summaries accessible in electronic form to all other Member States""}], ""rights_model"": {""permissions"": [{""action"": ""make_summary_available"", ""asset"": ""Agreement"", ""party"": ""MemberState"", ""constraints"": [{""name"": ""duration"", ""value"": ""effective until 1985""}]}, {""action"": ""make_summaries_accessible"", ""asset"": ""Agreement"", ""party"": ""Commission"", ""constraints"": [{""name"": ""access"", ""value"": ""limited to Commission services for which it is absolutely necessary to have the information available""}]}], ""duties"": [{""action"": ""handle_confidential_information"", ""party"": ""Commission"", ""constraints"": [{""name"": ""confidentiality"", ""value"": ""strictly limited to Commission services for which it is absolutely necessary to have the information available""}]}]}, ""legal_patterns"": [{""pattern_name"": ""Summary_Making_Pattern"", ""description"": ""Member State makes available a summary of the information submitted"", ""entities_involved"": [""MemberState"", ""Agreement""]}, {""pattern_name"": ""Summary_Access_Pattern"", ""description"": ""Commission makes summaries accessible in electronic form to all other Member States"", ""entities_involved"": [""Commission"", ""Agreement""]}, {""pattern_name"": ""Confidentiality_Handling_Pattern"", ""description"": ""Commission handles sensitive information about negotiations relating to intergovernmental agreements with due confidentiality"", ""entities_involved"": [""Commission"", ""Agreement""]}], ""example_instances"": [{""entity"": ""MemberState"", ""example_value"": ""Article 3(1) to (4)"", ""source_context"": ""The paragraph shall not apply to information submitted in accordance with Article 3(1) to (4).""}, {""entity"": ""Agreement"", ""example_value"": ""intergovernmental agreement, an amendment thereto or a new intergovernmental agreement"", ""source_context"": ""intergovernmental agreement, an amendment thereto or a new intergovernmental agreement, that Member State shall make available a summary of the information submitted.""}]}"
40,32017D0684_17,32017D0684,"{""ontology_name"": ""EU_InterGovernmental_Agreements"", ""description"": ""Legal framework for EU intergovernmental agreements and related obligations"", ""odrl_alignment"": {""core_entities"": [""Asset"", ""Party"", ""Permission"", ""Duty"", ""Constraint""], ""extensions"": [""LegalInstrument"", ""Regulation""]}, ""classes"": [{""name"": ""InterGovernmentalAgreement"", ""type"": ""ODRL_core"", ""description"": ""A bilateral intergovernmental agreement involving several Member States or the Union as a whole""}, {""name"": ""ModelClause"", ""type"": ""ODRL_core"", ""description"": ""An optional model clause for intergovernmental agreements""}, {""name"": ""Report"", ""type"": ""ODRL_core"", ""description"": ""A report submitted by the Commission to the European Parliament, Council, and other bodies""}, {""name"": ""Proposal"", ""type"": ""ODRL_core"", ""description"": ""A proposal to revise a decision""}], ""relationships"": [{""source"": ""InterGovernmentalAgreement"", ""relation"": ""appliesTo"", ""target"": ""MemberState"", ""description"": ""An intergovernmental agreement applies to Member States""}, {""source"": ""ModelClause"", ""relation"": ""appliesTo"", ""target"": ""InterGovernmentalAgreement"", ""description"": ""A model clause applies to intergovernmental agreements""}, {""source"": ""Report"", ""relation"": ""appliesTo"", ""target"": ""EuropeanParliament"", ""description"": ""A report applies to the European Parliament""}], ""rights_model"": {""permissions"": [{""action"": ""calculate_import_duty"", ""asset"": ""InterGovernmentalAgreement"", ""party"": ""MemberState"", ""constraints"": [{""name"": ""effective_until"", ""value"": ""2017-05-02""}]}, {""action"": ""review_intergovernmental_agreements"", ""asset"": ""InterGovernmentalAgreement"", ""party"": ""EuropeanParliament"", ""constraints"": [{""name"": ""includes_field"", ""value"": ""electricity""}]}], ""duties"": [{""action"": ""submit_report"", ""party"": ""Commission"", ""constraints"": [{""name"": ""includes_field"", ""value"": ""intergovernmental agreements""}]}]}, ""legal_patterns"": [{""pattern_name"": ""ModelClauseDevelopment"", ""description"": ""Development of optional model clauses and guidance by the Commission"", ""entities_involved"": [""Commission"", ""MemberStates""]}, {""pattern_name"": ""ReportSubmission"", ""description"": ""Submission of a report by the Commission to the European Parliament, Council, and other bodies"", ""entities_involved"": [""Commission"", ""EuropeanParliament"", ""Council"", ""EuropeanEconomicAndSocialCommittee"", ""CommitteeOfTheRegions""]}, {""pattern_name"": ""DecisionRepeal"", ""description"": ""Repeal of Decision No 994/2012/EU"", ""entities_involved"": [""EuropeanParliament"", ""Council"", ""Commission""]}], ""example_instances"": [{""entity"": ""InterGovernmentalAgreement"", ""example_value"": ""Article 1 of the Decision"", ""source_context"": ""Article 1 of the Decision: 'tilateral intergovernmental agreements involving several Member States or the Union as a whole.'""}, {""entity"": ""ModelClause"", ""example_value"": ""Article 2 of the Decision"", ""source_context"": ""Article 2 of the Decision: 'By 3 May 2018, the Commission shall, on the basis of best practices and in consultation with Member States, develop optional model clauses and guidance, including a list of examples of clauses that do not respect Union law and should therefore not be used.'""}, {""entity"": ""Report"", ""example_value"": ""Article 1 of the Report"", ""source_context"": ""Article 1 of the Report: 'By 1 January 2020, the Commission shall submit a report on the application of this Decision to the European Parliament, the Council, the European Economic and Social Committee and the Committee of the Regions.'""}]}"
40,32017D0684_18,32017D0684,"{""ontology_name"": ""LegalFramework_2017"", ""description"": ""Legal framework for EU documents and agreements"", ""odrl_alignment"": {""core_entities"": [""Asset"", ""Party"", ""Permission"", ""Duty"", ""Constraint""], ""extensions"": [""LegalInstrument"", ""Regulation""]}, ""classes"": [{""name"": ""LegalInstrument"", ""type"": ""ODRL_core"", ""description"": ""A legal instrument such as a regulation, decision, or position""}], ""relationships"": [{""source"": ""LegalInstrument"", ""relation"": ""appliesTo"", ""target"": ""Asset"", ""description"": ""A legal instrument applies to an asset (e.g., a document)""}], ""rights_model"": {""permissions"": [{""action"": ""use_document"", ""asset"": ""Regulation (EU) No 994/2010"", ""party"": ""European Parliament"", ""constraints"": [{""name"": ""date"", ""value"": ""2010-11-12""}]}, {""action"": ""use_document"", ""asset"": ""Decision No 994/2012/EU"", ""party"": ""Council of the European Union"", ""constraints"": [{""name"": ""date"", ""value"": ""2012-10-25""}]}], ""duties"": [{""action"": ""publish_document"", ""party"": ""European Parliament"", ""constraints"": []}, {""action"": ""publish_document"", ""party"": ""Council of the European Union"", ""constraints"": []}]}, ""legal_patterns"": [{""pattern_name"": ""PublicationPattern"", ""description"": ""Publication of a legal instrument in the Official Journal"", ""entities_involved"": [""LegalInstrument"", ""OfficialJournal""]}], ""example_instances"": [{""entity"": ""LegalInstrument"", ""example_value"": ""81. (2) Position of the European Parliament of 2 March 2017 (not yet published in the Official Journal)"", ""source_context"": ""81. (2) Position of the European Parliament of 2 March 2017 (not yet published in the Official Journal)""}, {""entity"": ""LegalInstrument"", ""example_value"": ""3. Decision No 994/2012/EU of the European Parliament and of the Council of 25 October 2012 establishing an information exchange mechanism with regard to intergovernmental agreements between Member States and third countries in the field of energy (OJ L 299, 27.10.2012, p. 13)"", ""source_context"": ""3. Decision No 994/2012/EU of the European Parliament and of the Council of 25 October 2012 establishing an information exchange mechanism with regard to intergovernmental agreements between Member States and third countries in the field of energy (OJ L 299, 27.10.2012, p. 13)""}]}"
40,32017D0559_0,32017D0559,"{""ontology_name"": ""EGF_Mobilization_Ontology"", ""description"": ""Ontology for the mobilization of the European Globalisation Adjustment Fund (EGF)"", ""odrl_alignment"": {""core_entities"": [""Asset"", ""Party"", ""Permission"", ""Duty"", ""Constraint""], ""extensions"": [""LegalInstrument"", ""Regulation""]}, ""classes"": [{""name"": ""EGF_Mobilization"", ""type"": ""ODRL_core"", ""description"": ""A mobilization of the European Globalisation Adjustment Fund (EGF)""}], ""relationships"": [{""source"": ""EGF_Mobilization"", ""relation"": ""appliesTo"", ""target"": ""EGF"", ""description"": ""An EGF Mobilization applies to the European Globalisation Adjustment Fund""}], ""rights_model"": {""permissions"": [{""action"": ""calculate_import_duty"", ""asset"": ""EGF_Mobilization"", ""party"": ""Netherlands"", ""constraints"": [{""name"": ""amount"", ""value"": ""EUR 150 million (2011 prices)""}]}], ""duties"": [{""action"": ""calculate_import_duty"", ""party"": ""Netherlands"", ""constraints"": [{""name"": ""amount"", ""value"": ""EUR 150 million (2011 prices)""}]}]}, ""legal_patterns"": [{""pattern_name"": ""EGF_Mobilization_Application"", ""description"": ""The process of applying for and mobilizing the EGF"", ""entities_involved"": [""EGF_Mobilization"", ""Netherlands"", ""EGF""]}], ""example_instances"": [{""entity"": ""EGF_Mobilization"", ""example_value"": ""DECISION (EU) 2017/559 OF THE EUROPEAN PARLIAMENT AND OF THE COUNCIL of 15 March 2017 on the mobilisation of the European Globalisation Adjustment Fund following an application from the Netherlands"", ""source_context"": ""THE EUROPEAN PARLIAMENT AND THE COUNCIL OF THE EUROPEAN UNION, Having regard to the Treaty on the Functioning of the European Union, Having regard to Regulation (EU) No 1309/2013 of the European Parliament and of the Council of 17 December 2013 on the European Globalisation Adjustment Fund (2014-2020) and repealing Regulation (EC) No 1927/2006 (1), and in particular Article 15(4) thereof, Having regard to the Interinstitutional Agreement of 2 December 2013 between the European Parliament, the Council and the Commission on budgetary discipline, on cooperation in budgetary matters and on sound financial management (2), and in particular point 13 thereof, Having regard to the proposal from the European Commission, Whereas:""}]}"
40,32017D0559_1,32017D0559,"{""ontology_name"": ""EGF_Mobilisation_Ontology"", ""description"": ""An ontology for the mobilisation of the European Globalisation Adjustment Fund (EGF) as per Regulation (EU) No 1309/2013."", ""odrl_alignment"": {""core_entities"": [""Asset"", ""Party"", ""Permission"", ""Duty"", ""Constraint""], ""extensions"": [""LegalInstrument"", ""Regulation""]}, ""classes"": [{""name"": ""EGF_Mobilisation"", ""type"": ""ODRL_core"", ""description"": ""A mobilisation of the European Globalisation Adjustment Fund (EGF) as per Regulation (EU) No 1309/2013.""}], ""relationships"": [{""source"": ""EGF_Mobilisation"", ""relation"": ""appliesTo"", ""target"": ""Article_1"", ""description"": ""The EGF mobilisation is applied to the Article 1 of the decision.""}, {""source"": ""EGF_Mobilisation"", ""relation"": ""appliesTo"", ""target"": ""Article_2"", ""description"": ""The EGF mobilisation is applied to the Article 2 of the decision.""}], ""rights_model"": {""permissions"": [{""action"": ""calculate_financial_contribution"", ""asset"": ""EGF_Mobilisation"", ""party"": ""Netherlands"", ""constraints"": [{""name"": ""date_of_adoption"", ""value"": ""15 March 2017""}]}], ""duties"": [{""action"": ""mobilise_EGF"", ""party"": ""European_Union"", ""constraints"": [{""name"": ""date_of_application"", ""value"": ""15 March 2017""}]}]}, ""legal_patterns"": [{""pattern_name"": ""EGF_Mobilisation_Pattern"", ""description"": ""A pattern for the mobilisation of the EGF as per Regulation (EU) No 1309/2013."", ""entities_involved"": [""EGF_Mobilisation"", ""Netherlands"", ""European_Union""]}], ""example_instances"": [{""entity"": ""EGF_Mobilisation"", ""example_value"": ""Article 1 of the decision"", ""source_context"": ""Article 1: For the general budget of the Union for the financial year 2017, the European Globalisation Adjustment Fund shall be mobilised to provide the amount of EUR 1 818 750 in commitment and payment appropriations.""}, {""entity"": ""EGF_Mobilisation"", ""example_value"": ""Article 2 of the decision"", ""source_context"": ""Article 2: This decision shall enter into force on the day of its publication in the Official Journal of the European Union. It shall apply from 15 March 2017.""}]}"
41,32017D0344_0,32017D0344,"{""ontology_name"": ""EU_Decision_Mobilization"", ""description"": ""Representation of the mobilization decision and its constraints within the European Union framework"", ""odrl_alignment"": {""core_entities"": [""Asset"", ""Party"", ""Permission"", ""Duty"", ""Constraint""], ""extensions"": [""LegalInstrument"", ""Regulation""]}, ""classes"": [{""name"": ""Decision"", ""type"": ""ODRL_core"", ""description"": ""A decision made by the European Parliament and the Council""}, {""name"": ""Contingency_Margin"", ""type"": ""ODRL_core"", ""description"": ""A financial buffer established by the European Union""}, {""name"": ""Party"", ""type"": ""ODRL_core"", ""description"": ""An individual or organization involved in the decision""}, {""name"": ""Asset"", ""type"": ""ODRL_core"", ""description"": ""The Contingency Margin itself""}], ""relationships"": [{""source"": ""Decision"", ""relation"": ""appliesTo"", ""target"": ""Contingency_Margin"", ""description"": ""The Decision applies to the Contingency Margin""}], ""rights_model"": {""permissions"": [{""action"": ""calculate_contingency_margin_amount"", ""asset"": ""Contingency_Margin"", ""party"": ""European_Commission"", ""constraints"": [{""name"": ""time"", ""value"": ""beginning_of_financial_year_2017""}]}], ""duties"": [{""action"": ""increase_commitment_appropriations"", ""party"": ""European_Union"", ""constraints"": [{""name"": ""mobilization"", ""value"": ""increase_commitment_appropriations""}]}]}, ""legal_patterns"": [{""pattern_name"": ""Mobilization_of_Contingency_Margin"", ""description"": ""The process of mobilizing the Contingency Margin to address unforeseen circumstances"", ""entities_involved"": [""Decision"", ""Contingency_Margin"", ""European_Commission"", ""European_Union""]}], ""example_instances"": [{""entity"": ""Decision"", ""example_value"": ""DECISION (EU) 2017/344"", ""source_context"": ""THE EUROPEAN PARLIAMENT AND THE COUNCIL OF THE EUROPEAN UNION, Having regard to the Treaty on the Functioning of the European Union, Having regard to the Interinstitutional Agreement of 2 December 2013 between the European Parliament, the Council and the Commission on budgetary discipline, on cooperation in budgetary matters and on sound financial management (1), and in particular the second paragraph of point 14 thereof, Having regard to the proposal from the European Commission, Whereas, (1) Article 13 of Council Regulation (EU, Euratom) No 1311/2013 (2) has established a Contingency Margin of up to 0,03 % of the Gross National Income of the Union. (2) In accordance with Article 6 of that Regulation, the Commission has calculated the absolute amount of the Contingency Margin for 2017 (3). (3) After having examined all other financial possibilities to react to unforeseen circumstances within the 2017 commitment ceilings for headings 3 (Security and citizenship) and 4 (Global Europe) of the multiannual financial framework, and having regard to the mobilisation of the Flexibility Instrument for the full amount of EUR 530 million available in 2017, it appears necessary to mobilise the Contingency Margin to address the needs stemming from the migration, refugee and security crisis, by increasing the commitment appropriations in the general budget of the Union for the financial year 2017, over and above the ceilings of headings 3 and 4 of the multiannual financial framework. (4) Having regard to this very particular situation, the last-resort condition in Article 13(1) of Regulation (EU, Euratom) No 1311/2013 is fulfilled. (5) In order to minimise the time taken to mobilise the Contingency Margin, this Decision should apply from the beginning of the financial year 2017, ""}]}"
41,32017D0344_1,32017D0344,"{""ontology_name"": ""EU_Multiannual_Financial_Framework"", ""description"": ""Legal framework for the multiannual financial framework of the European Union"", ""odrl_alignment"": {""core_entities"": [""Asset"", ""Party"", ""Permission"", ""Duty"", ""Constraint""], ""extensions"": [""LegalInstrument"", ""Regulation""]}, ""classes"": [{""name"": ""LegalInstrument"", ""type"": ""ODRL_core"", ""description"": ""A legal instrument that defines the terms and conditions for the use of resources within the framework""}], ""relationships"": [{""source"": ""LegalInstrument"", ""relation"": ""appliesTo"", ""target"": ""Asset"", ""description"": ""The LegalInstrument applies to the Contingency Margin and the multiannual financial framework""}], ""rights_model"": {""permissions"": [{""action"": ""use_contingency_margin"", ""asset"": ""Contingency Margin"", ""party"": ""Union"", ""constraints"": [{""name"": ""financial_year"", ""value"": ""2017""}, {""name"": ""commitment_ceiling"", ""value"": ""EUR 1 176 030 960""}]}, {""action"": ""use_contingency_margin_2018"", ""asset"": ""Contingency Margin"", ""party"": ""Union"", ""constraints"": [{""name"": ""financial_year"", ""value"": ""2018""}, {""name"": ""commitment_ceiling"", ""value"": ""EUR 730 120 000""}]}, {""action"": ""use_contingency_margin_2019"", ""asset"": ""Contingency Margin"", ""party"": ""Union"", ""constraints"": [{""name"": ""financial_year"", ""value"": ""2019""}, {""name"": ""commitment_ceiling"", ""value"": ""EUR 730 120 000""}]}], ""duties"": [{""action"": ""offset_margin"", ""party"": ""Union"", ""constraints"": [{""name"": ""financial_year"", ""value"": ""2017""}, {""name"": ""commitment_ceiling"", ""value"": ""EUR 575 000 000""}]}, {""action"": ""offset_margin_2018"", ""party"": ""Union"", ""constraints"": [{""name"": ""financial_year"", ""value"": ""2018""}, {""name"": ""commitment_ceiling"", ""value"": ""EUR 570 000 000""}]}, {""action"": ""offset_margin_2019"", ""party"": ""Union"", ""constraints"": [{""name"": ""financial_year"", ""value"": ""2019""}, {""name"": ""commitment_ceiling"", ""value"": ""EUR 253 882 156""}]}]}, ""legal_patterns"": [{""pattern_name"": ""Contingency_Margin_Mobilization"", ""description"": ""The mobilization of the Contingency Margin to provide commitment appropriations over and above the commitment ceilings"", ""entities_involved"": [""Contingency Margin"", ""Union"", ""Commitment Ceiling""]}], ""example_instances"": [{""entity"": ""LegalInstrument"", ""example_value"": ""OJ C 373, 20.12.2013, p. 1"", ""source_context"": ""OJ C 373, 20.12.2013, p. 1""}]}"
41,32017D0344_2,32017D0344,"{""ontology_name"": ""LegalFramework2017"", ""description"": ""Legal framework for 2017 based on GNI movements"", ""odrl_alignment"": {""core_entities"": [""Asset"", ""Party"", ""Permission"", ""Duty"", ""Constraint""], ""extensions"": [""LegalInstrument"", ""Regulation""]}, ""classes"": [{""name"": ""LegalFramework2017"", ""type"": ""ODRL_core"", ""description"": ""Legal framework for 2017 based on GNI movements""}], ""relationships"": [{""source"": ""LegalFramework2017"", ""relation"": ""appliesTo"", ""target"": ""Regulation2017"", ""description"": ""Legal framework applies to the 2017 regulation""}], ""rights_model"": {""permissions"": [{""action"": ""use_com_2016_311"", ""asset"": ""Regulation2017"", ""party"": ""RightsHolder"", ""constraints"": [{""name"": ""effective_until"", ""value"": ""2017""}]}], ""duties"": [{""action"": ""calculate_import_duty"", ""party"": ""Assignee"", ""constraints"": [{""name"": ""valid_for"", ""value"": ""cereal products""}]}]}, ""legal_patterns"": [{""pattern_name"": ""RegulationBasedOnGNI"", ""description"": ""Regulation based on GNI movements"", ""entities_involved"": [""Regulation2017"", ""GNI""]}], ""example_instances"": [{""entity"": ""Regulation2017"", ""example_value"": ""COM(2016) 311"", ""source_context"": ""amework for 2017 in line with movements in GNI (COM(2016) 311).""}]}"
41,32017D0341_0,32017D0341,"{""ontology_name"": ""EGF_Mobilization_Ontology"", ""description"": ""An ontology for the mobilization of the European Globalisation Adjustment Fund (EGF) following an application from Spain."", ""odrl_alignment"": {""core_entities"": [""Asset"", ""Party"", ""Permission"", ""Duty"", ""Constraint""], ""extensions"": [""LegalInstrument"", ""Regulation""]}, ""classes"": [{""name"": ""EGF_Mobilization"", ""type"": ""ODRL_core"", ""description"": ""A mobilization of the European Globalisation Adjustment Fund (EGF) following an application from Spain.""}], ""relationships"": [{""source"": ""EGF_Mobilization"", ""relation"": ""appliesTo"", ""target"": ""Spain"", ""description"": ""The EGF Mobilization applies to Spain.""}], ""rights_model"": {""permissions"": [{""action"": ""calculate_import_duty"", ""asset"": ""EGF_Mobilization"", ""party"": ""Spain"", ""constraints"": [{""name"": ""spatial"", ""value"": ""Spain""}]}], ""duties"": [{""action"": ""calculate_export_duty"", ""party"": ""Spain"", ""constraints"": [{""name"": ""spatial"", ""value"": ""Spain""}]}]}, ""legal_patterns"": [{""pattern_name"": ""EGF_Mobilization_Application"", ""description"": ""The process of applying for and mobilizing the EGF following an application from Spain."", ""entities_involved"": [""Spain"", ""European Commission""]}], ""example_instances"": [{""entity"": ""EGF_Mobilization"", ""example_value"": ""DECISION (EU) 2017/341 OF THE EUROPEAN PARLIAMENT AND OF THE COUNCIL of 14 December 2016 on the mobilisation of the European Globalisation Adjustment Fund following an application from Spain"", ""source_context"": ""28.2.2017 EN Official Journal of the European Union L 50/51 DECISION (EU) 2017/341 OF THE EUROPEAN PARLIAMENT AND OF THE COUNCIL of 14 December 2016 on the mobilisation of the European Globalisation Adjustment Fund following an application from Spain  EGF/2016/004 ES/Comunidad Valenciana automotive THE EUROPEAN PARLIAMENT AND THE COUNCIL OF THE EUROPEAN UNION, Having regard to the Treaty on the Functioning of the European Union, Having regard to Regulation (EU) No 1309/2013 of the European Parliament and of the Council of 17 December 2013 on the European Globalisation Adjustment Fund (2014-2020) and repealing Regulation (EC) No 1927/2006 (1), and in particular Article 15(4) thereof, Having regard to the Interinstitutional Agreement of 2 December 2013 between the European Parliament, the Council and the Commission on budgetary discipline, on cooperation in budgetary matters and on sound financial management (2), and in particular point 13 thereof, Having regard to the proposal from the European Commission, Whereas:""}]}"
41,32017D0341_1,32017D0341,"{""ontology_name"": ""EGF_Mobilisation_Ontology"", ""description"": ""An ontology for the EGF mobilisation process as described in the provided text."", ""odrl_alignment"": {""core_entities"": [""Asset"", ""Party"", ""Permission"", ""Duty"", ""Constraint""], ""extensions"": [""LegalInstrument"", ""Regulation""]}, ""classes"": [{""name"": ""EGF_Mobilisation"", ""type"": ""ODRL_core"", ""description"": ""A mobilisation of the European Globalisation Adjustment Fund (EGF)""}], ""relationships"": [{""source"": ""EGF_Mobilisation"", ""relation"": ""appliesTo"", ""target"": ""Spain"", ""description"": ""The EGF mobilisation applies to Spain""}], ""rights_model"": {""permissions"": [{""action"": ""calculate_financial_contribution"", ""asset"": ""EGF_Mobilisation"", ""party"": ""Spain"", ""constraints"": [{""name"": ""date_of_adoption"", ""value"": ""14 December 2016""}, {""name"": ""application_date"", ""value"": ""14 December 2016""}, {""name"": ""start_date"", ""value"": ""14 December 2016""}, {""name"": ""end_date"", ""value"": ""2016""}]}], ""duties"": [{""action"": ""mobilise_EGF"", ""party"": ""European_Globalisation_Adjustment_Fund"", ""constraints"": []}]}, ""legal_patterns"": [{""pattern_name"": ""EGF_Mobilisation_Pattern"", ""description"": ""The process of mobilising the EGF for a financial contribution"", ""entities_involved"": [""EGF_Mobilisation"", ""Spain"", ""European_Globalisation_Adjustment_Fund""]}], ""example_instances"": [{""entity"": ""EGF_Mobilisation"", ""example_value"": ""Article 1 For the general budget of the Union for the financial year 2016, the European Globalisation Adjustment Fund shall be mobilised to provide the amount of EUR 856 800 in commitment and payment appropriations."", ""source_context"": ""Article 1 For the general budget of the Union for the financial year 2016, the European Globalisation Adjustment Fund shall be mobilised to provide the amount of EUR 856 800 in commitment and payment appropriations.""}]}"
42,32017D0342_0,32017D0342,"{""ontology_name"": ""Migration_Flexibility_Instrument"", ""description"": ""Ontology for the Flexibility Instrument to finance migration, refugee and security crisis measures"", ""odrl_alignment"": {""core_entities"": [""Asset"", ""Party"", ""Permission"", ""Duty"", ""Constraint""], ""extensions"": [""LegalInstrument"", ""Regulation""]}, ""classes"": [{""name"": ""Migration_Flexibility_Instrument"", ""type"": ""ODRL_core"", ""description"": ""A legal instrument that allows for the mobilization of the Flexibility Instrument to finance migration, refugee and security crisis measures""}], ""relationships"": [{""source"": ""Migration_Flexibility_Instrument"", ""relation"": ""appliesTo"", ""target"": ""Migration_Crisis_Measures"", ""description"": ""The Flexibility Instrument applies to measures in the field of migration, refugees and security""}], ""rights_model"": {""permissions"": [{""action"": ""use_flexibility_instrument"", ""asset"": ""Migration_Flexibility_Instrument"", ""party"": ""European_Parliament_and_Council"", ""constraints"": [{""name"": ""amount"", ""value"": ""EUR 530,000,000""}, {""name"": ""financial_year"", ""value"": ""2017""}]}], ""duties"": [{""action"": ""allocate_funds"", ""party"": ""European_Parliament_and_Council"", ""constraints"": [{""name"": ""amount"", ""value"": ""EUR 530,000,000""}, {""name"": ""financial_year"", ""value"": ""2017""}]}]}, ""legal_patterns"": [{""pattern_name"": ""Mobilization_of_Flexibility_Instrument"", ""description"": ""The European Parliament and Council mobilize the Flexibility Instrument to finance migration, refugee and security crisis measures"", ""entities_involved"": [""European_Parliament_and_Council"", ""Migration_Flexibility_Instrument"", ""Migration_Crisis_Measures""]}], ""example_instances"": [{""entity"": ""Migration_Flexibility_Instrument"", ""example_value"": ""DECISION (EU) 2017/342 OF THE EUROPEAN PARLIAMENT AND OF THE COUNCIL of 14 December 2016 on the mobilisation of the Flexibility Instrument to finance immediate budgetary measures to address the on-going migration, refugee and security crisis"", ""source_context"": ""THE EUROPEAN PARLIAMENT AND THE COUNCIL OF THE EUROPEAN UNION, Having regard to the proposal from the European Commission, Whereas: (4) After having examined all possibilities for re-allocating appropriations under the expenditure ceiling for heading 3 (Security and citizenship), it appears necessary to mobilise the Flexibility Instrument to supplement the financing available in the general budget of the Union for the financial year 2017, beyond the ceilings of heading 3 by the amount of EUR 530,0 million to finance measures in the field of migration, refugees and security.""}]}"
42,32017D0342_1,32017D0342,"{""ontology_name"": ""FlexibilityInstrument_Mobilisation"", ""description"": ""Legal framework for the mobilisation of the Flexibility Instrument within the European Union's budget"", ""odrl_alignment"": {""core_entities"": [""Asset"", ""Party"", ""Permission"", ""Duty"", ""Constraint""], ""extensions"": [""LegalInstrument"", ""Regulation""]}, ""classes"": [{""name"": ""FlexibilityInstrument"", ""type"": ""ODRL_core"", ""description"": ""The Flexibility Instrument as an asset within the European Union's budget framework""}, {""name"": ""PaymentAppropriation"", ""type"": ""ODRL_core"", ""description"": ""The payment appropriations corresponding to the mobilisation of the Flexibility Instrument""}], ""relationships"": [{""source"": ""FlexibilityInstrument"", ""relation"": ""appliesTo"", ""target"": ""PaymentAppropriation"", ""description"": ""The Flexibility Instrument applies to the payment appropriations""}], ""rights_model"": {""permissions"": [{""action"": ""use_flexibility_instrument"", ""asset"": ""FlexibilityInstrument"", ""party"": ""TargetParty"", ""constraints"": [{""name"": ""financial_year"", ""value"": ""2017""}, {""name"": ""amount"", ""value"": ""EUR 530,0 million""}]}, {""action"": ""use_flexibility_instrument_2017"", ""asset"": ""FlexibilityInstrument"", ""party"": ""TargetParty"", ""constraints"": [{""name"": ""financial_year"", ""value"": ""2017""}, {""name"": ""amount"", ""value"": ""EUR 238,3 million""}]}, {""action"": ""use_flexibility_instrument_2018"", ""asset"": ""FlexibilityInstrument"", ""party"": ""TargetParty"", ""constraints"": [{""name"": ""financial_year"", ""value"": ""2018""}, {""name"": ""amount"", ""value"": ""EUR 91,0 million""}]}, {""action"": ""use_flexibility_instrument_2019"", ""asset"": ""FlexibilityInstrument"", ""party"": ""TargetParty"", ""constraints"": [{""name"": ""financial_year"", ""value"": ""2019""}, {""name"": ""amount"", ""value"": ""EUR 141,9 million""}]}, {""action"": ""use_flexibility_instrument_2020"", ""asset"": ""FlexibilityInstrument"", ""party"": ""TargetParty"", ""constraints"": [{""name"": ""financial_year"", ""value"": ""2020""}, {""name"": ""amount"", ""value"": ""EUR 58,8 million""}]}], ""duties"": [{""action"": ""authorise_payment_appropriation"", ""party"": ""ResponsibleParty"", ""constraints"": [{""name"": ""financial_year"", ""value"": ""2017""}, {""name"": ""amount"", ""value"": ""EUR 238,3 million""}]}, {""action"": ""authorise_payment_appropriation_2018"", ""party"": ""ResponsibleParty"", ""constraints"": [{""name"": ""financial_year"", ""value"": ""2018""}, {""name"": ""amount"", ""value"": ""EUR 91,0 million""}]}, {""action"": ""authorise_payment_appropriation_2019"", ""party"": ""ResponsibleParty"", ""constraints"": [{""name"": ""financial_year"", ""value"": ""2019""}, {""name"": ""amount"", ""value"": ""EUR 141,9 million""}]}, {""action"": ""authorise_payment_appropriation_2020"", ""party"": ""ResponsibleParty"", ""constraints"": [{""name"": ""financial_year"", ""value"": ""2020""}, {""name"": ""amount"", ""value"": ""EUR 58,8 million""}]}]}, ""legal_patterns"": [{""pattern_name"": ""MobilisationOfFlexibilityInstrument"", ""description"": ""The process of mobilising the Flexibility Instrument within the European Union's budget framework"", ""entities_involved"": [""FlexibilityInstrument"", ""PaymentAppropriation""]}], ""example_instances"": [{""entity"": ""FlexibilityInstrument"", ""example_value"": ""the Flexibility Instrument as an asset within the European Union's budget framework"", ""source_context"": ""the basis of the expected payment profile, the payment appropriations corresponding to the mobilisation of the Flexibility Instrument should be distributed over several financial years and are estimated at EUR 238,3 million in 2017, EUR 91,0 million in 2018, EUR 141,9 million in 2019 and EUR 58,8 million in 2020.""}, {""entity"": ""PaymentAppropriation"", ""example_value"": ""EUR 238,3 million in 2017; EUR 91,0 million in 2018; EUR 141,9 million in 2019; EUR 58,8 million in 2020"", ""source_context"": ""the payment appropriations corresponding to the mobilisation of the Flexibility Instrument will be as follows: (a) EUR 238,3 million in 2017; (b) EUR 91,0 million in 2018; (c) EUR 141,9 million in 2019; (d) EUR 58,8 million in 2020. The specific amounts for each financial year shall be authorised in accordance with the annual budgetary procedure.""}]}"
42,32017D0343_0,32017D0343,"{""ontology_name"": ""EU_Solidarity_Fund_Decision_2017"", ""description"": ""Ontology for the EU Solidarity Fund Decision 2017, aligned with ODRL 2.2"", ""odrl_alignment"": {""core_entities"": [""Asset"", ""Party"", ""Permission"", ""Duty"", ""Constraint""], ""extensions"": [""LegalInstrument"", ""Regulation""]}, ""classes"": [{""name"": ""Decision"", ""type"": ""ODRL_core"", ""description"": ""A decision made by the European Parliament and Council""}, {""name"": ""Party"", ""type"": ""ODRL_core"", ""description"": ""An individual, organization, or authority involved (RightsHolder or Assignee)""}, {""name"": ""Asset"", ""type"": ""ODRL_core"", ""description"": ""The subject, document, product, or legal resource""}, {""name"": ""Permission"", ""type"": ""ODRL_core"", ""description"": ""An allowed legal action""}, {""name"": ""Duty"", ""type"": ""ODRL_core"", ""description"": ""A mandatory obligation or requirement that a Party MUST perform""}, {""name"": ""Constraint"", ""type"": ""ODRL_core"", ""description"": ""A quantitative or qualitative restriction attached to a Permission or Duty""}], ""relationships"": [{""source"": ""Decision"", ""relation"": ""appliesTo"", ""target"": ""Asset"", ""description"": ""The Decision applies to the Asset (the European Union Solidarity Fund)""}, {""source"": ""Decision"", ""relation"": ""appliesTo"", ""target"": ""Party"", ""description"": ""The Decision applies to the Parties (the European Parliament and the Council)""}], ""rights_model"": {""permissions"": [{""action"": ""mobilise_fund"", ""asset"": ""European Union Solidarity Fund"", ""party"": ""European Parliament and Council"", ""constraints"": [{""name"": ""amount"", ""value"": ""EUR 50 000 000""}, {""name"": ""time"", ""value"": ""from 1 January 2017""}]}], ""duties"": [{""action"": ""apply_for_fund"", ""party"": ""European Parliament and Council"", ""constraints"": []}]}, ""legal_patterns"": [{""pattern_name"": ""Fund_Mobilisation"", ""description"": ""The process of mobilising the European Union Solidarity Fund for the payment of advances"", ""entities_involved"": [""European Union Solidarity Fund"", ""European Parliament and Council""]}], ""example_instances"": [{""entity"": ""Decision"", ""example_value"": ""DECISION (EU) 2017/343 OF THE EUROPEAN PARLIAMENT AND OF THE COUNCIL of 14 December 2016 on the mobilisation of the European Union Solidarity Fund to provide for the payment of advances in the general budget of the Union for 2017"", ""source_context"": ""THE EUROPEAN PARLIAMENT AND THE COUNCIL OF THE EUROPEAN UNION, HAVE ADOPTED THIS DECISION:""}]}"
42,32017D0343_1,32017D0343,"{""ontology_name"": ""EU_Solidarity_Fund_Decision_Ontology"", ""description"": ""Ontology for the European Union Solidarity Fund Decision"", ""odrl_alignment"": {""core_entities"": [""Asset"", ""Party"", ""Permission"", ""Duty"", ""Constraint""], ""extensions"": [""LegalInstrument"", ""Regulation""]}, ""classes"": [{""name"": ""SolidarityFund"", ""type"": ""ODRL_core"", ""description"": ""The European Union Solidarity Fund as an asset""}, {""name"": ""Decision"", ""type"": ""ODRL_core"", ""description"": ""The Decision that mobilises the Solidarity Fund""}], ""relationships"": [{""source"": ""Decision"", ""relation"": ""appliesTo"", ""target"": ""SolidarityFund"", ""description"": ""The Decision applies to the Solidarity Fund""}], ""rights_model"": {""permissions"": [{""action"": ""mobilise_fund"", ""asset"": ""SolidarityFund"", ""party"": ""European_Union"", ""constraints"": [{""name"": ""effective_date"", ""value"": ""2017-01-01""}]}], ""duties"": [{""action"": ""apply_fund"", ""party"": ""European_Union"", ""constraints"": [{""name"": ""amount"", ""value"": ""EUR 50 000 000""}, {""name"": ""payment_appropriations"", ""value"": ""commitment and payment appropriations""}]}]}, ""legal_patterns"": [{""pattern_name"": ""Fund_Mobilisation"", ""description"": ""The process of mobilising the Solidarity Fund"", ""entities_involved"": [""SolidarityFund"", ""European_Union""]}], ""example_instances"": [{""entity"": ""SolidarityFund"", ""example_value"": ""the European Union Solidarity Fund shall be mobilised to provide the amount of EUR 50 000 000 in commitment and payment appropriations for the payment of advances"", ""source_context"": ""Article 1: For the general budget of the Union for the financial year 2017, the European Union Solidarity Fund shall be mobilised to provide the amount of EUR 50 000 000 in commitment and payment appropriations for the payment of advances.""}]}"
42,32017D0339_0,32017D0339,"{""ontology_name"": ""EU_Decision_Mobilization"", ""description"": ""Representation of the mobilization decision and its constraints within the EU legal framework"", ""odrl_alignment"": {""core_entities"": [""Asset"", ""Party"", ""Permission"", ""Duty"", ""Constraint""], ""extensions"": [""LegalInstrument"", ""Regulation""]}, ""classes"": [{""name"": ""Decision"", ""type"": ""ODRL_core"", ""description"": ""A decision made by the European Parliament and the Council""}, {""name"": ""Party"", ""type"": ""ODRL_core"", ""description"": ""An individual or organization involved in the decision (e.g., European Parliament, Council)""}, {""name"": ""Asset"", ""type"": ""ODRL_core"", ""description"": ""The Contingency Margin, which is the subject of the decision""}, {""name"": ""Permission"", ""type"": ""ODRL_core"", ""description"": ""The action of mobilizing the Contingency Margin""}, {""name"": ""Duty"", ""type"": ""ODRL_core"", ""description"": ""The obligation to mobilize the Contingency Margin""}], ""relationships"": [{""source"": ""Decision"", ""relation"": ""appliesTo"", ""target"": ""Asset"", ""description"": ""The decision applies to the Contingency Margin""}, {""source"": ""Decision"", ""relation"": ""appliesTo"", ""target"": ""Party"", ""description"": ""The decision involves the European Parliament and the Council""}, {""source"": ""Permission"", ""relation"": ""appliesTo"", ""target"": ""Asset"", ""description"": ""The permission applies to the Contingency Margin""}, {""source"": ""Duty"", ""relation"": ""appliesTo"", ""target"": ""Asset"", ""description"": ""The duty applies to the Contingency Margin""}], ""rights_model"": {""permissions"": [{""action"": ""mobilize_contingency_margin"", ""asset"": ""Contingency Margin"", ""party"": ""European Parliament and Council"", ""constraints"": [{""name"": ""amount"", ""value"": ""EUR 240,1 million""}, {""name"": ""year"", ""value"": ""2016""}]}], ""duties"": [{""action"": ""mobilize_contingency_margin"", ""party"": ""European Parliament and Council"", ""constraints"": [{""name"": ""unforeseen_circumstances"", ""value"": ""mobilization due to the migration, refugee and security crisis""}, {""name"": ""last_resort_condition"", ""value"": ""Article 13(1) of Regulation (EU, Euratom) No 1311/2013""}]}]}, ""legal_patterns"": [{""pattern_name"": ""Mobilization_of_Contingency_Margin"", ""description"": ""The process of mobilizing the Contingency Margin to address unforeseen circumstances"", ""entities_involved"": [""European Parliament and Council"", ""Contingency Margin""]}], ""example_instances"": [{""entity"": ""Decision"", ""example_value"": ""DECISION (EU) 2017/339 OF THE EUROPEAN PARLIAMENT AND OF THE COUNCIL of 14 December 2016"", ""source_context"": ""Article 1 of the decision text""}]}"
43,32017D0339_1,32017D0339,"{""ontology_name"": ""EU_Financial_Decision_Ontology"", ""description"": ""An ontology for the legal decision related to the mobilisation and offset of the Contingency Margin for the financial year 2016 in the European Union."", ""odrl_alignment"": {""core_entities"": [""Asset"", ""Party"", ""Permission"", ""Duty"", ""Constraint""], ""extensions"": [""LegalInstrument"", ""Regulation""]}, ""classes"": [{""name"": ""Decision"", ""type"": ""ODRL_core"", ""description"": ""A legal decision made by the European Parliament and the Council.""}, {""name"": ""Contingency_Margin"", ""type"": ""ODRL_core"", ""description"": ""The financial resource mobilised to provide commitment appropriations over the commitment ceiling.""}, {""name"": ""Commitment_Appropriations"", ""type"": ""ODRL_core"", ""description"": ""The amount of financial resources allocated to specific commitments.""}, {""name"": ""Publication"", ""type"": ""ODRL_core"", ""description"": ""The act of publishing a legal decision in the Official Journal of the European Union.""}], ""relationships"": [{""source"": ""Decision"", ""relation"": ""appliesTo"", ""target"": ""Contingency_Margin"", ""description"": ""The decision applies to the mobilisation of the Contingency Margin.""}, {""source"": ""Decision"", ""relation"": ""appliesTo"", ""target"": ""Commitment_Appropriations"", ""description"": ""The decision applies to the allocation of the Contingency Margin to specific commitments.""}, {""source"": ""Decision"", ""relation"": ""appliesTo"", ""target"": ""Publication"", ""description"": ""The decision requires the publication of the decision in the Official Journal of the European Union.""}], ""rights_model"": {""permissions"": [{""action"": ""mobilise_contingency_margin"", ""asset"": ""Contingency_Margin"", ""party"": ""European_Union"", ""constraints"": [{""name"": ""financial_year"", ""value"": ""2016""}]}, {""action"": ""offset_commitment_appropriations"", ""asset"": ""Commitment_Appropriations"", ""party"": ""European_Union"", ""constraints"": [{""name"": ""financial_year"", ""value"": ""2016""}]}], ""duties"": [{""action"": ""publish_in_journal"", ""party"": ""European_Union"", ""constraints"": [{""name"": ""publication_date"", ""value"": ""14 December 2016""}]}]}, ""legal_patterns"": [{""pattern_name"": ""Contingency_Margin_Mobilisation"", ""description"": ""The process of mobilising the Contingency Margin for financial year 2016."", ""entities_involved"": [""European_Union"", ""Contingency_Margin""]}, {""pattern_name"": ""Commitment_Appropriations_Offset"", ""description"": ""The process of offsetting the Contingency Margin to the Administration heading of the multiannual financial framework for financial year 2016."", ""entities_involved"": [""European_Union"", ""Commitment_Appropriations""]}, {""pattern_name"": ""Decision_Publication"", ""description"": ""The process of publishing the decision in the Official Journal of the European Union."", ""entities_involved"": [""European_Union"", ""Publication""]}], ""example_instances"": [{""entity"": ""Decision"", ""example_value"": ""DECISION: Article 1 For the general budget of the Union for the financial year 2016, the Contingency Margin shall be mobilised to provide the amount of EUR 240,1 million in commitment appropriations over and above the commitment ceiling of heading 3 of the multiannual financial framework. Article 2 The amount of EUR 240,1 million in commitment appropriations referred to in Article 1 shall be fully offset against the margin under the commitment ceiling of heading 5 (Administration) of the multiannual financial framework for the financial year 2016. Article 3 This decision shall be published in the Official Journal of the European Union. Done at Strasbourg, 14 December 2016. For the European Parliament The President M. SCHULZ For the Council The President I. KORÃ OK (1) OJ C 373, 20.12.2013, p. 1. (2) Council Regulation (EU, Euratom) No 1311/2013 of 2 December 2013 laying down the multiannual financial framework for the years 2014-2020 (OJ L 347, 20.12.2013, p. 884). (3) Communication from the Commission to the Council and the European Parliament of 22 May 2015 on the technical adjustment of the financial framework for 2016 in line with movements in GNI (COM(2015) 320)."", ""source_context"": ""DECISION: Article 1 For the general budget of the Union for the financial year 2016, the Contingency Margin shall be mobilised to provide the amount of EUR 240,1 million in commitment appropriations over and above the commitment ceiling of heading 3 of the multiannual financial framework. Article 2 The amount of EUR 240,1 million in commitment appropriations referred to in Article 1 shall be fully offset against the margin under the commitment ceiling of heading 5 (Administration) of the multiannual financial framework for the financial year 2016. Article 3 This decision shall be published in the Official Journal of the European Union. Done at Strasbourg, 14 December 2016. For the European Parliament The President M. SCHULZ For the Council The President I. KORÃ OK (1) OJ C 373, 20.12.2013, p. 1. (2) Council Regulation (EU, Euratom) No 1311/2013 of 2 December 2013 laying down the multiannual financial framework for the years 2014-2020 (OJ L 347, 20.12.2013, p. 884). (3) Communication from the Commission to the Council and the European Parliament of 22 May 2015 on the technical adjustment of the financial framework for 2016 in line with movements in GNI (COM(2015) 320).""}]}"
43,32017D0340_0,32017D0340,"{""ontology_name"": ""EU_Solidarity_Fund_Decision_2017"", ""description"": ""Ontology for the EU Solidarity Fund Decision 2017, focusing on the mobilization of the fund for Germany."", ""odrl_alignment"": {""core_entities"": [""Asset"", ""Party"", ""Permission"", ""Duty"", ""Constraint""], ""extensions"": [""LegalInstrument"", ""Regulation""]}, ""classes"": [{""name"": ""SolidarityFund"", ""type"": ""ODRL_core"", ""description"": ""Represents the European Union Solidarity Fund""}, {""name"": ""Germany"", ""type"": ""ODRL_core"", ""description"": ""Represents Germany as a party involved in the decision""}, {""name"": ""Decision"", ""type"": ""ODRL_core"", ""description"": ""Represents the Decision (EU) 2017/340""}], ""relationships"": [{""source"": ""SolidarityFund"", ""relation"": ""appliesTo"", ""target"": ""Germany"", ""description"": ""The Solidarity Fund applies to Germany for the mobilization of funds""}, {""source"": ""Decision"", ""relation"": ""appliesTo"", ""target"": ""SolidarityFund"", ""description"": ""The Decision applies to the Solidarity Fund""}], ""rights_model"": {""permissions"": [{""action"": ""mobilize_fund"", ""asset"": ""SolidarityFund"", ""party"": ""Germany"", ""constraints"": [{""name"": ""effective_date"", ""value"": ""2017-02-28""}]}], ""duties"": [{""action"": ""provide_funds"", ""party"": ""SolidarityFund"", ""constraints"": [{""name"": ""maximum_amount"", ""value"": ""500000000""}]}]}, ""legal_patterns"": [{""pattern_name"": ""Mobilization_of_Solidarity_Fund"", ""description"": ""Pattern for mobilizing the Solidarity Fund for emergency situations"", ""entities_involved"": [""SolidarityFund"", ""Germany""]}], ""example_instances"": [{""entity"": ""SolidarityFund"", ""example_value"": ""Decision (EU) 2017/340"", ""source_context"": ""Article 1 of the Decision""}, {""entity"": ""Germany"", ""example_value"": ""Germany submitted an application to mobilize the Fund"", ""source_context"": ""Article 3 of the Decision""}]}"
43,32017D0340_1,32017D0340,"{""ontology_name"": ""EU_Solidarity_Fund_Decision_Ontology"", ""description"": ""An ontology for the EU Solidarity Fund Decision, including mobilisation of the European Union Solidarity Fund."", ""odrl_alignment"": {""core_entities"": [""Asset"", ""Party"", ""Permission"", ""Duty"", ""Constraint""], ""extensions"": [""LegalInstrument"", ""Regulation""]}, ""classes"": [{""name"": ""Decision"", ""type"": ""ODRL_core"", ""description"": ""A decision made by the European Union, including the mobilisation of the European Union Solidarity Fund.""}, {""name"": ""Asset"", ""type"": ""ODRL_core"", ""description"": ""The European Union Solidarity Fund, which is the subject of the decision.""}, {""name"": ""Party"", ""type"": ""ODRL_core"", ""description"": ""An individual or organization involved in the decision, such as the European Parliament and the Council.""}, {""name"": ""Permission"", ""type"": ""ODRL_core"", ""description"": ""A legal action that is allowed, such as the mobilisation of the Solidarity Fund.""}, {""name"": ""Duty"", ""type"": ""ODRL_core"", ""description"": ""A mandatory obligation, such as the obligation to enter into force on the day of publication.""}, {""name"": ""Constraint"", ""type"": ""ODRL_core"", ""description"": ""A quantitative or qualitative restriction, such as the effective date of the decision.""}], ""relationships"": [{""source"": ""Decision"", ""relation"": ""appliesTo"", ""target"": ""Asset"", ""description"": ""The Decision applies to the Solidarity Fund.""}, {""source"": ""Decision"", ""relation"": ""appliesTo"", ""target"": ""Party"", ""description"": ""The Decision applies to the European Parliament and the Council.""}, {""source"": ""Permission"", ""relation"": ""appliesTo"", ""target"": ""Asset"", ""description"": ""The Permission allows the mobilisation of the Solidarity Fund.""}, {""source"": ""Duty"", ""relation"": ""appliesTo"", ""target"": ""Asset"", ""description"": ""The Duty requires the Decision to enter into force on the day of its publication.""}], ""rights_model"": {""permissions"": [{""action"": ""mobilise_solidarity_fund"", ""asset"": ""Solidarity_Fund"", ""party"": ""European_Parliament"", ""constraints"": [{""name"": ""effective_date"", ""value"": ""14 December 2016""}]}, {""action"": ""mobilise_solidarity_fund"", ""asset"": ""Solidarity_Fund"", ""party"": ""Council"", ""constraints"": [{""name"": ""effective_date"", ""value"": ""14 December 2016""}]}], ""duties"": [{""action"": ""enter_into_force"", ""party"": ""Decision"", ""constraints"": [{""name"": ""effective_date"", ""value"": ""14 December 2016""}]}]}, ""legal_patterns"": [{""pattern_name"": ""Solidarity_Fund_Mobilisation"", ""description"": ""The mobilisation of the Solidarity Fund by the European Parliament and the Council."", ""entities_involved"": [""Solidarity_Fund"", ""European_Parliament"", ""Council""]}, {""pattern_name"": ""Decision_Effective_Date"", ""description"": ""The effective date of the Decision to enter into force."", ""entities_involved"": [""Decision"", ""Effective_Date""]}], ""example_instances"": [{""entity"": ""Solidarity_Fund"", ""example_value"": ""Article 1 For the general budget of the Union for the financial year 2016, the European Union Solidarity Fund shall be mobilised to provide the amount of EUR 31 475 125 to Germany, in commitment and payment appropriations."", ""source_context"": ""EUR-Lex text: n to mobilise the Fund, this Decision should apply from the date of its adoption, HAVE ADOPTED THIS DECISION: Article 1 For the general budget of the Union for the financial year 2016, the European Union Solidarity Fund shall be mobilised to provide the amount of EUR 31 475 125 to Germany, in commitment and payment appropriations.""}, {""entity"": ""Decision"", ""example_value"": ""Article 1 For the general budget of the Union for the financial year 2016, the European Union Solidarity Fund shall be mobilised to provide the amount of EUR 31 475 125 to Germany, in commitment and payment appropriations. Article 2 This Decision shall enter into force on the day of its publication in the Official Journal of the European Union. It shall apply from 14 December 2016. Done at Strasbourg, 14 December 2016. For the European Parliament The President M. SCHULZ For the Council The President I. KORÃ OK (1) OJ L 311, 14.11.2002, p. 3. (2) OJ C 373, 20.12.2013, p. 1. (3) Council Regulation (EU, Euratom) No 1311/2013 of 2 December 2013 laying down the multiannual financial framework for the years 2014-2020 (OJ L 347, 20.12.2013, p. 884)."", ""source_context"": ""EUR-Lex text: n to mobilise the Fund, this Decision should apply from the date of its adoption, HAVE ADOPTED THIS DECISION: Article 1 For the general budget of the Union for the financial year 2016, the European Union Solidarity Fund shall be mobilised to provide the amount of EUR 31 475 125 to Germany, in commitment and payment appropriations. Article 2 This Decision shall enter into force on the day of its publication in the Official Journal of the European Union. It shall apply from 14 December 2016. Done at Strasbourg, 14 December 2016. For the European Parliament The President M. SCHULZ For the Council The President I. KORÃ OK (1) OJ L 311, 14.11.2002, p. 3. (2) OJ C 373, 20.12.2013, p. 1. (3) Council Regulation (EU, Euratom) No 1311/2013 of 2 December 2013 laying down the multiannual financial framework for the years 2014-2020 (OJ L 347, 20.12.2013, p. 884).""}]}"
43,32016D2371_0,32016D2371,"{""ontology_name"": ""EU_Jordan_MFA_Decision_Ontology"", ""description"": ""Ontology for the Decision on further macro-financial assistance to the Hashemite Kingdom of Jordan"", ""odrl_alignment"": {""core_entities"": [""Asset"", ""Party"", ""Permission"", ""Duty"", ""Constraint""], ""extensions"": [""LegalInstrument"", ""Regulation""]}, ""classes"": [{""name"": ""Decision"", ""type"": ""ODRL_core"", ""description"": ""A decision made by the European Parliament and the Council of the European Union""}], ""relationships"": [{""source"": ""Decision"", ""relation"": ""appliesTo"", ""target"": ""Party"", ""description"": ""The Decision applies to the Hashemite Kingdom of Jordan""}], ""rights_model"": {""permissions"": [{""action"": ""provide_further_macro_financial_assistance"", ""asset"": ""Decision"", ""party"": ""Hashemite_Kingdom_of_Jordan"", ""constraints"": [{""name"": ""validity_period"", ""value"": ""2016-2020""}]}], ""duties"": [{""action"": ""implement_political_reforms"", ""party"": ""Hashemite_Kingdom_of_Jordan"", ""constraints"": [{""name"": ""political_reform"", ""value"": ""strengthen_parliamentary_democracy_and_the_rule_of_law""}]}]}, ""legal_patterns"": [{""pattern_name"": ""Political_Reform_Pattern"", ""description"": ""Jordan's implementation of political reforms as a condition for further macro-financial assistance"", ""entities_involved"": [""Hashemite_Kingdom_of_Jordan"", ""European_Union""]}], ""example_instances"": [{""entity"": ""Decision"", ""example_value"": ""DECISION (EU) 2016/2371 OF THE EUROPEAN PARLIAMENT AND OF THE COUNCIL of 14 December 2016 providing further macro-financial assistance to the Hashemite Kingdom of Jordan"", ""source_context"": ""23.12.2016 EN Official Journal of the European Union L 352/18 DECISION (EU) 2016/2371 OF THE EUROPEAN PARLIAMENT AND OF THE COUNCIL of 14 December 2016 providing further macro-financial assistance to the Hashemite Kingdom of Jordan THE EUROPEAN PARLIAMENT AND THE COUNCIL OF THE EUROPEAN UNION, Having regard to the Treaty on the Functioning of the European Union, and in particular Article 212(2) thereof, Having regard to the proposal from the European Commission, After transmission of the draft legislative act to the national parliaments, Acting in accordance with the ordinary legislative procedure (1), Whereas: (1) Relations between the European Union (the Union) and the Hashemite Kingdom of Jordan (Jordan) are developing within the framework of the European Neighbourhood Policy (ENP). Jordan signed an Association Agreement (2) with the Union on 24 November 1997, which came into force on 1 May 2002. Under that agreement, the Union and Jordan gradually established a free trade area over a transitional period of 12 years. In addition, an agreement on further liberalisation of agricultural products (3) entered into force in 2007. In 2010, an Advanced Status partnership was agreed between the EU and Jordan that entails expanded areas of cooperation. A protocol on Dispute Settlement Mechanisms for trade between the EU and Jordan initialled in December 2009 entered into force on 1 July 2011. Bilateral political dialogue and economic cooperation have been further developed within the framework of the Association Agreement and the Single Support Framework adopted for 2014-2017. (2) Since 2011, Jordan has embarked on a number of political reforms to strengthen parliamentary democracy and the rule of law. A Constitutional Court and an Independent Election Commission have been set up and a number of major laws, including the Election Law and the Law on Political Parties as well as laws on decentralisation and municipalities, have been passed by the Jordanian Parliament. (3) The Hashemite Kingdom of Jordan has implemented political reforms as a condition for further macro-financial assistance.""}]}"
43,32016D2371_1,32016D2371,"{""ontology_name"": ""JordanianEconomicContextODRL"", ""description"": ""ODRL-aligned ontology for the economic context of Jordanian laws and policies"", ""odrl_alignment"": {""core_entities"": [""Asset"", ""Party"", ""Permission"", ""Duty"", ""Constraint""], ""extensions"": [""LegalInstrument"", ""Regulation""]}, ""classes"": [{""name"": ""LegalInstrument"", ""type"": ""ODRL_core"", ""description"": ""A legal instrument such as a law, regulation, or directive""}], ""relationships"": [{""source"": ""LegalInstrument"", ""relation"": ""appliesTo"", ""target"": ""Party"", ""description"": ""A legal instrument applies to a party""}], ""rights_model"": {""permissions"": [{""action"": ""calculate_fiscal_consolidation"", ""asset"": ""LegalInstrument"", ""party"": ""JordanianAuthorities"", ""constraints"": [{""name"": ""oil_price_decrease"", ""value"": ""declined""}]}], ""duties"": [{""action"": ""implement_structural_reforms"", ""party"": ""JordanianAuthorities"", ""constraints"": []}]}, ""legal_patterns"": [{""pattern_name"": ""EconomicAdjustmentProgramme"", ""description"": ""A programme agreed upon by the Jordanian authorities and the IMF to address economic and financial challenges"", ""entities_involved"": [""JordanianAuthorities"", ""IMF""]}], ""example_instances"": [{""entity"": ""LegalInstrument"", ""example_value"": ""August 2012 first economic adjustment programme"", ""source_context"": ""In August 2012, Jordanian authorities and the IMF agreed on a first economic adjustment programme, which was supported by a 3-year Stand-By Arrangement (SBA) in the amount of USD 2 000 million.""}]}"
44,32016D2371_2,32016D2371,"{""ontology_name"": ""Jordan_MFA_Assistance_Ontology"", ""description"": ""Ontology for macro-financial assistance provided to Jordan by the Union"", ""odrl_alignment"": {""core_entities"": [""Asset"", ""Party"", ""Permission"", ""Duty"", ""Constraint""], ""extensions"": [""LegalInstrument"", ""Regulation""]}, ""classes"": [{""name"": ""MacroFinancialAssistance"", ""type"": ""ODRL_core"", ""description"": ""Macro-financial assistance provided by the Union to Jordan""}, {""name"": ""PolicyCondition"", ""type"": ""ODRL_core"", ""description"": ""Policy conditions related to macro-financial assistance""}], ""relationships"": [{""source"": ""MacroFinancialAssistance"", ""relation"": ""appliesTo"", ""target"": ""PolicyCondition""}], ""rights_model"": {""permissions"": [{""action"": ""calculate_import_duty"", ""asset"": ""MacroFinancialAssistance"", ""party"": ""Jordan"", ""constraints"": [{""name"": ""effective_until"", ""value"": ""2015-12-31""}]}], ""duties"": [{""action"": ""implement_policy_measures"", ""party"": ""Jordan"", ""constraints"": []}]}, ""legal_patterns"": [{""pattern_name"": ""MacroFinancialAssistance_PolicyCondition"", ""description"": ""Macro-financial assistance with policy conditions"", ""entities_involved"": [""MacroFinancialAssistance"", ""PolicyCondition""]}], ""example_instances"": [{""entity"": ""MacroFinancialAssistance"", ""example_value"": ""Decision providing macro-financial assistance of EUR 180 million in the form of loans was adopted in December 2013 (4) (MFA-I)."", ""source_context"": ""In December 2013, a decision providing macro-financial assistance of EUR 180 million in the form of loans was adopted in December 2013 (4) (MFA-I).""}]}"
44,32016D2371_3,32016D2371,"{""ontology_name"": ""EU_MacroFinancialAssistance_2016"", ""description"": ""Ontology for EU macro-financial assistance to Jordan in 2016"", ""odrl_alignment"": {""core_entities"": [""Asset"", ""Party"", ""Permission"", ""Duty"", ""Constraint""], ""extensions"": [""LegalInstrument"", ""Regulation""]}, ""classes"": [{""name"": ""MacroFinancialAssistance"", ""type"": ""ODRL_core"", ""description"": ""Macro-financial assistance provided by the Union to Jordan""}], ""relationships"": [{""source"": ""MacroFinancialAssistance"", ""relation"": ""appliesTo"", ""target"": ""Jordan"", ""description"": ""Macro-financial assistance applies to Jordan""}], ""rights_model"": {""permissions"": [{""action"": ""provide_macro_financial_assistance"", ""asset"": ""MacroFinancialAssistance"", ""party"": ""Union"", ""constraints"": [{""name"": ""duration"", ""value"": ""3 years""}]}], ""duties"": [{""action"": ""implement_policy_programme"", ""party"": ""Jordan"", ""constraints"": [{""name"": ""balance_of_payments_improvement"", ""value"": ""immediate""}, {""name"": ""structural_reform_measures"", ""value"": ""strong""}]}]}, ""legal_patterns"": [{""pattern_name"": ""MacroFinancialAssistancePattern"", ""description"": ""Macro-financial assistance pattern for Jordan"", ""entities_involved"": [""Union"", ""Jordan""]}], ""example_instances"": [{""entity"": ""MacroFinancialAssistance"", ""example_value"": ""The Union provided EUR 2 390 million in 2016-2017 in financial support for the countries most affected by the refugee crisis, including Jordan."", ""source_context"": ""In particular, this commitment was expressed at the conference Supporting Syria and the Region, held in London on 4 February 2016, where the Union pledged EUR 2 390 million in 2016-2017 in financial support for the countries most affected by the refugee crisis, including Jordan.""}]}"
44,32016D2371_4,32016D2371,"{""ontology_name"": ""JordanMacroFinancialAssistance"", ""description"": ""Coverage of macro-financial assistance to Jordan by the Union"", ""odrl_alignment"": {""core_entities"": [""Asset"", ""Party"", ""Permission"", ""Duty"", ""Constraint""], ""extensions"": [""LegalInstrument"", ""Regulation""]}, ""classes"": [{""name"": ""MacroFinancialAssistance"", ""type"": ""ODRL_core"", ""description"": ""Macro-financial assistance provided by the Union to Jordan""}], ""relationships"": [{""source"": ""MacroFinancialAssistance"", ""relation"": ""appliesTo"", ""target"": ""Jordan"", ""description"": ""Macro-financial assistance applies to Jordan""}], ""rights_model"": {""permissions"": [{""action"": ""provide_macro_financial_assistance"", ""asset"": ""MacroFinancialAssistance"", ""party"": ""Union"", ""constraints"": [{""name"": ""amount_assessment"", ""value"": ""complete_quantitative_assessment_of_Jordan's_residual_external_financing_needs""}, {""name"": ""capacity_to_finance"", ""value"": ""Jordan's_capacity_to_finance_itself_with_its_own_resources""}, {""name"": ""multilateral_donors_contributions"", ""value"": ""expected_financial_contributions_from_multilateral_donors""}, {""name"": ""fair_burden_sharing"", ""value"": ""need_to_ensure_fair_burden_sharing_between_Union_and_other_donors""}, {""name"": ""pre_existing_instruments"", ""value"": ""pre_existing_deployment_of_Union's_other_external_financing_instruments_in_Jordan""}, {""name"": ""added_value"", ""value"": ""added_value_of_Union's_overall_involvement""}]}], ""duties"": [{""action"": ""ensure_macro_financial_assistance_line_with_principles"", ""party"": ""Commission"", ""constraints"": []}]}, ""legal_patterns"": [{""pattern_name"": ""MacroFinancialAssistancePattern"", ""description"": ""Macro-financial assistance pattern"", ""entities_involved"": [""Union"", ""Jordan"", ""IMF"", ""WorldBank"", ""MultilateralDonors""]}], ""example_instances"": [{""entity"": ""MacroFinancialAssistance"", ""example_value"": ""The Union's macro-financial assistance should aim to support the restoration of a sustainable external financing situation for Jordan, thereby supporting its economic and social development."", ""source_context"": ""(15) The Union's macro-financial assistance should aim to support the restoration of a sustainable external financing situation for Jordan, thereby supporting its economic and social development.""}]}"
44,32016D2371_5,32016D2371,"{""ontology_name"": ""EU_MacroFinancialAssistance_Ontology"", ""description"": ""An ontology for EU macro-financial assistance policies and their enforcement mechanisms."", ""odrl_alignment"": {""core_entities"": [""Asset"", ""Party"", ""Permission"", ""Duty"", ""Constraint""], ""extensions"": [""LegalInstrument"", ""Regulation""]}, ""classes"": [{""name"": ""MacroFinancialAssistance"", ""type"": ""ODRL_core"", ""description"": ""A macro-financial assistance provided by the Union to Jordan.""}], ""relationships"": [{""source"": ""MacroFinancialAssistance"", ""relation"": ""appliesTo"", ""target"": ""MacroFinancialAssistance""}], ""rights_model"": {""permissions"": [{""action"": ""use_macro_financial_assistance"", ""asset"": ""MacroFinancialAssistance"", ""party"": ""Jordan"", ""constraints"": [{""name"": ""effective_until"", ""value"": ""1985""}]}], ""duties"": [{""action"": ""monitor_preconditions_and_objectives"", ""party"": ""Jordan"", ""constraints"": []}]}, ""legal_patterns"": [{""pattern_name"": ""MacroFinancialAssistanceMonitoringPattern"", ""description"": ""Monitoring of preconditions and objectives for macro-financial assistance."", ""entities_involved"": [""MacroFinancialAssistance"", ""Jordan""]}], ""example_instances"": [{""entity"": ""MacroFinancialAssistance"", ""example_value"": ""Article 18 of the text"", ""source_context"": ""The Union's macro-financial assistance should support the Union's external policy towards Jordan.""}]}"
44,32016D2371_6,32016D2371,"{""ontology_name"": ""EU_MacroFinancialAssistance_Ontology"", ""description"": ""Ontology for EU Macro-Financial Assistance Decisions"", ""odrl_alignment"": {""core_entities"": [""Asset"", ""Party"", ""Permission"", ""Duty"", ""Constraint""], ""extensions"": [""LegalInstrument"", ""Regulation""]}, ""classes"": [{""name"": ""MacroFinancialAssistanceDecision"", ""type"": ""ODRL_core"", ""description"": ""A decision related to the Union's macro-financial assistance""}], ""relationships"": [{""source"": ""MacroFinancialAssistanceDecision"", ""relation"": ""appliesTo"", ""target"": ""MacroFinancialAssistanceDecision"", ""description"": ""A decision applies to itself for the purpose of self-execution""}], ""rights_model"": {""permissions"": [{""action"": ""carry_out_checks"", ""asset"": ""MacroFinancialAssistanceDecision"", ""party"": ""EuropeanParliament"", ""constraints"": [{""name"": ""threshold"", ""value"": ""above EUR 90 million""}]}, {""action"": ""provide_information"", ""asset"": ""MacroFinancialAssistanceDecision"", ""party"": ""EuropeanParliament"", ""constraints"": [{""name"": ""frequency"", ""value"": ""regularly""}]}, {""action"": ""negotiate_conditions"", ""asset"": ""MacroFinancialAssistanceDecision"", ""party"": ""Commission"", ""constraints"": [{""name"": ""procedure"", ""value"": ""advisory procedure""}]}], ""duties"": [{""action"": ""provide_information"", ""party"": ""EuropeanParliament"", ""constraints"": [{""name"": ""procedure"", ""value"": ""examination procedure""}]}]}, ""legal_patterns"": [{""pattern_name"": ""AuditAndInformationPattern"", ""description"": ""Pattern for audits and information provision related to macro-financial assistance"", ""entities_involved"": [""EuropeanParliament"", ""EuropeanCommission""]}], ""example_instances"": [{""entity"": ""MacroFinancialAssistanceDecision"", ""example_value"": ""Decision (EU) 2012/1444"", ""source_context"": ""Article 22: 'Release of the Union's macro-financial assistance is without prejudice to the powers of the European Parliament and of the Council, as budgetary authority.'""}]}"
45,32016D2371_7,32016D2371,"{""ontology_name"": ""EU_MacroFinancialAssistance_Ontology"", ""description"": ""An ontology for EU macro-financial assistance agreements and their terms and conditions"", ""odrl_alignment"": {""core_entities"": [""Asset"", ""Party"", ""Permission"", ""Duty"", ""Constraint""], ""extensions"": [""LegalInstrument"", ""Regulation""]}, ""classes"": [{""name"": ""MacroFinancialAssistance"", ""type"": ""ODRL_core"", ""description"": ""A macro-financial assistance agreement between the EU and Jordan""}], ""relationships"": [{""source"": ""MacroFinancialAssistance"", ""relation"": ""appliesTo"", ""target"": ""Asset"", ""description"": ""MacroFinancialAssistance applies to the Union's macro-financial assistance""}], ""rights_model"": {""permissions"": [{""action"": ""release_macro_financial_assistance"", ""asset"": ""MacroFinancialAssistance"", ""party"": ""Union"", ""constraints"": [{""name"": ""duration"", ""value"": ""2 years""}]}], ""duties"": [{""action"": ""inform_parliament_and_council"", ""party"": ""Union"", ""constraints"": [{""name"": ""timely_provision"", ""value"": ""in due time""}]}]}, ""legal_patterns"": [{""pattern_name"": ""MacroFinancialAssistance_Release"", ""description"": ""The Union releases the macro-financial assistance in accordance with the agreements and principles set out in the EU-Jordan Association Agreement"", ""entities_involved"": [""MacroFinancialAssistance"", ""Union"", ""IMF"", ""Jordan""]}], ""example_instances"": [{""entity"": ""MacroFinancialAssistance"", ""example_value"": ""Article 1 of the Decision"", ""source_context"": ""The full amount of the Union's macro-financial assistance shall be provided to Jordan in the form of loans.""}]}"
45,32016D2371_8,32016D2371,"{""ontology_name"": ""EU_MacroFinancialAssistance_Ontology"", ""description"": ""An ontology for EU Macro-financial assistance rules and obligations"", ""odrl_alignment"": {""core_entities"": [""Asset"", ""Party"", ""Permission"", ""Duty"", ""Constraint""], ""extensions"": [""LegalInstrument"", ""Regulation""]}, ""classes"": [{""name"": ""MacroFinancialAssistance"", ""type"": ""ODRL_core"", ""description"": ""Macro-financial assistance provided by the EU to Jordan""}], ""relationships"": [{""source"": ""MacroFinancialAssistance"", ""relation"": ""appliesTo"", ""target"": ""Jordan"", ""description"": ""Macro-financial assistance applies to Jordan""}], ""rights_model"": {""permissions"": [{""action"": ""calculate_import_duty"", ""asset"": ""MacroFinancialAssistance"", ""party"": ""Jordan"", ""constraints"": [{""name"": ""effective_until"", ""value"": ""1985""}]}], ""duties"": [{""action"": ""respect_democratic_mechanisms"", ""party"": ""Jordan"", ""constraints"": []}]}, ""legal_patterns"": [{""pattern_name"": ""MacroFinancialAssistanceCondition"", ""description"": ""Macro-financial assistance is conditional on Jordan respecting effective democratic mechanisms"", ""entities_involved"": [""MacroFinancialAssistance"", ""Jordan""]}], ""example_instances"": [{""entity"": ""MacroFinancialAssistance"", ""example_value"": ""Article 2(1) of the text"", ""source_context"": ""Article 2(1) of the text: 'A pre-condition for granting the Union's macro-financial assistance shall be that Jordan respects effective democratic mechanisms, including a multi-party parliamentary system, and the rule of law, and guarantees respect for human rights.'""}]}"
45,32016D2371_9,32016D2371,"{""ontology_name"": ""JordanMacroFinancialAssistance"", ""description"": ""Legal framework for Jordan's macro-financial assistance from the EU"", ""odrl_alignment"": {""core_entities"": [""Asset"", ""Party"", ""Permission"", ""Duty"", ""Constraint""], ""extensions"": [""LegalInstrument"", ""Regulation""]}, ""classes"": [{""name"": ""MacroFinancialAssistance"", ""type"": ""ODRL_core"", ""description"": ""Macro-financial assistance provided by the EU to Jordan""}], ""relationships"": [{""source"": ""MacroFinancialAssistance"", ""relation"": ""appliesTo"", ""target"": ""JordanianAuthorities"", ""description"": ""Macro-financial assistance applies to the Jordanian authorities""}], ""rights_model"": {""permissions"": [{""action"": ""use_macro_financial_assistance"", ""asset"": ""MacroFinancialAssistance"", ""party"": ""JordanianAuthorities"", ""constraints"": [{""name"": ""satisfactory_track_record"", ""value"": ""continuous satisfactory track record of implementing a policy programme""}, {""name"": ""IMF_credit_arrangement"", ""value"": ""non-precautionary IMF credit arrangement""}, {""name"": ""economic_policy_conditions"", ""value"": ""economic policy and financial conditions agreed in the Memo""}]}], ""duties"": [{""action"": ""verify_conditions"", ""party"": ""Commission"", ""constraints"": [{""name"": ""economic_policies_alignment"", ""value"": ""economic policies of Jordan are in accordance with the objectives of the Union's macro-financial assistance""}]}]}, ""legal_patterns"": [{""pattern_name"": ""MacroFinancialAssistanceConditions"", ""description"": ""Conditions for the release of macro-financial assistance instalments"", ""entities_involved"": [""MacroFinancialAssistance"", ""JordanianAuthorities"", ""Commission""]}], ""example_instances"": [{""entity"": ""MacroFinancialAssistance"", ""example_value"": ""The Union's macro-financial assistance shall be made available by the Commission in two loan instalments."", ""source_context"": ""Article 3""}, {""entity"": ""MacroFinancialAssistance"", ""example_value"": ""The amounts of the Union's macro-financial assistance shall give rise to provisioning of the Guarantee Fund for external actions, where required, in accordance with Council Regulation (EC, Euratom) No 480/2009 (7)."", ""source_context"": ""Article 2""}]}"
45,32016D2371_10,32016D2371,"{""ontology_name"": ""MacroFinancialAssistanceOntology"", ""description"": ""An ontology for Macro Financial Assistance agreements and related obligations"", ""odrl_alignment"": {""core_entities"": [""Asset"", ""Party"", ""Permission"", ""Duty"", ""Constraint""], ""extensions"": [""LegalInstrument"", ""Regulation""]}, ""classes"": [{""name"": ""MacroFinancialAssistance"", ""type"": ""ODRL_core"", ""description"": ""Macro Financial Assistance agreement""}], ""relationships"": [{""source"": ""MacroFinancialAssistance"", ""relation"": ""appliesTo"", ""target"": ""CentralBankOfJordan"", ""description"": ""Macro Financial Assistance is applied to the Central Bank of Jordan""}, {""source"": ""MacroFinancialAssistance"", ""relation"": ""appliesTo"", ""target"": ""JordanianMinistryOfFinance"", ""description"": ""Macro Financial Assistance is applied to the Jordanian Ministry of Finance""}], ""rights_model"": {""permissions"": [{""action"": ""calculate_import_duty"", ""asset"": ""CentralBankOfJordan"", ""party"": ""Jordan"", ""constraints"": [{""name"": ""effective_until"", ""value"": ""1985""}]}, {""action"": ""refinance_initial_borrowings"", ""party"": ""Jordan"", ""constraints"": [{""name"": ""interest_rate_improvement"", ""value"": ""yes""}]}], ""duties"": [{""action"": ""inform_parliament_and_council"", ""party"": ""Commission"", ""constraints"": []}]}, ""legal_patterns"": [{""pattern_name"": ""MacroFinancialAssistanceConditions"", ""description"": ""Conditions for the release of the second instalment of the Macro Financial Assistance"", ""entities_involved"": [""MacroFinancialAssistance"", ""CentralBankOfJordan"", ""JordanianMinistryOfFinance""]}], ""example_instances"": [{""entity"": ""MacroFinancialAssistance"", ""example_value"": ""Article 5"", ""source_context"": ""Article 5: The borrowing and lending operations related to the Union's macro-financial assistance shall be carried out in euro using the same value date and shall not involve the Union in the transformation of maturities, or expose it to any exchange or interest rate risk, or to any other commercial risk.""}]}"
45,32016D2371_11,32016D2371,"{""ontology_name"": ""EU_MacroFinancialAssistance_Ontology"", ""description"": ""An ontology for EU Macro-Financial Assistance Decisions and related obligations"", ""odrl_alignment"": {""core_entities"": [""Asset"", ""Party"", ""Permission"", ""Duty"", ""Constraint""], ""extensions"": [""LegalInstrument"", ""Regulation""]}, ""classes"": [{""name"": ""MacroFinancialAssistance"", ""type"": ""ODRL_core"", ""description"": ""A Macro-Financial Assistance Decision made by the Union""}], ""relationships"": [{""source"": ""MacroFinancialAssistance"", ""relation"": ""appliesTo"", ""target"": ""MacroFinancialAssistance""}], ""rights_model"": {""permissions"": [{""action"": ""calculate_import_duty"", ""asset"": ""MacroFinancialAssistance"", ""party"": ""Jordan"", ""constraints"": [{""name"": ""maturity_extension"", ""value"": ""false""}, {""name"": ""amount_increase"", ""value"": ""false""}]}], ""duties"": [{""action"": ""inform_parliament_and_council"", ""party"": ""European_Commission"", ""constraints"": []}]}, ""legal_patterns"": [{""pattern_name"": ""FinancialConditionModification"", ""description"": ""Modification of financial conditions related to borrowing and lending operations"", ""entities_involved"": [""Union"", ""Jordan""]}, {""pattern_name"": ""CostBearing"", ""description"": ""Union bears all costs related to borrowing and lending operations"", ""entities_involved"": [""Union"", ""Jordan""]}, {""pattern_name"": ""ImplementationRegulation"", ""description"": ""Implementation of Union's macro-financial assistance in accordance with specific regulations"", ""entities_involved"": [""Union"", ""EU""]}, {""pattern_name"": ""MacroFinancialAssistanceImplementation"", ""description"": ""Implementation of macro-financial assistance with specific provisions"", ""entities_involved"": [""Union"", ""Jordan"", ""European_Commission""]}], ""example_instances"": [{""entity"": ""MacroFinancialAssistance"", ""example_value"": ""Article 2 of the Decision"", ""source_context"": ""The Union's macro-financial assistance shall be implemented in accordance with Regulation (EU, Euratom) No 966/2012 of the European Parliament and of the Council (8) and Commission Delegated Regulation (EU) No 1268/2012 (9).""}]}"
